2025-11-13 13:11:03 - root - INFO - Logging configuration loaded successfully
2025-11-13 13:11:03 - uvicorn.error - INFO - Started server process [1]
2025-11-13 13:11:03 - uvicorn.error - INFO - Waiting for application startup.
2025-11-13 13:11:03 - uvicorn.error - INFO - Application startup complete.
2025-11-13 13:11:03 - uvicorn.error - INFO - Uvicorn running on http://0.0.0.0:8000 (Press CTRL+C to quit)
2025-11-13 13:13:57 - uvicorn.access - INFO - 172.19.0.1:44580 - "GET / HTTP/1.1" 404
2025-11-13 13:13:57 - uvicorn.access - INFO - 172.19.0.1:44580 - "GET /favicon.ico HTTP/1.1" 404
2025-11-13 13:14:33 - uvicorn.access - INFO - 172.19.0.1:44590 - "GET /docs HTTP/1.1" 200
2025-11-13 13:14:35 - uvicorn.access - INFO - 172.19.0.1:44590 - "GET /openapi.json HTTP/1.1" 200
2025-11-13 20:00:40 - root - INFO - Logging configuration loaded successfully
2025-11-13 20:00:40 - uvicorn.error - INFO - Started server process [1]
2025-11-13 20:00:40 - uvicorn.error - INFO - Waiting for application startup.
2025-11-13 20:00:40 - uvicorn.error - INFO - Application startup complete.
2025-11-13 20:00:40 - uvicorn.error - INFO - Uvicorn running on http://0.0.0.0:8000 (Press CTRL+C to quit)
2025-11-13 20:39:58 - root - INFO - Logging configuration loaded successfully
2025-11-13 20:39:58 - uvicorn.error - INFO - Started server process [1]
2025-11-13 20:39:58 - uvicorn.error - INFO - Waiting for application startup.
2025-11-13 20:39:58 - uvicorn.error - INFO - Application startup complete.
2025-11-13 20:39:58 - uvicorn.error - INFO - Uvicorn running on http://0.0.0.0:8000 (Press CTRL+C to quit)
2025-11-13 20:57:52 - uvicorn.error - INFO - Shutting down
2025-11-13 20:57:52 - uvicorn.error - INFO - Waiting for application shutdown.
2025-11-13 20:57:52 - uvicorn.error - INFO - Application shutdown complete.
2025-11-13 20:57:52 - uvicorn.error - INFO - Finished server process [1]
2025-11-13 20:59:15 - root - INFO - Logging configuration loaded successfully
2025-11-13 20:59:15 - uvicorn.error - INFO - Started server process [1]
2025-11-13 20:59:15 - uvicorn.error - INFO - Waiting for application startup.
2025-11-13 20:59:15 - uvicorn.error - INFO - Application startup complete.
2025-11-13 20:59:15 - uvicorn.error - INFO - Uvicorn running on http://0.0.0.0:8000 (Press CTRL+C to quit)
2025-11-13 21:06:19 - uvicorn.access - INFO - 172.19.0.1:43436 - "GET / HTTP/1.1" 404
2025-11-13 21:06:19 - uvicorn.access - INFO - 172.19.0.1:43444 - "GET /favicon.ico HTTP/1.1" 404
2025-11-13 21:06:26 - uvicorn.access - INFO - 172.19.0.1:43450 - "GET /docs HTTP/1.1" 200
2025-11-13 21:06:28 - uvicorn.access - INFO - 172.19.0.1:43450 - "GET /openapi.json HTTP/1.1" 200
2025-11-14 09:11:45 - root - INFO - Logging configuration loaded successfully
2025-11-14 09:11:45 - uvicorn.error - INFO - Started server process [1]
2025-11-14 09:11:45 - uvicorn.error - INFO - Waiting for application startup.
2025-11-14 09:11:45 - uvicorn.error - INFO - Application startup complete.
2025-11-14 09:11:45 - uvicorn.error - INFO - Uvicorn running on http://0.0.0.0:8000 (Press CTRL+C to quit)
2025-11-14 16:56:44 - uvicorn.error - INFO - Shutting down
2025-11-14 16:56:44 - uvicorn.error - INFO - Waiting for application shutdown.
2025-11-14 16:56:44 - uvicorn.error - INFO - Application shutdown complete.
2025-11-14 16:56:44 - uvicorn.error - INFO - Finished server process [1]
2025-11-14 17:03:51 - root - INFO - Logging configuration loaded successfully
2025-11-14 17:03:51 - uvicorn.error - INFO - Started server process [1]
2025-11-14 17:03:51 - uvicorn.error - INFO - Waiting for application startup.
2025-11-14 17:03:51 - uvicorn.error - INFO - Application startup complete.
2025-11-14 17:03:51 - uvicorn.error - INFO - Uvicorn running on http://0.0.0.0:8000 (Press CTRL+C to quit)
2025-11-14 17:04:15 - uvicorn.access - INFO - 172.19.0.1:59688 - "GET / HTTP/1.1" 404
2025-11-14 17:04:15 - uvicorn.access - INFO - 172.19.0.1:59688 - "GET /favicon.ico HTTP/1.1" 404
2025-11-14 17:04:23 - uvicorn.access - INFO - 172.19.0.1:43432 - "GET /docs HTTP/1.1" 200
2025-11-14 17:04:25 - uvicorn.access - INFO - 172.19.0.1:43432 - "GET /openapi.json HTTP/1.1" 200
2025-11-14 17:04:48 - uvicorn.access - INFO - 172.19.0.1:43438 - "GET /adverts/ HTTP/1.1" 200
2025-11-14 17:06:03 - uvicorn.access - INFO - 172.19.0.1:52320 - "GET /adverts HTTP/1.1" 307
2025-11-14 17:06:03 - uvicorn.access - INFO - 172.19.0.1:52320 - "GET /adverts/ HTTP/1.1" 200
2025-11-14 17:06:24 - uvicorn.error - INFO - Shutting down
2025-11-14 17:06:24 - uvicorn.error - INFO - Waiting for application shutdown.
2025-11-14 17:06:24 - uvicorn.error - INFO - Application shutdown complete.
2025-11-14 17:06:24 - uvicorn.error - INFO - Finished server process [1]
2025-11-14 17:12:16 - root - INFO - Logging configuration loaded successfully
2025-11-14 17:12:16 - uvicorn.error - INFO - Started server process [1]
2025-11-14 17:12:16 - uvicorn.error - INFO - Waiting for application startup.
2025-11-14 17:12:16 - uvicorn.error - INFO - Application startup complete.
2025-11-14 17:12:16 - uvicorn.error - INFO - Uvicorn running on http://0.0.0.0:8000 (Press CTRL+C to quit)
2025-11-14 17:12:32 - uvicorn.access - INFO - 172.20.0.1:49172 - "GET /adverts/ HTTP/1.1" 200
2025-11-14 17:12:34 - uvicorn.access - INFO - 172.20.0.1:49172 - "GET /adverts/ HTTP/1.1" 200
2025-11-14 17:12:36 - uvicorn.access - INFO - 172.20.0.1:49172 - "GET /adverts/ HTTP/1.1" 200
2025-11-14 17:12:59 - uvicorn.error - INFO - Shutting down
2025-11-14 17:13:00 - uvicorn.error - INFO - Waiting for application shutdown.
2025-11-14 17:13:00 - uvicorn.error - INFO - Application shutdown complete.
2025-11-14 17:13:00 - uvicorn.error - INFO - Finished server process [1]
2025-11-14 17:15:28 - root - INFO - Logging configuration loaded successfully
2025-11-14 17:15:28 - uvicorn.error - INFO - Started server process [1]
2025-11-14 17:15:28 - uvicorn.error - INFO - Waiting for application startup.
2025-11-14 17:15:28 - uvicorn.error - INFO - Application startup complete.
2025-11-14 17:15:28 - uvicorn.error - INFO - Uvicorn running on http://0.0.0.0:8000 (Press CTRL+C to quit)
2025-11-14 17:15:55 - uvicorn.access - INFO - 172.21.0.1:53400 - "GET /adverts/ HTTP/1.1" 200
2025-11-14 17:16:28 - uvicorn.access - INFO - 172.21.0.1:53410 - "GET /adverts/ HTTP/1.1" 200
2025-11-14 17:16:37 - uvicorn.access - INFO - 172.21.0.1:41858 - "GET /docs HTTP/1.1" 200
2025-11-14 17:16:40 - uvicorn.access - INFO - 172.21.0.1:41858 - "GET /openapi.json HTTP/1.1" 200
2025-11-14 17:17:19 - uvicorn.error - INFO - Shutting down
2025-11-14 17:17:19 - uvicorn.error - INFO - Waiting for application shutdown.
2025-11-14 17:17:19 - uvicorn.error - INFO - Application shutdown complete.
2025-11-14 17:17:19 - uvicorn.error - INFO - Finished server process [1]
2025-11-14 17:34:45 - root - INFO - Logging configuration loaded successfully
2025-11-14 17:34:45 - uvicorn.error - INFO - Started server process [1]
2025-11-14 17:34:45 - uvicorn.error - INFO - Waiting for application startup.
2025-11-14 17:34:45 - uvicorn.error - INFO - Application startup complete.
2025-11-14 17:34:45 - uvicorn.error - INFO - Uvicorn running on http://0.0.0.0:8000 (Press CTRL+C to quit)
2025-11-14 17:35:30 - uvicorn.access - INFO - 172.22.0.1:37692 - "GET /adverts/ HTTP/1.1" 200
2025-11-14 17:36:23 - uvicorn.error - INFO - Shutting down
2025-11-14 17:36:23 - uvicorn.error - INFO - Waiting for application shutdown.
2025-11-14 17:36:23 - uvicorn.error - INFO - Application shutdown complete.
2025-11-14 17:36:23 - uvicorn.error - INFO - Finished server process [1]
2025-11-14 17:38:16 - root - INFO - Logging configuration loaded successfully
2025-11-14 17:38:16 - uvicorn.error - INFO - Started server process [1]
2025-11-14 17:38:16 - uvicorn.error - INFO - Waiting for application startup.
2025-11-14 17:38:16 - uvicorn.error - INFO - Application startup complete.
2025-11-14 17:38:16 - uvicorn.error - INFO - Uvicorn running on http://0.0.0.0:8000 (Press CTRL+C to quit)
2025-11-14 17:38:30 - uvicorn.access - INFO - 172.23.0.1:54102 - "GET /adverts/ HTTP/1.1" 404
2025-11-14 17:38:32 - uvicorn.access - INFO - 172.23.0.1:54102 - "GET /adverts/ HTTP/1.1" 404
2025-11-14 17:38:39 - uvicorn.access - INFO - 172.23.0.1:54108 - "GET /docs HTTP/1.1" 200
2025-11-14 17:38:42 - uvicorn.access - INFO - 172.23.0.1:54108 - "GET /openapi.json HTTP/1.1" 200
2025-11-14 17:38:53 - uvicorn.access - INFO - 172.23.0.1:59966 - "GET /api/v1/adverts/ HTTP/1.1" 200
2025-11-14 17:44:43 - uvicorn.error - INFO - Shutting down
2025-11-14 17:44:43 - uvicorn.error - INFO - Waiting for application shutdown.
2025-11-14 17:44:43 - uvicorn.error - INFO - Application shutdown complete.
2025-11-14 17:44:44 - uvicorn.error - INFO - Finished server process [1]
2025-11-14 17:50:06 - root - INFO - Logging configuration loaded successfully
2025-11-14 17:50:06 - uvicorn.error - INFO - Started server process [1]
2025-11-14 17:50:06 - uvicorn.error - INFO - Waiting for application startup.
2025-11-14 17:50:06 - uvicorn.error - INFO - Application startup complete.
2025-11-14 17:50:06 - uvicorn.error - INFO - Uvicorn running on http://0.0.0.0:8000 (Press CTRL+C to quit)
2025-11-14 18:25:22 - uvicorn.error - ERROR - Exception in ASGI application
  + Exception Group Traceback (most recent call last):
  |   File "/root/.cache/pypoetry/virtualenvs/src-il7asoJj-py3.13/lib/python3.13/site-packages/starlette/_utils.py", line 77, in collapse_excgroups
  |     yield
  |   File "/root/.cache/pypoetry/virtualenvs/src-il7asoJj-py3.13/lib/python3.13/site-packages/starlette/middleware/base.py", line 183, in __call__
  |     async with anyio.create_task_group() as task_group:
  |                ~~~~~~~~~~~~~~~~~~~~~~~^^
  |   File "/root/.cache/pypoetry/virtualenvs/src-il7asoJj-py3.13/lib/python3.13/site-packages/anyio/_backends/_asyncio.py", line 772, in __aexit__
  |     raise BaseExceptionGroup(
  |         "unhandled errors in a TaskGroup", self._exceptions
  |     ) from None
  | ExceptionGroup: unhandled errors in a TaskGroup (1 sub-exception)
  +-+---------------- 1 ----------------
    | Traceback (most recent call last):
    |   File "/root/.cache/pypoetry/virtualenvs/src-il7asoJj-py3.13/lib/python3.13/site-packages/uvicorn/protocols/http/h11_impl.py", line 403, in run_asgi
    |     result = await app(  # type: ignore[func-returns-value]
    |              ^^^^^^^^^^^^^^^^^^^^^^^^^^^^^^^^^^^^^^^^^^^^^^
    |         self.scope, self.receive, self.send
    |         ^^^^^^^^^^^^^^^^^^^^^^^^^^^^^^^^^^^
    |     )
    |     ^
    |   File "/root/.cache/pypoetry/virtualenvs/src-il7asoJj-py3.13/lib/python3.13/site-packages/uvicorn/middleware/proxy_headers.py", line 60, in __call__
    |     return await self.app(scope, receive, send)
    |            ^^^^^^^^^^^^^^^^^^^^^^^^^^^^^^^^^^^^
    |   File "/root/.cache/pypoetry/virtualenvs/src-il7asoJj-py3.13/lib/python3.13/site-packages/fastapi/applications.py", line 1054, in __call__
    |     await super().__call__(scope, receive, send)
    |   File "/root/.cache/pypoetry/virtualenvs/src-il7asoJj-py3.13/lib/python3.13/site-packages/starlette/applications.py", line 113, in __call__
    |     await self.middleware_stack(scope, receive, send)
    |   File "/root/.cache/pypoetry/virtualenvs/src-il7asoJj-py3.13/lib/python3.13/site-packages/starlette/middleware/errors.py", line 176, in __call__
    |     response = await self.handler(request, exc)
    |                ^^^^^^^^^^^^^^^^^^^^^^^^^^^^^^^^
    |   File "/main.py", line 109, in general_database_exception_handler
    |     raise exc
    |   File "/root/.cache/pypoetry/virtualenvs/src-il7asoJj-py3.13/lib/python3.13/site-packages/starlette/middleware/errors.py", line 164, in __call__
    |     await self.app(scope, receive, _send)
    |   File "/root/.cache/pypoetry/virtualenvs/src-il7asoJj-py3.13/lib/python3.13/site-packages/starlette/middleware/base.py", line 182, in __call__
    |     with recv_stream, send_stream, collapse_excgroups():
    |                                    ~~~~~~~~~~~~~~~~~~^^
    |   File "/usr/local/lib/python3.13/contextlib.py", line 162, in __exit__
    |     self.gen.throw(value)
    |     ~~~~~~~~~~~~~~^^^^^^^
    |   File "/root/.cache/pypoetry/virtualenvs/src-il7asoJj-py3.13/lib/python3.13/site-packages/starlette/_utils.py", line 83, in collapse_excgroups
    |     raise exc
    |   File "/root/.cache/pypoetry/virtualenvs/src-il7asoJj-py3.13/lib/python3.13/site-packages/starlette/middleware/base.py", line 184, in __call__
    |     response = await self.dispatch_func(request, call_next)
    |                ^^^^^^^^^^^^^^^^^^^^^^^^^^^^^^^^^^^^^^^^^^^^
    |   File "/main.py", line 127, in add_user_to_request
    |     response = await call_next(request)
    |                ^^^^^^^^^^^^^^^^^^^^^^^^
    |   File "/root/.cache/pypoetry/virtualenvs/src-il7asoJj-py3.13/lib/python3.13/site-packages/starlette/middleware/base.py", line 159, in call_next
    |     raise app_exc
    |   File "/root/.cache/pypoetry/virtualenvs/src-il7asoJj-py3.13/lib/python3.13/site-packages/starlette/middleware/base.py", line 144, in coro
    |     await self.app(scope, receive_or_disconnect, send_no_error)
    |   File "/root/.cache/pypoetry/virtualenvs/src-il7asoJj-py3.13/lib/python3.13/site-packages/starlette/middleware/exceptions.py", line 63, in __call__
    |     await wrap_app_handling_exceptions(self.app, conn)(scope, receive, send)
    |   File "/root/.cache/pypoetry/virtualenvs/src-il7asoJj-py3.13/lib/python3.13/site-packages/starlette/_exception_handler.py", line 53, in wrapped_app
    |     raise exc
    |   File "/root/.cache/pypoetry/virtualenvs/src-il7asoJj-py3.13/lib/python3.13/site-packages/starlette/_exception_handler.py", line 42, in wrapped_app
    |     await app(scope, receive, sender)
    |   File "/root/.cache/pypoetry/virtualenvs/src-il7asoJj-py3.13/lib/python3.13/site-packages/starlette/routing.py", line 716, in __call__
    |     await self.middleware_stack(scope, receive, send)
    |   File "/root/.cache/pypoetry/virtualenvs/src-il7asoJj-py3.13/lib/python3.13/site-packages/starlette/routing.py", line 736, in app
    |     await route.handle(scope, receive, send)
    |   File "/root/.cache/pypoetry/virtualenvs/src-il7asoJj-py3.13/lib/python3.13/site-packages/starlette/routing.py", line 290, in handle
    |     await self.app(scope, receive, send)
    |   File "/root/.cache/pypoetry/virtualenvs/src-il7asoJj-py3.13/lib/python3.13/site-packages/starlette/routing.py", line 78, in app
    |     await wrap_app_handling_exceptions(app, request)(scope, receive, send)
    |   File "/root/.cache/pypoetry/virtualenvs/src-il7asoJj-py3.13/lib/python3.13/site-packages/starlette/_exception_handler.py", line 53, in wrapped_app
    |     raise exc
    |   File "/root/.cache/pypoetry/virtualenvs/src-il7asoJj-py3.13/lib/python3.13/site-packages/starlette/_exception_handler.py", line 42, in wrapped_app
    |     await app(scope, receive, sender)
    |   File "/root/.cache/pypoetry/virtualenvs/src-il7asoJj-py3.13/lib/python3.13/site-packages/starlette/routing.py", line 75, in app
    |     response = await f(request)
    |                ^^^^^^^^^^^^^^^^
    |   File "/root/.cache/pypoetry/virtualenvs/src-il7asoJj-py3.13/lib/python3.13/site-packages/fastapi/routing.py", line 291, in app
    |     async with AsyncExitStack() as async_exit_stack:
    |                ~~~~~~~~~~~~~~^^
    |   File "/usr/local/lib/python3.13/contextlib.py", line 768, in __aexit__
    |     raise exc
    |   File "/usr/local/lib/python3.13/contextlib.py", line 751, in __aexit__
    |     cb_suppress = await cb(*exc_details)
    |                   ^^^^^^^^^^^^^^^^^^^^^^
    |   File "/usr/local/lib/python3.13/contextlib.py", line 235, in __aexit__
    |     await self.gen.athrow(value)
    |   File "/service_locator.py", line 221, in get_locator
    |     await session.close()  # но close() все равно нужно await
    |     ^^^^^^^^^^^^^^^^^^^^^
    | TypeError: object NoneType can't be used in 'await' expression
    +------------------------------------

During handling of the above exception, another exception occurred:

Traceback (most recent call last):
  File "/root/.cache/pypoetry/virtualenvs/src-il7asoJj-py3.13/lib/python3.13/site-packages/uvicorn/protocols/http/h11_impl.py", line 403, in run_asgi
    result = await app(  # type: ignore[func-returns-value]
             ^^^^^^^^^^^^^^^^^^^^^^^^^^^^^^^^^^^^^^^^^^^^^^
        self.scope, self.receive, self.send
        ^^^^^^^^^^^^^^^^^^^^^^^^^^^^^^^^^^^
    )
    ^
  File "/root/.cache/pypoetry/virtualenvs/src-il7asoJj-py3.13/lib/python3.13/site-packages/uvicorn/middleware/proxy_headers.py", line 60, in __call__
    return await self.app(scope, receive, send)
           ^^^^^^^^^^^^^^^^^^^^^^^^^^^^^^^^^^^^
  File "/root/.cache/pypoetry/virtualenvs/src-il7asoJj-py3.13/lib/python3.13/site-packages/fastapi/applications.py", line 1054, in __call__
    await super().__call__(scope, receive, send)
  File "/root/.cache/pypoetry/virtualenvs/src-il7asoJj-py3.13/lib/python3.13/site-packages/starlette/applications.py", line 113, in __call__
    await self.middleware_stack(scope, receive, send)
  File "/root/.cache/pypoetry/virtualenvs/src-il7asoJj-py3.13/lib/python3.13/site-packages/starlette/middleware/errors.py", line 176, in __call__
    response = await self.handler(request, exc)
               ^^^^^^^^^^^^^^^^^^^^^^^^^^^^^^^^
  File "/main.py", line 109, in general_database_exception_handler
    raise exc
  File "/root/.cache/pypoetry/virtualenvs/src-il7asoJj-py3.13/lib/python3.13/site-packages/starlette/middleware/errors.py", line 164, in __call__
    await self.app(scope, receive, _send)
  File "/root/.cache/pypoetry/virtualenvs/src-il7asoJj-py3.13/lib/python3.13/site-packages/starlette/middleware/base.py", line 182, in __call__
    with recv_stream, send_stream, collapse_excgroups():
                                   ~~~~~~~~~~~~~~~~~~^^
  File "/usr/local/lib/python3.13/contextlib.py", line 162, in __exit__
    self.gen.throw(value)
    ~~~~~~~~~~~~~~^^^^^^^
  File "/root/.cache/pypoetry/virtualenvs/src-il7asoJj-py3.13/lib/python3.13/site-packages/starlette/_utils.py", line 83, in collapse_excgroups
    raise exc
  File "/root/.cache/pypoetry/virtualenvs/src-il7asoJj-py3.13/lib/python3.13/site-packages/starlette/middleware/base.py", line 184, in __call__
    response = await self.dispatch_func(request, call_next)
               ^^^^^^^^^^^^^^^^^^^^^^^^^^^^^^^^^^^^^^^^^^^^
  File "/main.py", line 127, in add_user_to_request
    response = await call_next(request)
               ^^^^^^^^^^^^^^^^^^^^^^^^
  File "/root/.cache/pypoetry/virtualenvs/src-il7asoJj-py3.13/lib/python3.13/site-packages/starlette/middleware/base.py", line 159, in call_next
    raise app_exc
  File "/root/.cache/pypoetry/virtualenvs/src-il7asoJj-py3.13/lib/python3.13/site-packages/starlette/middleware/base.py", line 144, in coro
    await self.app(scope, receive_or_disconnect, send_no_error)
  File "/root/.cache/pypoetry/virtualenvs/src-il7asoJj-py3.13/lib/python3.13/site-packages/starlette/middleware/exceptions.py", line 63, in __call__
    await wrap_app_handling_exceptions(self.app, conn)(scope, receive, send)
  File "/root/.cache/pypoetry/virtualenvs/src-il7asoJj-py3.13/lib/python3.13/site-packages/starlette/_exception_handler.py", line 53, in wrapped_app
    raise exc
  File "/root/.cache/pypoetry/virtualenvs/src-il7asoJj-py3.13/lib/python3.13/site-packages/starlette/_exception_handler.py", line 42, in wrapped_app
    await app(scope, receive, sender)
  File "/root/.cache/pypoetry/virtualenvs/src-il7asoJj-py3.13/lib/python3.13/site-packages/starlette/routing.py", line 716, in __call__
    await self.middleware_stack(scope, receive, send)
  File "/root/.cache/pypoetry/virtualenvs/src-il7asoJj-py3.13/lib/python3.13/site-packages/starlette/routing.py", line 736, in app
    await route.handle(scope, receive, send)
  File "/root/.cache/pypoetry/virtualenvs/src-il7asoJj-py3.13/lib/python3.13/site-packages/starlette/routing.py", line 290, in handle
    await self.app(scope, receive, send)
  File "/root/.cache/pypoetry/virtualenvs/src-il7asoJj-py3.13/lib/python3.13/site-packages/starlette/routing.py", line 78, in app
    await wrap_app_handling_exceptions(app, request)(scope, receive, send)
  File "/root/.cache/pypoetry/virtualenvs/src-il7asoJj-py3.13/lib/python3.13/site-packages/starlette/_exception_handler.py", line 53, in wrapped_app
    raise exc
  File "/root/.cache/pypoetry/virtualenvs/src-il7asoJj-py3.13/lib/python3.13/site-packages/starlette/_exception_handler.py", line 42, in wrapped_app
    await app(scope, receive, sender)
  File "/root/.cache/pypoetry/virtualenvs/src-il7asoJj-py3.13/lib/python3.13/site-packages/starlette/routing.py", line 75, in app
    response = await f(request)
               ^^^^^^^^^^^^^^^^
  File "/root/.cache/pypoetry/virtualenvs/src-il7asoJj-py3.13/lib/python3.13/site-packages/fastapi/routing.py", line 291, in app
    async with AsyncExitStack() as async_exit_stack:
               ~~~~~~~~~~~~~~^^
  File "/usr/local/lib/python3.13/contextlib.py", line 768, in __aexit__
    raise exc
  File "/usr/local/lib/python3.13/contextlib.py", line 751, in __aexit__
    cb_suppress = await cb(*exc_details)
                  ^^^^^^^^^^^^^^^^^^^^^^
  File "/usr/local/lib/python3.13/contextlib.py", line 235, in __aexit__
    await self.gen.athrow(value)
  File "/service_locator.py", line 221, in get_locator
    await session.close()  # но close() все равно нужно await
    ^^^^^^^^^^^^^^^^^^^^^
TypeError: object NoneType can't be used in 'await' expression
2025-11-14 18:25:22 - uvicorn.access - INFO - 172.23.0.1:34036 - "GET /api/v1/adverts/ HTTP/1.1" 500
2025-11-14 18:32:56 - uvicorn.error - INFO - Shutting down
2025-11-14 18:32:56 - uvicorn.error - INFO - Waiting for application shutdown.
2025-11-14 18:32:56 - uvicorn.error - INFO - Application shutdown complete.
2025-11-14 18:32:56 - uvicorn.error - INFO - Finished server process [1]
2025-11-14 18:34:14 - root - INFO - Logging configuration loaded successfully
2025-11-14 18:34:14 - uvicorn.error - INFO - Started server process [1]
2025-11-14 18:34:14 - uvicorn.error - INFO - Waiting for application startup.
2025-11-14 18:34:14 - uvicorn.error - INFO - Application startup complete.
2025-11-14 18:34:14 - uvicorn.error - INFO - Uvicorn running on http://0.0.0.0:8000 (Press CTRL+C to quit)
2025-11-14 18:36:56 - uvicorn.access - INFO - 172.24.0.1:32868 - "GET /docs HTTP/1.1" 200
2025-11-14 18:36:58 - uvicorn.access - INFO - 172.24.0.1:32868 - "GET /openapi.json HTTP/1.1" 200
2025-11-14 18:37:09 - uvicorn.access - INFO - 172.24.0.1:32870 - "GET /api/v1/adverts/ HTTP/1.1" 200
2025-11-14 19:53:20 - uvicorn.error - INFO - Shutting down
2025-11-14 19:53:20 - uvicorn.error - INFO - Waiting for application shutdown.
2025-11-14 19:53:21 - uvicorn.error - INFO - Application shutdown complete.
2025-11-14 19:53:21 - uvicorn.error - INFO - Finished server process [1]
2025-11-14 19:56:28 - root - INFO - Logging configuration loaded successfully
2025-11-14 19:56:28 - uvicorn.error - INFO - Started server process [1]
2025-11-14 19:56:28 - uvicorn.error - INFO - Waiting for application startup.
2025-11-14 19:56:28 - uvicorn.error - INFO - Application startup complete.
2025-11-14 19:56:28 - uvicorn.error - INFO - Uvicorn running on http://0.0.0.0:8000 (Press CTRL+C to quit)
2025-11-14 19:56:49 - uvicorn.access - INFO - 172.25.0.1:49386 - "GET /docs HTTP/1.1" 200
2025-11-14 19:57:02 - uvicorn.access - INFO - 172.25.0.1:49392 - "GET /openapi.json HTTP/1.1" 200
2025-11-14 19:57:20 - uvicorn.access - INFO - 172.25.0.1:45322 - "GET /api/v1/adverts/ HTTP/1.1" 500
2025-11-14 22:08:53 - uvicorn.access - INFO - 172.25.0.1:33474 - "GET /docs HTTP/1.1" 200
2025-11-14 22:08:57 - uvicorn.access - INFO - 172.25.0.1:33474 - "GET /openapi.json HTTP/1.1" 200
2025-11-14 22:09:17 - uvicorn.access - INFO - 172.25.0.1:33478 - "GET /api/v1/adverts/ HTTP/1.1" 200
2025-11-15 00:14:10 - uvicorn.error - INFO - Shutting down
2025-11-15 00:14:11 - uvicorn.error - INFO - Waiting for application shutdown.
2025-11-15 00:14:11 - uvicorn.error - INFO - Application shutdown complete.
2025-11-15 00:14:11 - uvicorn.error - INFO - Finished server process [1]
2025-11-15 00:15:54 - root - INFO - Logging configuration loaded successfully
2025-11-15 00:15:54 - uvicorn.error - INFO - Started server process [1]
2025-11-15 00:15:54 - uvicorn.error - INFO - Waiting for application startup.
2025-11-15 00:15:54 - uvicorn.error - INFO - Application startup complete.
2025-11-15 00:15:54 - uvicorn.error - INFO - Uvicorn running on http://0.0.0.0:8000 (Press CTRL+C to quit)
2025-11-15 00:16:21 - uvicorn.access - INFO - 172.26.0.1:50828 - "GET /docs HTTP/1.1" 200
2025-11-15 00:16:31 - uvicorn.access - INFO - 172.26.0.1:50842 - "GET /openapi.json HTTP/1.1" 200
2025-11-15 00:16:56 - uvicorn.access - INFO - 172.26.0.1:51598 - "GET /api/v1/adverts/my HTTP/1.1" 403
2025-11-15 00:32:10 - uvicorn.error - INFO - Shutting down
2025-11-15 00:32:10 - uvicorn.error - INFO - Waiting for application shutdown.
2025-11-15 00:32:10 - uvicorn.error - INFO - Application shutdown complete.
2025-11-15 00:32:10 - uvicorn.error - INFO - Finished server process [1]
2025-11-15 00:38:21 - root - INFO - Logging configuration loaded successfully
2025-11-15 00:38:21 - uvicorn.error - INFO - Started server process [1]
2025-11-15 00:38:21 - uvicorn.error - INFO - Waiting for application startup.
2025-11-15 00:38:21 - uvicorn.error - INFO - Application startup complete.
2025-11-15 00:38:21 - uvicorn.error - INFO - Uvicorn running on http://0.0.0.0:8000 (Press CTRL+C to quit)
2025-11-15 00:38:46 - uvicorn.access - INFO - 172.28.0.1:49822 - "GET /docs HTTP/1.1" 200
2025-11-15 00:38:50 - uvicorn.access - INFO - 172.28.0.1:49822 - "GET /openapi.json HTTP/1.1" 200
2025-11-15 00:42:26 - uvicorn.access - INFO - 172.28.0.1:57680 - "POST /users/login HTTP/1.1" 200
2025-11-15 00:42:59 - uvicorn.access - INFO - 172.28.0.1:49874 - "GET /api/v1/adverts/my HTTP/1.1" 403
2025-11-15 00:43:37 - uvicorn.error - ERROR - Exception in ASGI application
  + Exception Group Traceback (most recent call last):
  |   File "/root/.cache/pypoetry/virtualenvs/src-il7asoJj-py3.13/lib/python3.13/site-packages/starlette/_utils.py", line 77, in collapse_excgroups
  |     yield
  |   File "/root/.cache/pypoetry/virtualenvs/src-il7asoJj-py3.13/lib/python3.13/site-packages/starlette/middleware/base.py", line 183, in __call__
  |     async with anyio.create_task_group() as task_group:
  |                ~~~~~~~~~~~~~~~~~~~~~~~^^
  |   File "/root/.cache/pypoetry/virtualenvs/src-il7asoJj-py3.13/lib/python3.13/site-packages/anyio/_backends/_asyncio.py", line 772, in __aexit__
  |     raise BaseExceptionGroup(
  |         "unhandled errors in a TaskGroup", self._exceptions
  |     ) from None
  | ExceptionGroup: unhandled errors in a TaskGroup (1 sub-exception)
  +-+---------------- 1 ----------------
    | Traceback (most recent call last):
    |   File "/root/.cache/pypoetry/virtualenvs/src-il7asoJj-py3.13/lib/python3.13/site-packages/uvicorn/protocols/http/h11_impl.py", line 403, in run_asgi
    |     result = await app(  # type: ignore[func-returns-value]
    |              ^^^^^^^^^^^^^^^^^^^^^^^^^^^^^^^^^^^^^^^^^^^^^^
    |         self.scope, self.receive, self.send
    |         ^^^^^^^^^^^^^^^^^^^^^^^^^^^^^^^^^^^
    |     )
    |     ^
    |   File "/root/.cache/pypoetry/virtualenvs/src-il7asoJj-py3.13/lib/python3.13/site-packages/uvicorn/middleware/proxy_headers.py", line 60, in __call__
    |     return await self.app(scope, receive, send)
    |            ^^^^^^^^^^^^^^^^^^^^^^^^^^^^^^^^^^^^
    |   File "/root/.cache/pypoetry/virtualenvs/src-il7asoJj-py3.13/lib/python3.13/site-packages/fastapi/applications.py", line 1054, in __call__
    |     await super().__call__(scope, receive, send)
    |   File "/root/.cache/pypoetry/virtualenvs/src-il7asoJj-py3.13/lib/python3.13/site-packages/starlette/applications.py", line 113, in __call__
    |     await self.middleware_stack(scope, receive, send)
    |   File "/root/.cache/pypoetry/virtualenvs/src-il7asoJj-py3.13/lib/python3.13/site-packages/starlette/middleware/errors.py", line 176, in __call__
    |     response = await self.handler(request, exc)
    |                ^^^^^^^^^^^^^^^^^^^^^^^^^^^^^^^^
    |   File "/main.py", line 109, in general_database_exception_handler
    |     raise exc
    |   File "/root/.cache/pypoetry/virtualenvs/src-il7asoJj-py3.13/lib/python3.13/site-packages/starlette/middleware/errors.py", line 164, in __call__
    |     await self.app(scope, receive, _send)
    |   File "/root/.cache/pypoetry/virtualenvs/src-il7asoJj-py3.13/lib/python3.13/site-packages/starlette/middleware/base.py", line 182, in __call__
    |     with recv_stream, send_stream, collapse_excgroups():
    |                                    ~~~~~~~~~~~~~~~~~~^^
    |   File "/usr/local/lib/python3.13/contextlib.py", line 162, in __exit__
    |     self.gen.throw(value)
    |     ~~~~~~~~~~~~~~^^^^^^^
    |   File "/root/.cache/pypoetry/virtualenvs/src-il7asoJj-py3.13/lib/python3.13/site-packages/starlette/_utils.py", line 83, in collapse_excgroups
    |     raise exc
    |   File "/root/.cache/pypoetry/virtualenvs/src-il7asoJj-py3.13/lib/python3.13/site-packages/starlette/middleware/base.py", line 184, in __call__
    |     response = await self.dispatch_func(request, call_next)
    |                ^^^^^^^^^^^^^^^^^^^^^^^^^^^^^^^^^^^^^^^^^^^^
    |   File "/main.py", line 127, in add_user_to_request
    |     response = await call_next(request)
    |                ^^^^^^^^^^^^^^^^^^^^^^^^
    |   File "/root/.cache/pypoetry/virtualenvs/src-il7asoJj-py3.13/lib/python3.13/site-packages/starlette/middleware/base.py", line 159, in call_next
    |     raise app_exc
    |   File "/root/.cache/pypoetry/virtualenvs/src-il7asoJj-py3.13/lib/python3.13/site-packages/starlette/middleware/base.py", line 144, in coro
    |     await self.app(scope, receive_or_disconnect, send_no_error)
    |   File "/root/.cache/pypoetry/virtualenvs/src-il7asoJj-py3.13/lib/python3.13/site-packages/starlette/middleware/exceptions.py", line 63, in __call__
    |     await wrap_app_handling_exceptions(self.app, conn)(scope, receive, send)
    |   File "/root/.cache/pypoetry/virtualenvs/src-il7asoJj-py3.13/lib/python3.13/site-packages/starlette/_exception_handler.py", line 53, in wrapped_app
    |     raise exc
    |   File "/root/.cache/pypoetry/virtualenvs/src-il7asoJj-py3.13/lib/python3.13/site-packages/starlette/_exception_handler.py", line 42, in wrapped_app
    |     await app(scope, receive, sender)
    |   File "/root/.cache/pypoetry/virtualenvs/src-il7asoJj-py3.13/lib/python3.13/site-packages/starlette/routing.py", line 716, in __call__
    |     await self.middleware_stack(scope, receive, send)
    |   File "/root/.cache/pypoetry/virtualenvs/src-il7asoJj-py3.13/lib/python3.13/site-packages/starlette/routing.py", line 736, in app
    |     await route.handle(scope, receive, send)
    |   File "/root/.cache/pypoetry/virtualenvs/src-il7asoJj-py3.13/lib/python3.13/site-packages/starlette/routing.py", line 290, in handle
    |     await self.app(scope, receive, send)
    |   File "/root/.cache/pypoetry/virtualenvs/src-il7asoJj-py3.13/lib/python3.13/site-packages/starlette/routing.py", line 78, in app
    |     await wrap_app_handling_exceptions(app, request)(scope, receive, send)
    |   File "/root/.cache/pypoetry/virtualenvs/src-il7asoJj-py3.13/lib/python3.13/site-packages/starlette/_exception_handler.py", line 53, in wrapped_app
    |     raise exc
    |   File "/root/.cache/pypoetry/virtualenvs/src-il7asoJj-py3.13/lib/python3.13/site-packages/starlette/_exception_handler.py", line 42, in wrapped_app
    |     await app(scope, receive, sender)
    |   File "/root/.cache/pypoetry/virtualenvs/src-il7asoJj-py3.13/lib/python3.13/site-packages/starlette/routing.py", line 75, in app
    |     response = await f(request)
    |                ^^^^^^^^^^^^^^^^
    |   File "/root/.cache/pypoetry/virtualenvs/src-il7asoJj-py3.13/lib/python3.13/site-packages/fastapi/routing.py", line 302, in app
    |     raw_response = await run_endpoint_function(
    |                    ^^^^^^^^^^^^^^^^^^^^^^^^^^^^
    |     ...<3 lines>...
    |     )
    |     ^
    |   File "/root/.cache/pypoetry/virtualenvs/src-il7asoJj-py3.13/lib/python3.13/site-packages/fastapi/routing.py", line 213, in run_endpoint_function
    |     return await dependant.call(**values)
    |            ^^^^^^^^^^^^^^^^^^^^^^^^^^^^^^
    |   File "/api_v1/routers/users.py", line 142, in get_current_user
    |     raise DatabaseError(
    |     ...<2 lines>...
    |     )
    | TypeError: exceptions must derive from BaseException
    +------------------------------------

During handling of the above exception, another exception occurred:

Traceback (most recent call last):
  File "/root/.cache/pypoetry/virtualenvs/src-il7asoJj-py3.13/lib/python3.13/site-packages/uvicorn/protocols/http/h11_impl.py", line 403, in run_asgi
    result = await app(  # type: ignore[func-returns-value]
             ^^^^^^^^^^^^^^^^^^^^^^^^^^^^^^^^^^^^^^^^^^^^^^
        self.scope, self.receive, self.send
        ^^^^^^^^^^^^^^^^^^^^^^^^^^^^^^^^^^^
    )
    ^
  File "/root/.cache/pypoetry/virtualenvs/src-il7asoJj-py3.13/lib/python3.13/site-packages/uvicorn/middleware/proxy_headers.py", line 60, in __call__
    return await self.app(scope, receive, send)
           ^^^^^^^^^^^^^^^^^^^^^^^^^^^^^^^^^^^^
  File "/root/.cache/pypoetry/virtualenvs/src-il7asoJj-py3.13/lib/python3.13/site-packages/fastapi/applications.py", line 1054, in __call__
    await super().__call__(scope, receive, send)
  File "/root/.cache/pypoetry/virtualenvs/src-il7asoJj-py3.13/lib/python3.13/site-packages/starlette/applications.py", line 113, in __call__
    await self.middleware_stack(scope, receive, send)
  File "/root/.cache/pypoetry/virtualenvs/src-il7asoJj-py3.13/lib/python3.13/site-packages/starlette/middleware/errors.py", line 176, in __call__
    response = await self.handler(request, exc)
               ^^^^^^^^^^^^^^^^^^^^^^^^^^^^^^^^
  File "/main.py", line 109, in general_database_exception_handler
    raise exc
  File "/root/.cache/pypoetry/virtualenvs/src-il7asoJj-py3.13/lib/python3.13/site-packages/starlette/middleware/errors.py", line 164, in __call__
    await self.app(scope, receive, _send)
  File "/root/.cache/pypoetry/virtualenvs/src-il7asoJj-py3.13/lib/python3.13/site-packages/starlette/middleware/base.py", line 182, in __call__
    with recv_stream, send_stream, collapse_excgroups():
                                   ~~~~~~~~~~~~~~~~~~^^
  File "/usr/local/lib/python3.13/contextlib.py", line 162, in __exit__
    self.gen.throw(value)
    ~~~~~~~~~~~~~~^^^^^^^
  File "/root/.cache/pypoetry/virtualenvs/src-il7asoJj-py3.13/lib/python3.13/site-packages/starlette/_utils.py", line 83, in collapse_excgroups
    raise exc
  File "/root/.cache/pypoetry/virtualenvs/src-il7asoJj-py3.13/lib/python3.13/site-packages/starlette/middleware/base.py", line 184, in __call__
    response = await self.dispatch_func(request, call_next)
               ^^^^^^^^^^^^^^^^^^^^^^^^^^^^^^^^^^^^^^^^^^^^
  File "/main.py", line 127, in add_user_to_request
    response = await call_next(request)
               ^^^^^^^^^^^^^^^^^^^^^^^^
  File "/root/.cache/pypoetry/virtualenvs/src-il7asoJj-py3.13/lib/python3.13/site-packages/starlette/middleware/base.py", line 159, in call_next
    raise app_exc
  File "/root/.cache/pypoetry/virtualenvs/src-il7asoJj-py3.13/lib/python3.13/site-packages/starlette/middleware/base.py", line 144, in coro
    await self.app(scope, receive_or_disconnect, send_no_error)
  File "/root/.cache/pypoetry/virtualenvs/src-il7asoJj-py3.13/lib/python3.13/site-packages/starlette/middleware/exceptions.py", line 63, in __call__
    await wrap_app_handling_exceptions(self.app, conn)(scope, receive, send)
  File "/root/.cache/pypoetry/virtualenvs/src-il7asoJj-py3.13/lib/python3.13/site-packages/starlette/_exception_handler.py", line 53, in wrapped_app
    raise exc
  File "/root/.cache/pypoetry/virtualenvs/src-il7asoJj-py3.13/lib/python3.13/site-packages/starlette/_exception_handler.py", line 42, in wrapped_app
    await app(scope, receive, sender)
  File "/root/.cache/pypoetry/virtualenvs/src-il7asoJj-py3.13/lib/python3.13/site-packages/starlette/routing.py", line 716, in __call__
    await self.middleware_stack(scope, receive, send)
  File "/root/.cache/pypoetry/virtualenvs/src-il7asoJj-py3.13/lib/python3.13/site-packages/starlette/routing.py", line 736, in app
    await route.handle(scope, receive, send)
  File "/root/.cache/pypoetry/virtualenvs/src-il7asoJj-py3.13/lib/python3.13/site-packages/starlette/routing.py", line 290, in handle
    await self.app(scope, receive, send)
  File "/root/.cache/pypoetry/virtualenvs/src-il7asoJj-py3.13/lib/python3.13/site-packages/starlette/routing.py", line 78, in app
    await wrap_app_handling_exceptions(app, request)(scope, receive, send)
  File "/root/.cache/pypoetry/virtualenvs/src-il7asoJj-py3.13/lib/python3.13/site-packages/starlette/_exception_handler.py", line 53, in wrapped_app
    raise exc
  File "/root/.cache/pypoetry/virtualenvs/src-il7asoJj-py3.13/lib/python3.13/site-packages/starlette/_exception_handler.py", line 42, in wrapped_app
    await app(scope, receive, sender)
  File "/root/.cache/pypoetry/virtualenvs/src-il7asoJj-py3.13/lib/python3.13/site-packages/starlette/routing.py", line 75, in app
    response = await f(request)
               ^^^^^^^^^^^^^^^^
  File "/root/.cache/pypoetry/virtualenvs/src-il7asoJj-py3.13/lib/python3.13/site-packages/fastapi/routing.py", line 302, in app
    raw_response = await run_endpoint_function(
                   ^^^^^^^^^^^^^^^^^^^^^^^^^^^^
    ...<3 lines>...
    )
    ^
  File "/root/.cache/pypoetry/virtualenvs/src-il7asoJj-py3.13/lib/python3.13/site-packages/fastapi/routing.py", line 213, in run_endpoint_function
    return await dependant.call(**values)
           ^^^^^^^^^^^^^^^^^^^^^^^^^^^^^^
  File "/api_v1/routers/users.py", line 142, in get_current_user
    raise DatabaseError(
    ...<2 lines>...
    )
TypeError: exceptions must derive from BaseException
2025-11-15 00:43:37 - uvicorn.access - INFO - 172.28.0.1:51378 - "GET /users/me HTTP/1.1" 500
2025-11-15 00:43:56 - uvicorn.access - INFO - 172.28.0.1:52986 - "POST /users/login HTTP/1.1" 200
2025-11-15 00:44:01 - uvicorn.access - INFO - 172.28.0.1:52986 - "POST /users/login HTTP/1.1" 200
2025-11-15 00:44:03 - uvicorn.access - INFO - 172.28.0.1:52986 - "POST /users/login HTTP/1.1" 200
2025-11-15 00:48:37 - uvicorn.error - INFO - Shutting down
2025-11-15 00:48:37 - uvicorn.error - INFO - Waiting for application shutdown.
2025-11-15 00:48:37 - uvicorn.error - INFO - Application shutdown complete.
2025-11-15 00:48:37 - uvicorn.error - INFO - Finished server process [1]
2025-11-15 00:50:05 - root - INFO - Logging configuration loaded successfully
2025-11-15 00:50:05 - uvicorn.error - INFO - Started server process [1]
2025-11-15 00:50:05 - uvicorn.error - INFO - Waiting for application startup.
2025-11-15 00:50:05 - uvicorn.error - INFO - Application startup complete.
2025-11-15 00:50:05 - uvicorn.error - INFO - Uvicorn running on http://0.0.0.0:8000 (Press CTRL+C to quit)
2025-11-15 00:50:51 - uvicorn.access - INFO - 172.29.0.1:36978 - "GET /docs HTTP/1.1" 200
2025-11-15 00:50:56 - uvicorn.access - INFO - 172.29.0.1:36978 - "GET /openapi.json HTTP/1.1" 200
2025-11-15 00:51:14 - uvicorn.error - ERROR - Exception in ASGI application
  + Exception Group Traceback (most recent call last):
  |   File "/root/.cache/pypoetry/virtualenvs/src-il7asoJj-py3.13/lib/python3.13/site-packages/starlette/_utils.py", line 77, in collapse_excgroups
  |     yield
  |   File "/root/.cache/pypoetry/virtualenvs/src-il7asoJj-py3.13/lib/python3.13/site-packages/starlette/middleware/base.py", line 183, in __call__
  |     async with anyio.create_task_group() as task_group:
  |                ~~~~~~~~~~~~~~~~~~~~~~~^^
  |   File "/root/.cache/pypoetry/virtualenvs/src-il7asoJj-py3.13/lib/python3.13/site-packages/anyio/_backends/_asyncio.py", line 772, in __aexit__
  |     raise BaseExceptionGroup(
  |         "unhandled errors in a TaskGroup", self._exceptions
  |     ) from None
  | ExceptionGroup: unhandled errors in a TaskGroup (1 sub-exception)
  +-+---------------- 1 ----------------
    | Traceback (most recent call last):
    |   File "/root/.cache/pypoetry/virtualenvs/src-il7asoJj-py3.13/lib/python3.13/site-packages/uvicorn/protocols/http/h11_impl.py", line 403, in run_asgi
    |     result = await app(  # type: ignore[func-returns-value]
    |              ^^^^^^^^^^^^^^^^^^^^^^^^^^^^^^^^^^^^^^^^^^^^^^
    |         self.scope, self.receive, self.send
    |         ^^^^^^^^^^^^^^^^^^^^^^^^^^^^^^^^^^^
    |     )
    |     ^
    |   File "/root/.cache/pypoetry/virtualenvs/src-il7asoJj-py3.13/lib/python3.13/site-packages/uvicorn/middleware/proxy_headers.py", line 60, in __call__
    |     return await self.app(scope, receive, send)
    |            ^^^^^^^^^^^^^^^^^^^^^^^^^^^^^^^^^^^^
    |   File "/root/.cache/pypoetry/virtualenvs/src-il7asoJj-py3.13/lib/python3.13/site-packages/fastapi/applications.py", line 1054, in __call__
    |     await super().__call__(scope, receive, send)
    |   File "/root/.cache/pypoetry/virtualenvs/src-il7asoJj-py3.13/lib/python3.13/site-packages/starlette/applications.py", line 113, in __call__
    |     await self.middleware_stack(scope, receive, send)
    |   File "/root/.cache/pypoetry/virtualenvs/src-il7asoJj-py3.13/lib/python3.13/site-packages/starlette/middleware/errors.py", line 176, in __call__
    |     response = await self.handler(request, exc)
    |                ^^^^^^^^^^^^^^^^^^^^^^^^^^^^^^^^
    |   File "/main.py", line 109, in general_database_exception_handler
    |     raise exc
    |   File "/root/.cache/pypoetry/virtualenvs/src-il7asoJj-py3.13/lib/python3.13/site-packages/starlette/middleware/errors.py", line 164, in __call__
    |     await self.app(scope, receive, _send)
    |   File "/root/.cache/pypoetry/virtualenvs/src-il7asoJj-py3.13/lib/python3.13/site-packages/starlette/middleware/base.py", line 182, in __call__
    |     with recv_stream, send_stream, collapse_excgroups():
    |                                    ~~~~~~~~~~~~~~~~~~^^
    |   File "/usr/local/lib/python3.13/contextlib.py", line 162, in __exit__
    |     self.gen.throw(value)
    |     ~~~~~~~~~~~~~~^^^^^^^
    |   File "/root/.cache/pypoetry/virtualenvs/src-il7asoJj-py3.13/lib/python3.13/site-packages/starlette/_utils.py", line 83, in collapse_excgroups
    |     raise exc
    |   File "/root/.cache/pypoetry/virtualenvs/src-il7asoJj-py3.13/lib/python3.13/site-packages/starlette/middleware/base.py", line 184, in __call__
    |     response = await self.dispatch_func(request, call_next)
    |                ^^^^^^^^^^^^^^^^^^^^^^^^^^^^^^^^^^^^^^^^^^^^
    |   File "/main.py", line 127, in add_user_to_request
    |     response = await call_next(request)
    |                ^^^^^^^^^^^^^^^^^^^^^^^^
    |   File "/root/.cache/pypoetry/virtualenvs/src-il7asoJj-py3.13/lib/python3.13/site-packages/starlette/middleware/base.py", line 159, in call_next
    |     raise app_exc
    |   File "/root/.cache/pypoetry/virtualenvs/src-il7asoJj-py3.13/lib/python3.13/site-packages/starlette/middleware/base.py", line 144, in coro
    |     await self.app(scope, receive_or_disconnect, send_no_error)
    |   File "/root/.cache/pypoetry/virtualenvs/src-il7asoJj-py3.13/lib/python3.13/site-packages/starlette/middleware/exceptions.py", line 63, in __call__
    |     await wrap_app_handling_exceptions(self.app, conn)(scope, receive, send)
    |   File "/root/.cache/pypoetry/virtualenvs/src-il7asoJj-py3.13/lib/python3.13/site-packages/starlette/_exception_handler.py", line 53, in wrapped_app
    |     raise exc
    |   File "/root/.cache/pypoetry/virtualenvs/src-il7asoJj-py3.13/lib/python3.13/site-packages/starlette/_exception_handler.py", line 42, in wrapped_app
    |     await app(scope, receive, sender)
    |   File "/root/.cache/pypoetry/virtualenvs/src-il7asoJj-py3.13/lib/python3.13/site-packages/starlette/routing.py", line 716, in __call__
    |     await self.middleware_stack(scope, receive, send)
    |   File "/root/.cache/pypoetry/virtualenvs/src-il7asoJj-py3.13/lib/python3.13/site-packages/starlette/routing.py", line 736, in app
    |     await route.handle(scope, receive, send)
    |   File "/root/.cache/pypoetry/virtualenvs/src-il7asoJj-py3.13/lib/python3.13/site-packages/starlette/routing.py", line 290, in handle
    |     await self.app(scope, receive, send)
    |   File "/root/.cache/pypoetry/virtualenvs/src-il7asoJj-py3.13/lib/python3.13/site-packages/starlette/routing.py", line 78, in app
    |     await wrap_app_handling_exceptions(app, request)(scope, receive, send)
    |   File "/root/.cache/pypoetry/virtualenvs/src-il7asoJj-py3.13/lib/python3.13/site-packages/starlette/_exception_handler.py", line 53, in wrapped_app
    |     raise exc
    |   File "/root/.cache/pypoetry/virtualenvs/src-il7asoJj-py3.13/lib/python3.13/site-packages/starlette/_exception_handler.py", line 42, in wrapped_app
    |     await app(scope, receive, sender)
    |   File "/root/.cache/pypoetry/virtualenvs/src-il7asoJj-py3.13/lib/python3.13/site-packages/starlette/routing.py", line 75, in app
    |     response = await f(request)
    |                ^^^^^^^^^^^^^^^^
    |   File "/root/.cache/pypoetry/virtualenvs/src-il7asoJj-py3.13/lib/python3.13/site-packages/fastapi/routing.py", line 302, in app
    |     raw_response = await run_endpoint_function(
    |                    ^^^^^^^^^^^^^^^^^^^^^^^^^^^^
    |     ...<3 lines>...
    |     )
    |     ^
    |   File "/root/.cache/pypoetry/virtualenvs/src-il7asoJj-py3.13/lib/python3.13/site-packages/fastapi/routing.py", line 213, in run_endpoint_function
    |     return await dependant.call(**values)
    |            ^^^^^^^^^^^^^^^^^^^^^^^^^^^^^^
    |   File "/api_v1/routers/users.py", line 141, in get_current_user
    |     raise DatabaseError(
    |     ...<2 lines>...
    |     )
    | TypeError: exceptions must derive from BaseException
    +------------------------------------

During handling of the above exception, another exception occurred:

Traceback (most recent call last):
  File "/root/.cache/pypoetry/virtualenvs/src-il7asoJj-py3.13/lib/python3.13/site-packages/uvicorn/protocols/http/h11_impl.py", line 403, in run_asgi
    result = await app(  # type: ignore[func-returns-value]
             ^^^^^^^^^^^^^^^^^^^^^^^^^^^^^^^^^^^^^^^^^^^^^^
        self.scope, self.receive, self.send
        ^^^^^^^^^^^^^^^^^^^^^^^^^^^^^^^^^^^
    )
    ^
  File "/root/.cache/pypoetry/virtualenvs/src-il7asoJj-py3.13/lib/python3.13/site-packages/uvicorn/middleware/proxy_headers.py", line 60, in __call__
    return await self.app(scope, receive, send)
           ^^^^^^^^^^^^^^^^^^^^^^^^^^^^^^^^^^^^
  File "/root/.cache/pypoetry/virtualenvs/src-il7asoJj-py3.13/lib/python3.13/site-packages/fastapi/applications.py", line 1054, in __call__
    await super().__call__(scope, receive, send)
  File "/root/.cache/pypoetry/virtualenvs/src-il7asoJj-py3.13/lib/python3.13/site-packages/starlette/applications.py", line 113, in __call__
    await self.middleware_stack(scope, receive, send)
  File "/root/.cache/pypoetry/virtualenvs/src-il7asoJj-py3.13/lib/python3.13/site-packages/starlette/middleware/errors.py", line 176, in __call__
    response = await self.handler(request, exc)
               ^^^^^^^^^^^^^^^^^^^^^^^^^^^^^^^^
  File "/main.py", line 109, in general_database_exception_handler
    raise exc
  File "/root/.cache/pypoetry/virtualenvs/src-il7asoJj-py3.13/lib/python3.13/site-packages/starlette/middleware/errors.py", line 164, in __call__
    await self.app(scope, receive, _send)
  File "/root/.cache/pypoetry/virtualenvs/src-il7asoJj-py3.13/lib/python3.13/site-packages/starlette/middleware/base.py", line 182, in __call__
    with recv_stream, send_stream, collapse_excgroups():
                                   ~~~~~~~~~~~~~~~~~~^^
  File "/usr/local/lib/python3.13/contextlib.py", line 162, in __exit__
    self.gen.throw(value)
    ~~~~~~~~~~~~~~^^^^^^^
  File "/root/.cache/pypoetry/virtualenvs/src-il7asoJj-py3.13/lib/python3.13/site-packages/starlette/_utils.py", line 83, in collapse_excgroups
    raise exc
  File "/root/.cache/pypoetry/virtualenvs/src-il7asoJj-py3.13/lib/python3.13/site-packages/starlette/middleware/base.py", line 184, in __call__
    response = await self.dispatch_func(request, call_next)
               ^^^^^^^^^^^^^^^^^^^^^^^^^^^^^^^^^^^^^^^^^^^^
  File "/main.py", line 127, in add_user_to_request
    response = await call_next(request)
               ^^^^^^^^^^^^^^^^^^^^^^^^
  File "/root/.cache/pypoetry/virtualenvs/src-il7asoJj-py3.13/lib/python3.13/site-packages/starlette/middleware/base.py", line 159, in call_next
    raise app_exc
  File "/root/.cache/pypoetry/virtualenvs/src-il7asoJj-py3.13/lib/python3.13/site-packages/starlette/middleware/base.py", line 144, in coro
    await self.app(scope, receive_or_disconnect, send_no_error)
  File "/root/.cache/pypoetry/virtualenvs/src-il7asoJj-py3.13/lib/python3.13/site-packages/starlette/middleware/exceptions.py", line 63, in __call__
    await wrap_app_handling_exceptions(self.app, conn)(scope, receive, send)
  File "/root/.cache/pypoetry/virtualenvs/src-il7asoJj-py3.13/lib/python3.13/site-packages/starlette/_exception_handler.py", line 53, in wrapped_app
    raise exc
  File "/root/.cache/pypoetry/virtualenvs/src-il7asoJj-py3.13/lib/python3.13/site-packages/starlette/_exception_handler.py", line 42, in wrapped_app
    await app(scope, receive, sender)
  File "/root/.cache/pypoetry/virtualenvs/src-il7asoJj-py3.13/lib/python3.13/site-packages/starlette/routing.py", line 716, in __call__
    await self.middleware_stack(scope, receive, send)
  File "/root/.cache/pypoetry/virtualenvs/src-il7asoJj-py3.13/lib/python3.13/site-packages/starlette/routing.py", line 736, in app
    await route.handle(scope, receive, send)
  File "/root/.cache/pypoetry/virtualenvs/src-il7asoJj-py3.13/lib/python3.13/site-packages/starlette/routing.py", line 290, in handle
    await self.app(scope, receive, send)
  File "/root/.cache/pypoetry/virtualenvs/src-il7asoJj-py3.13/lib/python3.13/site-packages/starlette/routing.py", line 78, in app
    await wrap_app_handling_exceptions(app, request)(scope, receive, send)
  File "/root/.cache/pypoetry/virtualenvs/src-il7asoJj-py3.13/lib/python3.13/site-packages/starlette/_exception_handler.py", line 53, in wrapped_app
    raise exc
  File "/root/.cache/pypoetry/virtualenvs/src-il7asoJj-py3.13/lib/python3.13/site-packages/starlette/_exception_handler.py", line 42, in wrapped_app
    await app(scope, receive, sender)
  File "/root/.cache/pypoetry/virtualenvs/src-il7asoJj-py3.13/lib/python3.13/site-packages/starlette/routing.py", line 75, in app
    response = await f(request)
               ^^^^^^^^^^^^^^^^
  File "/root/.cache/pypoetry/virtualenvs/src-il7asoJj-py3.13/lib/python3.13/site-packages/fastapi/routing.py", line 302, in app
    raw_response = await run_endpoint_function(
                   ^^^^^^^^^^^^^^^^^^^^^^^^^^^^
    ...<3 lines>...
    )
    ^
  File "/root/.cache/pypoetry/virtualenvs/src-il7asoJj-py3.13/lib/python3.13/site-packages/fastapi/routing.py", line 213, in run_endpoint_function
    return await dependant.call(**values)
           ^^^^^^^^^^^^^^^^^^^^^^^^^^^^^^
  File "/api_v1/routers/users.py", line 141, in get_current_user
    raise DatabaseError(
    ...<2 lines>...
    )
TypeError: exceptions must derive from BaseException
2025-11-15 00:51:14 - uvicorn.access - INFO - 172.29.0.1:36984 - "GET /users/me HTTP/1.1" 500
2025-11-15 00:54:43 - uvicorn.error - INFO - Shutting down
2025-11-15 00:54:44 - uvicorn.error - INFO - Waiting for application shutdown.
2025-11-15 00:54:44 - uvicorn.error - INFO - Application shutdown complete.
2025-11-15 00:54:44 - uvicorn.error - INFO - Finished server process [1]
2025-11-15 00:56:00 - root - INFO - Logging configuration loaded successfully
2025-11-15 00:56:00 - uvicorn.error - INFO - Started server process [1]
2025-11-15 00:56:00 - uvicorn.error - INFO - Waiting for application startup.
2025-11-15 00:56:00 - uvicorn.error - INFO - Application startup complete.
2025-11-15 00:56:00 - uvicorn.error - INFO - Uvicorn running on http://0.0.0.0:8000 (Press CTRL+C to quit)
2025-11-15 00:56:19 - uvicorn.access - INFO - 172.30.0.1:54170 - "GET /docs HTTP/1.1" 200
2025-11-15 00:56:21 - uvicorn.access - INFO - 172.30.0.1:54170 - "GET /openapi.json HTTP/1.1" 200
2025-11-15 00:56:31 - uvicorn.access - INFO - 172.30.0.1:54178 - "GET /users/me HTTP/1.1" 401
2025-11-15 00:57:28 - uvicorn.error - INFO - Shutting down
2025-11-15 00:57:28 - uvicorn.error - INFO - Waiting for application shutdown.
2025-11-15 00:57:28 - uvicorn.error - INFO - Application shutdown complete.
2025-11-15 00:57:28 - uvicorn.error - INFO - Finished server process [1]
2025-11-15 00:58:35 - root - INFO - Logging configuration loaded successfully
2025-11-15 00:58:35 - uvicorn.error - INFO - Started server process [1]
2025-11-15 00:58:35 - uvicorn.error - INFO - Waiting for application startup.
2025-11-15 00:58:35 - uvicorn.error - INFO - Application startup complete.
2025-11-15 00:58:35 - uvicorn.error - INFO - Uvicorn running on http://0.0.0.0:8000 (Press CTRL+C to quit)
2025-11-15 00:58:40 - uvicorn.access - INFO - 172.31.0.1:58204 - "GET /users/me HTTP/1.1" 401
2025-11-15 00:58:45 - uvicorn.access - INFO - 172.31.0.1:58204 - "GET /users/me HTTP/1.1" 401
2025-11-15 00:58:46 - uvicorn.access - INFO - 172.31.0.1:58204 - "GET /users/me HTTP/1.1" 401
2025-11-15 00:58:47 - uvicorn.access - INFO - 172.31.0.1:58204 - "GET /users/me HTTP/1.1" 401
2025-11-15 06:58:59 - uvicorn.access - INFO - 172.31.0.1:37542 - "GET /users/me HTTP/1.1" 401
2025-11-15 07:03:18 - uvicorn.error - INFO - Shutting down
2025-11-15 07:03:18 - uvicorn.error - INFO - Waiting for application shutdown.
2025-11-15 07:03:18 - uvicorn.error - INFO - Application shutdown complete.
2025-11-15 07:03:18 - uvicorn.error - INFO - Finished server process [1]
2025-11-15 07:06:51 - root - INFO - Logging configuration loaded successfully
2025-11-15 07:06:51 - uvicorn.error - INFO - Started server process [1]
2025-11-15 07:06:51 - uvicorn.error - INFO - Waiting for application startup.
2025-11-15 07:06:51 - uvicorn.error - INFO - Application startup complete.
2025-11-15 07:06:51 - uvicorn.error - INFO - Uvicorn running on http://0.0.0.0:8000 (Press CTRL+C to quit)
2025-11-15 07:07:05 - uvicorn.error - ERROR - Exception in ASGI application
  + Exception Group Traceback (most recent call last):
  |   File "/root/.cache/pypoetry/virtualenvs/src-il7asoJj-py3.13/lib/python3.13/site-packages/starlette/_utils.py", line 77, in collapse_excgroups
  |     yield
  |   File "/root/.cache/pypoetry/virtualenvs/src-il7asoJj-py3.13/lib/python3.13/site-packages/starlette/middleware/base.py", line 183, in __call__
  |     async with anyio.create_task_group() as task_group:
  |                ~~~~~~~~~~~~~~~~~~~~~~~^^
  |   File "/root/.cache/pypoetry/virtualenvs/src-il7asoJj-py3.13/lib/python3.13/site-packages/anyio/_backends/_asyncio.py", line 772, in __aexit__
  |     raise BaseExceptionGroup(
  |         "unhandled errors in a TaskGroup", self._exceptions
  |     ) from None
  | ExceptionGroup: unhandled errors in a TaskGroup (1 sub-exception)
  +-+---------------- 1 ----------------
    | Traceback (most recent call last):
    |   File "/root/.cache/pypoetry/virtualenvs/src-il7asoJj-py3.13/lib/python3.13/site-packages/uvicorn/protocols/http/h11_impl.py", line 403, in run_asgi
    |     result = await app(  # type: ignore[func-returns-value]
    |              ^^^^^^^^^^^^^^^^^^^^^^^^^^^^^^^^^^^^^^^^^^^^^^
    |         self.scope, self.receive, self.send
    |         ^^^^^^^^^^^^^^^^^^^^^^^^^^^^^^^^^^^
    |     )
    |     ^
    |   File "/root/.cache/pypoetry/virtualenvs/src-il7asoJj-py3.13/lib/python3.13/site-packages/uvicorn/middleware/proxy_headers.py", line 60, in __call__
    |     return await self.app(scope, receive, send)
    |            ^^^^^^^^^^^^^^^^^^^^^^^^^^^^^^^^^^^^
    |   File "/root/.cache/pypoetry/virtualenvs/src-il7asoJj-py3.13/lib/python3.13/site-packages/fastapi/applications.py", line 1054, in __call__
    |     await super().__call__(scope, receive, send)
    |   File "/root/.cache/pypoetry/virtualenvs/src-il7asoJj-py3.13/lib/python3.13/site-packages/starlette/applications.py", line 113, in __call__
    |     await self.middleware_stack(scope, receive, send)
    |   File "/root/.cache/pypoetry/virtualenvs/src-il7asoJj-py3.13/lib/python3.13/site-packages/starlette/middleware/errors.py", line 176, in __call__
    |     response = await self.handler(request, exc)
    |                ^^^^^^^^^^^^^^^^^^^^^^^^^^^^^^^^
    |   File "/main.py", line 109, in general_database_exception_handler
    |     raise exc
    |   File "/root/.cache/pypoetry/virtualenvs/src-il7asoJj-py3.13/lib/python3.13/site-packages/starlette/middleware/errors.py", line 164, in __call__
    |     await self.app(scope, receive, _send)
    |   File "/root/.cache/pypoetry/virtualenvs/src-il7asoJj-py3.13/lib/python3.13/site-packages/starlette/middleware/base.py", line 182, in __call__
    |     with recv_stream, send_stream, collapse_excgroups():
    |                                    ~~~~~~~~~~~~~~~~~~^^
    |   File "/usr/local/lib/python3.13/contextlib.py", line 162, in __exit__
    |     self.gen.throw(value)
    |     ~~~~~~~~~~~~~~^^^^^^^
    |   File "/root/.cache/pypoetry/virtualenvs/src-il7asoJj-py3.13/lib/python3.13/site-packages/starlette/_utils.py", line 83, in collapse_excgroups
    |     raise exc
    |   File "/root/.cache/pypoetry/virtualenvs/src-il7asoJj-py3.13/lib/python3.13/site-packages/starlette/middleware/base.py", line 184, in __call__
    |     response = await self.dispatch_func(request, call_next)
    |                ^^^^^^^^^^^^^^^^^^^^^^^^^^^^^^^^^^^^^^^^^^^^
    |   File "/main.py", line 127, in add_user_to_request
    |     response = await call_next(request)
    |                ^^^^^^^^^^^^^^^^^^^^^^^^
    |   File "/root/.cache/pypoetry/virtualenvs/src-il7asoJj-py3.13/lib/python3.13/site-packages/starlette/middleware/base.py", line 159, in call_next
    |     raise app_exc
    |   File "/root/.cache/pypoetry/virtualenvs/src-il7asoJj-py3.13/lib/python3.13/site-packages/starlette/middleware/base.py", line 144, in coro
    |     await self.app(scope, receive_or_disconnect, send_no_error)
    |   File "/root/.cache/pypoetry/virtualenvs/src-il7asoJj-py3.13/lib/python3.13/site-packages/starlette/middleware/exceptions.py", line 63, in __call__
    |     await wrap_app_handling_exceptions(self.app, conn)(scope, receive, send)
    |   File "/root/.cache/pypoetry/virtualenvs/src-il7asoJj-py3.13/lib/python3.13/site-packages/starlette/_exception_handler.py", line 53, in wrapped_app
    |     raise exc
    |   File "/root/.cache/pypoetry/virtualenvs/src-il7asoJj-py3.13/lib/python3.13/site-packages/starlette/_exception_handler.py", line 42, in wrapped_app
    |     await app(scope, receive, sender)
    |   File "/root/.cache/pypoetry/virtualenvs/src-il7asoJj-py3.13/lib/python3.13/site-packages/starlette/routing.py", line 716, in __call__
    |     await self.middleware_stack(scope, receive, send)
    |   File "/root/.cache/pypoetry/virtualenvs/src-il7asoJj-py3.13/lib/python3.13/site-packages/starlette/routing.py", line 736, in app
    |     await route.handle(scope, receive, send)
    |   File "/root/.cache/pypoetry/virtualenvs/src-il7asoJj-py3.13/lib/python3.13/site-packages/starlette/routing.py", line 290, in handle
    |     await self.app(scope, receive, send)
    |   File "/root/.cache/pypoetry/virtualenvs/src-il7asoJj-py3.13/lib/python3.13/site-packages/starlette/routing.py", line 78, in app
    |     await wrap_app_handling_exceptions(app, request)(scope, receive, send)
    |   File "/root/.cache/pypoetry/virtualenvs/src-il7asoJj-py3.13/lib/python3.13/site-packages/starlette/_exception_handler.py", line 53, in wrapped_app
    |     raise exc
    |   File "/root/.cache/pypoetry/virtualenvs/src-il7asoJj-py3.13/lib/python3.13/site-packages/starlette/_exception_handler.py", line 42, in wrapped_app
    |     await app(scope, receive, sender)
    |   File "/root/.cache/pypoetry/virtualenvs/src-il7asoJj-py3.13/lib/python3.13/site-packages/starlette/routing.py", line 75, in app
    |     response = await f(request)
    |                ^^^^^^^^^^^^^^^^
    |   File "/root/.cache/pypoetry/virtualenvs/src-il7asoJj-py3.13/lib/python3.13/site-packages/fastapi/routing.py", line 302, in app
    |     raw_response = await run_endpoint_function(
    |                    ^^^^^^^^^^^^^^^^^^^^^^^^^^^^
    |     ...<3 lines>...
    |     )
    |     ^
    |   File "/root/.cache/pypoetry/virtualenvs/src-il7asoJj-py3.13/lib/python3.13/site-packages/fastapi/routing.py", line 213, in run_endpoint_function
    |     return await dependant.call(**values)
    |            ^^^^^^^^^^^^^^^^^^^^^^^^^^^^^^
    |   File "/api_v1/routers/users.py", line 129, in get_current_user
    |     raise AuthenticationError(
    |     ...<2 lines>...
    |     )
    | TypeError: exceptions must derive from BaseException
    +------------------------------------

During handling of the above exception, another exception occurred:

Traceback (most recent call last):
  File "/root/.cache/pypoetry/virtualenvs/src-il7asoJj-py3.13/lib/python3.13/site-packages/uvicorn/protocols/http/h11_impl.py", line 403, in run_asgi
    result = await app(  # type: ignore[func-returns-value]
             ^^^^^^^^^^^^^^^^^^^^^^^^^^^^^^^^^^^^^^^^^^^^^^
        self.scope, self.receive, self.send
        ^^^^^^^^^^^^^^^^^^^^^^^^^^^^^^^^^^^
    )
    ^
  File "/root/.cache/pypoetry/virtualenvs/src-il7asoJj-py3.13/lib/python3.13/site-packages/uvicorn/middleware/proxy_headers.py", line 60, in __call__
    return await self.app(scope, receive, send)
           ^^^^^^^^^^^^^^^^^^^^^^^^^^^^^^^^^^^^
  File "/root/.cache/pypoetry/virtualenvs/src-il7asoJj-py3.13/lib/python3.13/site-packages/fastapi/applications.py", line 1054, in __call__
    await super().__call__(scope, receive, send)
  File "/root/.cache/pypoetry/virtualenvs/src-il7asoJj-py3.13/lib/python3.13/site-packages/starlette/applications.py", line 113, in __call__
    await self.middleware_stack(scope, receive, send)
  File "/root/.cache/pypoetry/virtualenvs/src-il7asoJj-py3.13/lib/python3.13/site-packages/starlette/middleware/errors.py", line 176, in __call__
    response = await self.handler(request, exc)
               ^^^^^^^^^^^^^^^^^^^^^^^^^^^^^^^^
  File "/main.py", line 109, in general_database_exception_handler
    raise exc
  File "/root/.cache/pypoetry/virtualenvs/src-il7asoJj-py3.13/lib/python3.13/site-packages/starlette/middleware/errors.py", line 164, in __call__
    await self.app(scope, receive, _send)
  File "/root/.cache/pypoetry/virtualenvs/src-il7asoJj-py3.13/lib/python3.13/site-packages/starlette/middleware/base.py", line 182, in __call__
    with recv_stream, send_stream, collapse_excgroups():
                                   ~~~~~~~~~~~~~~~~~~^^
  File "/usr/local/lib/python3.13/contextlib.py", line 162, in __exit__
    self.gen.throw(value)
    ~~~~~~~~~~~~~~^^^^^^^
  File "/root/.cache/pypoetry/virtualenvs/src-il7asoJj-py3.13/lib/python3.13/site-packages/starlette/_utils.py", line 83, in collapse_excgroups
    raise exc
  File "/root/.cache/pypoetry/virtualenvs/src-il7asoJj-py3.13/lib/python3.13/site-packages/starlette/middleware/base.py", line 184, in __call__
    response = await self.dispatch_func(request, call_next)
               ^^^^^^^^^^^^^^^^^^^^^^^^^^^^^^^^^^^^^^^^^^^^
  File "/main.py", line 127, in add_user_to_request
    response = await call_next(request)
               ^^^^^^^^^^^^^^^^^^^^^^^^
  File "/root/.cache/pypoetry/virtualenvs/src-il7asoJj-py3.13/lib/python3.13/site-packages/starlette/middleware/base.py", line 159, in call_next
    raise app_exc
  File "/root/.cache/pypoetry/virtualenvs/src-il7asoJj-py3.13/lib/python3.13/site-packages/starlette/middleware/base.py", line 144, in coro
    await self.app(scope, receive_or_disconnect, send_no_error)
  File "/root/.cache/pypoetry/virtualenvs/src-il7asoJj-py3.13/lib/python3.13/site-packages/starlette/middleware/exceptions.py", line 63, in __call__
    await wrap_app_handling_exceptions(self.app, conn)(scope, receive, send)
  File "/root/.cache/pypoetry/virtualenvs/src-il7asoJj-py3.13/lib/python3.13/site-packages/starlette/_exception_handler.py", line 53, in wrapped_app
    raise exc
  File "/root/.cache/pypoetry/virtualenvs/src-il7asoJj-py3.13/lib/python3.13/site-packages/starlette/_exception_handler.py", line 42, in wrapped_app
    await app(scope, receive, sender)
  File "/root/.cache/pypoetry/virtualenvs/src-il7asoJj-py3.13/lib/python3.13/site-packages/starlette/routing.py", line 716, in __call__
    await self.middleware_stack(scope, receive, send)
  File "/root/.cache/pypoetry/virtualenvs/src-il7asoJj-py3.13/lib/python3.13/site-packages/starlette/routing.py", line 736, in app
    await route.handle(scope, receive, send)
  File "/root/.cache/pypoetry/virtualenvs/src-il7asoJj-py3.13/lib/python3.13/site-packages/starlette/routing.py", line 290, in handle
    await self.app(scope, receive, send)
  File "/root/.cache/pypoetry/virtualenvs/src-il7asoJj-py3.13/lib/python3.13/site-packages/starlette/routing.py", line 78, in app
    await wrap_app_handling_exceptions(app, request)(scope, receive, send)
  File "/root/.cache/pypoetry/virtualenvs/src-il7asoJj-py3.13/lib/python3.13/site-packages/starlette/_exception_handler.py", line 53, in wrapped_app
    raise exc
  File "/root/.cache/pypoetry/virtualenvs/src-il7asoJj-py3.13/lib/python3.13/site-packages/starlette/_exception_handler.py", line 42, in wrapped_app
    await app(scope, receive, sender)
  File "/root/.cache/pypoetry/virtualenvs/src-il7asoJj-py3.13/lib/python3.13/site-packages/starlette/routing.py", line 75, in app
    response = await f(request)
               ^^^^^^^^^^^^^^^^
  File "/root/.cache/pypoetry/virtualenvs/src-il7asoJj-py3.13/lib/python3.13/site-packages/fastapi/routing.py", line 302, in app
    raw_response = await run_endpoint_function(
                   ^^^^^^^^^^^^^^^^^^^^^^^^^^^^
    ...<3 lines>...
    )
    ^
  File "/root/.cache/pypoetry/virtualenvs/src-il7asoJj-py3.13/lib/python3.13/site-packages/fastapi/routing.py", line 213, in run_endpoint_function
    return await dependant.call(**values)
           ^^^^^^^^^^^^^^^^^^^^^^^^^^^^^^
  File "/api_v1/routers/users.py", line 129, in get_current_user
    raise AuthenticationError(
    ...<2 lines>...
    )
TypeError: exceptions must derive from BaseException
2025-11-15 07:07:06 - uvicorn.access - INFO - 192.168.0.1:57914 - "GET /users/me HTTP/1.1" 500
2025-11-15 07:10:53 - uvicorn.error - INFO - Shutting down
2025-11-15 07:10:53 - uvicorn.error - INFO - Waiting for application shutdown.
2025-11-15 07:10:53 - uvicorn.error - INFO - Application shutdown complete.
2025-11-15 07:10:53 - uvicorn.error - INFO - Finished server process [1]
2025-11-15 07:12:18 - root - INFO - Logging configuration loaded successfully
2025-11-15 07:12:18 - uvicorn.error - INFO - Started server process [1]
2025-11-15 07:12:18 - uvicorn.error - INFO - Waiting for application startup.
2025-11-15 07:12:18 - uvicorn.error - INFO - Application startup complete.
2025-11-15 07:12:18 - uvicorn.error - INFO - Uvicorn running on http://0.0.0.0:8000 (Press CTRL+C to quit)
2025-11-15 07:13:42 - uvicorn.access - INFO - 192.168.32.1:49306 - "GET /users/me HTTP/1.1" 401
2025-11-15 07:15:08 - uvicorn.access - INFO - 192.168.32.1:35298 - "POST /users/login HTTP/1.1" 200
2025-11-15 07:15:25 - uvicorn.access - INFO - 192.168.32.1:60962 - "GET /users/me HTTP/1.1" 401
2025-11-15 07:15:27 - uvicorn.access - INFO - 192.168.32.1:60962 - "GET /users/me HTTP/1.1" 401
2025-11-15 07:15:28 - uvicorn.access - INFO - 192.168.32.1:60962 - "GET /users/me HTTP/1.1" 401
2025-11-15 07:15:30 - uvicorn.access - INFO - 192.168.32.1:60962 - "GET /users/me HTTP/1.1" 401
2025-11-15 07:15:31 - uvicorn.access - INFO - 192.168.32.1:60962 - "GET /users/me HTTP/1.1" 401
2025-11-15 07:18:19 - uvicorn.error - INFO - Shutting down
2025-11-15 07:18:19 - uvicorn.error - INFO - Waiting for application shutdown.
2025-11-15 07:18:19 - uvicorn.error - INFO - Application shutdown complete.
2025-11-15 07:18:19 - uvicorn.error - INFO - Finished server process [1]
2025-11-15 07:21:51 - root - INFO - Logging configuration loaded successfully
2025-11-15 07:21:51 - uvicorn.error - INFO - Started server process [1]
2025-11-15 07:21:51 - uvicorn.error - INFO - Waiting for application startup.
2025-11-15 07:21:51 - uvicorn.error - INFO - Application startup complete.
2025-11-15 07:21:51 - uvicorn.error - INFO - Uvicorn running on http://0.0.0.0:8000 (Press CTRL+C to quit)
2025-11-15 07:22:04 - uvicorn.error - ERROR - Exception in ASGI application
  + Exception Group Traceback (most recent call last):
  |   File "/root/.cache/pypoetry/virtualenvs/src-il7asoJj-py3.13/lib/python3.13/site-packages/starlette/_utils.py", line 77, in collapse_excgroups
  |     yield
  |   File "/root/.cache/pypoetry/virtualenvs/src-il7asoJj-py3.13/lib/python3.13/site-packages/starlette/middleware/base.py", line 183, in __call__
  |     async with anyio.create_task_group() as task_group:
  |                ~~~~~~~~~~~~~~~~~~~~~~~^^
  |   File "/root/.cache/pypoetry/virtualenvs/src-il7asoJj-py3.13/lib/python3.13/site-packages/anyio/_backends/_asyncio.py", line 772, in __aexit__
  |     raise BaseExceptionGroup(
  |         "unhandled errors in a TaskGroup", self._exceptions
  |     ) from None
  | ExceptionGroup: unhandled errors in a TaskGroup (1 sub-exception)
  +-+---------------- 1 ----------------
    | Traceback (most recent call last):
    |   File "/root/.cache/pypoetry/virtualenvs/src-il7asoJj-py3.13/lib/python3.13/site-packages/uvicorn/protocols/http/h11_impl.py", line 403, in run_asgi
    |     result = await app(  # type: ignore[func-returns-value]
    |              ^^^^^^^^^^^^^^^^^^^^^^^^^^^^^^^^^^^^^^^^^^^^^^
    |         self.scope, self.receive, self.send
    |         ^^^^^^^^^^^^^^^^^^^^^^^^^^^^^^^^^^^
    |     )
    |     ^
    |   File "/root/.cache/pypoetry/virtualenvs/src-il7asoJj-py3.13/lib/python3.13/site-packages/uvicorn/middleware/proxy_headers.py", line 60, in __call__
    |     return await self.app(scope, receive, send)
    |            ^^^^^^^^^^^^^^^^^^^^^^^^^^^^^^^^^^^^
    |   File "/root/.cache/pypoetry/virtualenvs/src-il7asoJj-py3.13/lib/python3.13/site-packages/fastapi/applications.py", line 1054, in __call__
    |     await super().__call__(scope, receive, send)
    |   File "/root/.cache/pypoetry/virtualenvs/src-il7asoJj-py3.13/lib/python3.13/site-packages/starlette/applications.py", line 113, in __call__
    |     await self.middleware_stack(scope, receive, send)
    |   File "/root/.cache/pypoetry/virtualenvs/src-il7asoJj-py3.13/lib/python3.13/site-packages/starlette/middleware/errors.py", line 176, in __call__
    |     response = await self.handler(request, exc)
    |                ^^^^^^^^^^^^^^^^^^^^^^^^^^^^^^^^
    |   File "/main.py", line 109, in general_database_exception_handler
    |     raise exc
    |   File "/root/.cache/pypoetry/virtualenvs/src-il7asoJj-py3.13/lib/python3.13/site-packages/starlette/middleware/errors.py", line 164, in __call__
    |     await self.app(scope, receive, _send)
    |   File "/root/.cache/pypoetry/virtualenvs/src-il7asoJj-py3.13/lib/python3.13/site-packages/starlette/middleware/base.py", line 182, in __call__
    |     with recv_stream, send_stream, collapse_excgroups():
    |                                    ~~~~~~~~~~~~~~~~~~^^
    |   File "/usr/local/lib/python3.13/contextlib.py", line 162, in __exit__
    |     self.gen.throw(value)
    |     ~~~~~~~~~~~~~~^^^^^^^
    |   File "/root/.cache/pypoetry/virtualenvs/src-il7asoJj-py3.13/lib/python3.13/site-packages/starlette/_utils.py", line 83, in collapse_excgroups
    |     raise exc
    |   File "/root/.cache/pypoetry/virtualenvs/src-il7asoJj-py3.13/lib/python3.13/site-packages/starlette/middleware/base.py", line 184, in __call__
    |     response = await self.dispatch_func(request, call_next)
    |                ^^^^^^^^^^^^^^^^^^^^^^^^^^^^^^^^^^^^^^^^^^^^
    |   File "/main.py", line 127, in add_user_to_request
    |     response = await call_next(request)
    |                ^^^^^^^^^^^^^^^^^^^^^^^^
    |   File "/root/.cache/pypoetry/virtualenvs/src-il7asoJj-py3.13/lib/python3.13/site-packages/starlette/middleware/base.py", line 159, in call_next
    |     raise app_exc
    |   File "/root/.cache/pypoetry/virtualenvs/src-il7asoJj-py3.13/lib/python3.13/site-packages/starlette/middleware/base.py", line 144, in coro
    |     await self.app(scope, receive_or_disconnect, send_no_error)
    |   File "/root/.cache/pypoetry/virtualenvs/src-il7asoJj-py3.13/lib/python3.13/site-packages/starlette/middleware/exceptions.py", line 63, in __call__
    |     await wrap_app_handling_exceptions(self.app, conn)(scope, receive, send)
    |   File "/root/.cache/pypoetry/virtualenvs/src-il7asoJj-py3.13/lib/python3.13/site-packages/starlette/_exception_handler.py", line 53, in wrapped_app
    |     raise exc
    |   File "/root/.cache/pypoetry/virtualenvs/src-il7asoJj-py3.13/lib/python3.13/site-packages/starlette/_exception_handler.py", line 42, in wrapped_app
    |     await app(scope, receive, sender)
    |   File "/root/.cache/pypoetry/virtualenvs/src-il7asoJj-py3.13/lib/python3.13/site-packages/starlette/routing.py", line 716, in __call__
    |     await self.middleware_stack(scope, receive, send)
    |   File "/root/.cache/pypoetry/virtualenvs/src-il7asoJj-py3.13/lib/python3.13/site-packages/starlette/routing.py", line 736, in app
    |     await route.handle(scope, receive, send)
    |   File "/root/.cache/pypoetry/virtualenvs/src-il7asoJj-py3.13/lib/python3.13/site-packages/starlette/routing.py", line 290, in handle
    |     await self.app(scope, receive, send)
    |   File "/root/.cache/pypoetry/virtualenvs/src-il7asoJj-py3.13/lib/python3.13/site-packages/starlette/routing.py", line 78, in app
    |     await wrap_app_handling_exceptions(app, request)(scope, receive, send)
    |   File "/root/.cache/pypoetry/virtualenvs/src-il7asoJj-py3.13/lib/python3.13/site-packages/starlette/_exception_handler.py", line 53, in wrapped_app
    |     raise exc
    |   File "/root/.cache/pypoetry/virtualenvs/src-il7asoJj-py3.13/lib/python3.13/site-packages/starlette/_exception_handler.py", line 42, in wrapped_app
    |     await app(scope, receive, sender)
    |   File "/root/.cache/pypoetry/virtualenvs/src-il7asoJj-py3.13/lib/python3.13/site-packages/starlette/routing.py", line 75, in app
    |     response = await f(request)
    |                ^^^^^^^^^^^^^^^^
    |   File "/root/.cache/pypoetry/virtualenvs/src-il7asoJj-py3.13/lib/python3.13/site-packages/fastapi/routing.py", line 302, in app
    |     raw_response = await run_endpoint_function(
    |                    ^^^^^^^^^^^^^^^^^^^^^^^^^^^^
    |     ...<3 lines>...
    |     )
    |     ^
    |   File "/root/.cache/pypoetry/virtualenvs/src-il7asoJj-py3.13/lib/python3.13/site-packages/fastapi/routing.py", line 213, in run_endpoint_function
    |     return await dependant.call(**values)
    |            ^^^^^^^^^^^^^^^^^^^^^^^^^^^^^^
    |   File "/api_v1/routers/users.py", line 148, in get_current_user
    |     id=UUID(user_data.get("id")),
    |             ^^^^^^^^^^^^^
    | AttributeError: 'NoneType' object has no attribute 'get'
    +------------------------------------

During handling of the above exception, another exception occurred:

Traceback (most recent call last):
  File "/root/.cache/pypoetry/virtualenvs/src-il7asoJj-py3.13/lib/python3.13/site-packages/uvicorn/protocols/http/h11_impl.py", line 403, in run_asgi
    result = await app(  # type: ignore[func-returns-value]
             ^^^^^^^^^^^^^^^^^^^^^^^^^^^^^^^^^^^^^^^^^^^^^^
        self.scope, self.receive, self.send
        ^^^^^^^^^^^^^^^^^^^^^^^^^^^^^^^^^^^
    )
    ^
  File "/root/.cache/pypoetry/virtualenvs/src-il7asoJj-py3.13/lib/python3.13/site-packages/uvicorn/middleware/proxy_headers.py", line 60, in __call__
    return await self.app(scope, receive, send)
           ^^^^^^^^^^^^^^^^^^^^^^^^^^^^^^^^^^^^
  File "/root/.cache/pypoetry/virtualenvs/src-il7asoJj-py3.13/lib/python3.13/site-packages/fastapi/applications.py", line 1054, in __call__
    await super().__call__(scope, receive, send)
  File "/root/.cache/pypoetry/virtualenvs/src-il7asoJj-py3.13/lib/python3.13/site-packages/starlette/applications.py", line 113, in __call__
    await self.middleware_stack(scope, receive, send)
  File "/root/.cache/pypoetry/virtualenvs/src-il7asoJj-py3.13/lib/python3.13/site-packages/starlette/middleware/errors.py", line 176, in __call__
    response = await self.handler(request, exc)
               ^^^^^^^^^^^^^^^^^^^^^^^^^^^^^^^^
  File "/main.py", line 109, in general_database_exception_handler
    raise exc
  File "/root/.cache/pypoetry/virtualenvs/src-il7asoJj-py3.13/lib/python3.13/site-packages/starlette/middleware/errors.py", line 164, in __call__
    await self.app(scope, receive, _send)
  File "/root/.cache/pypoetry/virtualenvs/src-il7asoJj-py3.13/lib/python3.13/site-packages/starlette/middleware/base.py", line 182, in __call__
    with recv_stream, send_stream, collapse_excgroups():
                                   ~~~~~~~~~~~~~~~~~~^^
  File "/usr/local/lib/python3.13/contextlib.py", line 162, in __exit__
    self.gen.throw(value)
    ~~~~~~~~~~~~~~^^^^^^^
  File "/root/.cache/pypoetry/virtualenvs/src-il7asoJj-py3.13/lib/python3.13/site-packages/starlette/_utils.py", line 83, in collapse_excgroups
    raise exc
  File "/root/.cache/pypoetry/virtualenvs/src-il7asoJj-py3.13/lib/python3.13/site-packages/starlette/middleware/base.py", line 184, in __call__
    response = await self.dispatch_func(request, call_next)
               ^^^^^^^^^^^^^^^^^^^^^^^^^^^^^^^^^^^^^^^^^^^^
  File "/main.py", line 127, in add_user_to_request
    response = await call_next(request)
               ^^^^^^^^^^^^^^^^^^^^^^^^
  File "/root/.cache/pypoetry/virtualenvs/src-il7asoJj-py3.13/lib/python3.13/site-packages/starlette/middleware/base.py", line 159, in call_next
    raise app_exc
  File "/root/.cache/pypoetry/virtualenvs/src-il7asoJj-py3.13/lib/python3.13/site-packages/starlette/middleware/base.py", line 144, in coro
    await self.app(scope, receive_or_disconnect, send_no_error)
  File "/root/.cache/pypoetry/virtualenvs/src-il7asoJj-py3.13/lib/python3.13/site-packages/starlette/middleware/exceptions.py", line 63, in __call__
    await wrap_app_handling_exceptions(self.app, conn)(scope, receive, send)
  File "/root/.cache/pypoetry/virtualenvs/src-il7asoJj-py3.13/lib/python3.13/site-packages/starlette/_exception_handler.py", line 53, in wrapped_app
    raise exc
  File "/root/.cache/pypoetry/virtualenvs/src-il7asoJj-py3.13/lib/python3.13/site-packages/starlette/_exception_handler.py", line 42, in wrapped_app
    await app(scope, receive, sender)
  File "/root/.cache/pypoetry/virtualenvs/src-il7asoJj-py3.13/lib/python3.13/site-packages/starlette/routing.py", line 716, in __call__
    await self.middleware_stack(scope, receive, send)
  File "/root/.cache/pypoetry/virtualenvs/src-il7asoJj-py3.13/lib/python3.13/site-packages/starlette/routing.py", line 736, in app
    await route.handle(scope, receive, send)
  File "/root/.cache/pypoetry/virtualenvs/src-il7asoJj-py3.13/lib/python3.13/site-packages/starlette/routing.py", line 290, in handle
    await self.app(scope, receive, send)
  File "/root/.cache/pypoetry/virtualenvs/src-il7asoJj-py3.13/lib/python3.13/site-packages/starlette/routing.py", line 78, in app
    await wrap_app_handling_exceptions(app, request)(scope, receive, send)
  File "/root/.cache/pypoetry/virtualenvs/src-il7asoJj-py3.13/lib/python3.13/site-packages/starlette/_exception_handler.py", line 53, in wrapped_app
    raise exc
  File "/root/.cache/pypoetry/virtualenvs/src-il7asoJj-py3.13/lib/python3.13/site-packages/starlette/_exception_handler.py", line 42, in wrapped_app
    await app(scope, receive, sender)
  File "/root/.cache/pypoetry/virtualenvs/src-il7asoJj-py3.13/lib/python3.13/site-packages/starlette/routing.py", line 75, in app
    response = await f(request)
               ^^^^^^^^^^^^^^^^
  File "/root/.cache/pypoetry/virtualenvs/src-il7asoJj-py3.13/lib/python3.13/site-packages/fastapi/routing.py", line 302, in app
    raw_response = await run_endpoint_function(
                   ^^^^^^^^^^^^^^^^^^^^^^^^^^^^
    ...<3 lines>...
    )
    ^
  File "/root/.cache/pypoetry/virtualenvs/src-il7asoJj-py3.13/lib/python3.13/site-packages/fastapi/routing.py", line 213, in run_endpoint_function
    return await dependant.call(**values)
           ^^^^^^^^^^^^^^^^^^^^^^^^^^^^^^
  File "/api_v1/routers/users.py", line 148, in get_current_user
    id=UUID(user_data.get("id")),
            ^^^^^^^^^^^^^
AttributeError: 'NoneType' object has no attribute 'get'
2025-11-15 07:22:04 - uvicorn.access - INFO - 192.168.48.1:36714 - "GET /users/me HTTP/1.1" 500
2025-11-15 07:22:28 - uvicorn.access - INFO - 192.168.48.1:57104 - "POST /users/login HTTP/1.1" 200
2025-11-15 07:22:37 - uvicorn.error - ERROR - Exception in ASGI application
  + Exception Group Traceback (most recent call last):
  |   File "/root/.cache/pypoetry/virtualenvs/src-il7asoJj-py3.13/lib/python3.13/site-packages/starlette/_utils.py", line 77, in collapse_excgroups
  |     yield
  |   File "/root/.cache/pypoetry/virtualenvs/src-il7asoJj-py3.13/lib/python3.13/site-packages/starlette/middleware/base.py", line 183, in __call__
  |     async with anyio.create_task_group() as task_group:
  |                ~~~~~~~~~~~~~~~~~~~~~~~^^
  |   File "/root/.cache/pypoetry/virtualenvs/src-il7asoJj-py3.13/lib/python3.13/site-packages/anyio/_backends/_asyncio.py", line 772, in __aexit__
  |     raise BaseExceptionGroup(
  |         "unhandled errors in a TaskGroup", self._exceptions
  |     ) from None
  | ExceptionGroup: unhandled errors in a TaskGroup (1 sub-exception)
  +-+---------------- 1 ----------------
    | Traceback (most recent call last):
    |   File "/root/.cache/pypoetry/virtualenvs/src-il7asoJj-py3.13/lib/python3.13/site-packages/uvicorn/protocols/http/h11_impl.py", line 403, in run_asgi
    |     result = await app(  # type: ignore[func-returns-value]
    |              ^^^^^^^^^^^^^^^^^^^^^^^^^^^^^^^^^^^^^^^^^^^^^^
    |         self.scope, self.receive, self.send
    |         ^^^^^^^^^^^^^^^^^^^^^^^^^^^^^^^^^^^
    |     )
    |     ^
    |   File "/root/.cache/pypoetry/virtualenvs/src-il7asoJj-py3.13/lib/python3.13/site-packages/uvicorn/middleware/proxy_headers.py", line 60, in __call__
    |     return await self.app(scope, receive, send)
    |            ^^^^^^^^^^^^^^^^^^^^^^^^^^^^^^^^^^^^
    |   File "/root/.cache/pypoetry/virtualenvs/src-il7asoJj-py3.13/lib/python3.13/site-packages/fastapi/applications.py", line 1054, in __call__
    |     await super().__call__(scope, receive, send)
    |   File "/root/.cache/pypoetry/virtualenvs/src-il7asoJj-py3.13/lib/python3.13/site-packages/starlette/applications.py", line 113, in __call__
    |     await self.middleware_stack(scope, receive, send)
    |   File "/root/.cache/pypoetry/virtualenvs/src-il7asoJj-py3.13/lib/python3.13/site-packages/starlette/middleware/errors.py", line 176, in __call__
    |     response = await self.handler(request, exc)
    |                ^^^^^^^^^^^^^^^^^^^^^^^^^^^^^^^^
    |   File "/main.py", line 109, in general_database_exception_handler
    |     raise exc
    |   File "/root/.cache/pypoetry/virtualenvs/src-il7asoJj-py3.13/lib/python3.13/site-packages/starlette/middleware/errors.py", line 164, in __call__
    |     await self.app(scope, receive, _send)
    |   File "/root/.cache/pypoetry/virtualenvs/src-il7asoJj-py3.13/lib/python3.13/site-packages/starlette/middleware/base.py", line 182, in __call__
    |     with recv_stream, send_stream, collapse_excgroups():
    |                                    ~~~~~~~~~~~~~~~~~~^^
    |   File "/usr/local/lib/python3.13/contextlib.py", line 162, in __exit__
    |     self.gen.throw(value)
    |     ~~~~~~~~~~~~~~^^^^^^^
    |   File "/root/.cache/pypoetry/virtualenvs/src-il7asoJj-py3.13/lib/python3.13/site-packages/starlette/_utils.py", line 83, in collapse_excgroups
    |     raise exc
    |   File "/root/.cache/pypoetry/virtualenvs/src-il7asoJj-py3.13/lib/python3.13/site-packages/starlette/middleware/base.py", line 184, in __call__
    |     response = await self.dispatch_func(request, call_next)
    |                ^^^^^^^^^^^^^^^^^^^^^^^^^^^^^^^^^^^^^^^^^^^^
    |   File "/main.py", line 127, in add_user_to_request
    |     response = await call_next(request)
    |                ^^^^^^^^^^^^^^^^^^^^^^^^
    |   File "/root/.cache/pypoetry/virtualenvs/src-il7asoJj-py3.13/lib/python3.13/site-packages/starlette/middleware/base.py", line 159, in call_next
    |     raise app_exc
    |   File "/root/.cache/pypoetry/virtualenvs/src-il7asoJj-py3.13/lib/python3.13/site-packages/starlette/middleware/base.py", line 144, in coro
    |     await self.app(scope, receive_or_disconnect, send_no_error)
    |   File "/root/.cache/pypoetry/virtualenvs/src-il7asoJj-py3.13/lib/python3.13/site-packages/starlette/middleware/exceptions.py", line 63, in __call__
    |     await wrap_app_handling_exceptions(self.app, conn)(scope, receive, send)
    |   File "/root/.cache/pypoetry/virtualenvs/src-il7asoJj-py3.13/lib/python3.13/site-packages/starlette/_exception_handler.py", line 53, in wrapped_app
    |     raise exc
    |   File "/root/.cache/pypoetry/virtualenvs/src-il7asoJj-py3.13/lib/python3.13/site-packages/starlette/_exception_handler.py", line 42, in wrapped_app
    |     await app(scope, receive, sender)
    |   File "/root/.cache/pypoetry/virtualenvs/src-il7asoJj-py3.13/lib/python3.13/site-packages/starlette/routing.py", line 716, in __call__
    |     await self.middleware_stack(scope, receive, send)
    |   File "/root/.cache/pypoetry/virtualenvs/src-il7asoJj-py3.13/lib/python3.13/site-packages/starlette/routing.py", line 736, in app
    |     await route.handle(scope, receive, send)
    |   File "/root/.cache/pypoetry/virtualenvs/src-il7asoJj-py3.13/lib/python3.13/site-packages/starlette/routing.py", line 290, in handle
    |     await self.app(scope, receive, send)
    |   File "/root/.cache/pypoetry/virtualenvs/src-il7asoJj-py3.13/lib/python3.13/site-packages/starlette/routing.py", line 78, in app
    |     await wrap_app_handling_exceptions(app, request)(scope, receive, send)
    |   File "/root/.cache/pypoetry/virtualenvs/src-il7asoJj-py3.13/lib/python3.13/site-packages/starlette/_exception_handler.py", line 53, in wrapped_app
    |     raise exc
    |   File "/root/.cache/pypoetry/virtualenvs/src-il7asoJj-py3.13/lib/python3.13/site-packages/starlette/_exception_handler.py", line 42, in wrapped_app
    |     await app(scope, receive, sender)
    |   File "/root/.cache/pypoetry/virtualenvs/src-il7asoJj-py3.13/lib/python3.13/site-packages/starlette/routing.py", line 75, in app
    |     response = await f(request)
    |                ^^^^^^^^^^^^^^^^
    |   File "/root/.cache/pypoetry/virtualenvs/src-il7asoJj-py3.13/lib/python3.13/site-packages/fastapi/routing.py", line 302, in app
    |     raw_response = await run_endpoint_function(
    |                    ^^^^^^^^^^^^^^^^^^^^^^^^^^^^
    |     ...<3 lines>...
    |     )
    |     ^
    |   File "/root/.cache/pypoetry/virtualenvs/src-il7asoJj-py3.13/lib/python3.13/site-packages/fastapi/routing.py", line 213, in run_endpoint_function
    |     return await dependant.call(**values)
    |            ^^^^^^^^^^^^^^^^^^^^^^^^^^^^^^
    |   File "/api_v1/routers/users.py", line 148, in get_current_user
    |     id=UUID(user_data.get("id")),
    |             ^^^^^^^^^^^^^
    | AttributeError: 'NoneType' object has no attribute 'get'
    +------------------------------------

During handling of the above exception, another exception occurred:

Traceback (most recent call last):
  File "/root/.cache/pypoetry/virtualenvs/src-il7asoJj-py3.13/lib/python3.13/site-packages/uvicorn/protocols/http/h11_impl.py", line 403, in run_asgi
    result = await app(  # type: ignore[func-returns-value]
             ^^^^^^^^^^^^^^^^^^^^^^^^^^^^^^^^^^^^^^^^^^^^^^
        self.scope, self.receive, self.send
        ^^^^^^^^^^^^^^^^^^^^^^^^^^^^^^^^^^^
    )
    ^
  File "/root/.cache/pypoetry/virtualenvs/src-il7asoJj-py3.13/lib/python3.13/site-packages/uvicorn/middleware/proxy_headers.py", line 60, in __call__
    return await self.app(scope, receive, send)
           ^^^^^^^^^^^^^^^^^^^^^^^^^^^^^^^^^^^^
  File "/root/.cache/pypoetry/virtualenvs/src-il7asoJj-py3.13/lib/python3.13/site-packages/fastapi/applications.py", line 1054, in __call__
    await super().__call__(scope, receive, send)
  File "/root/.cache/pypoetry/virtualenvs/src-il7asoJj-py3.13/lib/python3.13/site-packages/starlette/applications.py", line 113, in __call__
    await self.middleware_stack(scope, receive, send)
  File "/root/.cache/pypoetry/virtualenvs/src-il7asoJj-py3.13/lib/python3.13/site-packages/starlette/middleware/errors.py", line 176, in __call__
    response = await self.handler(request, exc)
               ^^^^^^^^^^^^^^^^^^^^^^^^^^^^^^^^
  File "/main.py", line 109, in general_database_exception_handler
    raise exc
  File "/root/.cache/pypoetry/virtualenvs/src-il7asoJj-py3.13/lib/python3.13/site-packages/starlette/middleware/errors.py", line 164, in __call__
    await self.app(scope, receive, _send)
  File "/root/.cache/pypoetry/virtualenvs/src-il7asoJj-py3.13/lib/python3.13/site-packages/starlette/middleware/base.py", line 182, in __call__
    with recv_stream, send_stream, collapse_excgroups():
                                   ~~~~~~~~~~~~~~~~~~^^
  File "/usr/local/lib/python3.13/contextlib.py", line 162, in __exit__
    self.gen.throw(value)
    ~~~~~~~~~~~~~~^^^^^^^
  File "/root/.cache/pypoetry/virtualenvs/src-il7asoJj-py3.13/lib/python3.13/site-packages/starlette/_utils.py", line 83, in collapse_excgroups
    raise exc
  File "/root/.cache/pypoetry/virtualenvs/src-il7asoJj-py3.13/lib/python3.13/site-packages/starlette/middleware/base.py", line 184, in __call__
    response = await self.dispatch_func(request, call_next)
               ^^^^^^^^^^^^^^^^^^^^^^^^^^^^^^^^^^^^^^^^^^^^
  File "/main.py", line 127, in add_user_to_request
    response = await call_next(request)
               ^^^^^^^^^^^^^^^^^^^^^^^^
  File "/root/.cache/pypoetry/virtualenvs/src-il7asoJj-py3.13/lib/python3.13/site-packages/starlette/middleware/base.py", line 159, in call_next
    raise app_exc
  File "/root/.cache/pypoetry/virtualenvs/src-il7asoJj-py3.13/lib/python3.13/site-packages/starlette/middleware/base.py", line 144, in coro
    await self.app(scope, receive_or_disconnect, send_no_error)
  File "/root/.cache/pypoetry/virtualenvs/src-il7asoJj-py3.13/lib/python3.13/site-packages/starlette/middleware/exceptions.py", line 63, in __call__
    await wrap_app_handling_exceptions(self.app, conn)(scope, receive, send)
  File "/root/.cache/pypoetry/virtualenvs/src-il7asoJj-py3.13/lib/python3.13/site-packages/starlette/_exception_handler.py", line 53, in wrapped_app
    raise exc
  File "/root/.cache/pypoetry/virtualenvs/src-il7asoJj-py3.13/lib/python3.13/site-packages/starlette/_exception_handler.py", line 42, in wrapped_app
    await app(scope, receive, sender)
  File "/root/.cache/pypoetry/virtualenvs/src-il7asoJj-py3.13/lib/python3.13/site-packages/starlette/routing.py", line 716, in __call__
    await self.middleware_stack(scope, receive, send)
  File "/root/.cache/pypoetry/virtualenvs/src-il7asoJj-py3.13/lib/python3.13/site-packages/starlette/routing.py", line 736, in app
    await route.handle(scope, receive, send)
  File "/root/.cache/pypoetry/virtualenvs/src-il7asoJj-py3.13/lib/python3.13/site-packages/starlette/routing.py", line 290, in handle
    await self.app(scope, receive, send)
  File "/root/.cache/pypoetry/virtualenvs/src-il7asoJj-py3.13/lib/python3.13/site-packages/starlette/routing.py", line 78, in app
    await wrap_app_handling_exceptions(app, request)(scope, receive, send)
  File "/root/.cache/pypoetry/virtualenvs/src-il7asoJj-py3.13/lib/python3.13/site-packages/starlette/_exception_handler.py", line 53, in wrapped_app
    raise exc
  File "/root/.cache/pypoetry/virtualenvs/src-il7asoJj-py3.13/lib/python3.13/site-packages/starlette/_exception_handler.py", line 42, in wrapped_app
    await app(scope, receive, sender)
  File "/root/.cache/pypoetry/virtualenvs/src-il7asoJj-py3.13/lib/python3.13/site-packages/starlette/routing.py", line 75, in app
    response = await f(request)
               ^^^^^^^^^^^^^^^^
  File "/root/.cache/pypoetry/virtualenvs/src-il7asoJj-py3.13/lib/python3.13/site-packages/fastapi/routing.py", line 302, in app
    raw_response = await run_endpoint_function(
                   ^^^^^^^^^^^^^^^^^^^^^^^^^^^^
    ...<3 lines>...
    )
    ^
  File "/root/.cache/pypoetry/virtualenvs/src-il7asoJj-py3.13/lib/python3.13/site-packages/fastapi/routing.py", line 213, in run_endpoint_function
    return await dependant.call(**values)
           ^^^^^^^^^^^^^^^^^^^^^^^^^^^^^^
  File "/api_v1/routers/users.py", line 148, in get_current_user
    id=UUID(user_data.get("id")),
            ^^^^^^^^^^^^^
AttributeError: 'NoneType' object has no attribute 'get'
2025-11-15 07:22:37 - uvicorn.access - INFO - 192.168.48.1:36482 - "GET /users/me HTTP/1.1" 500
2025-11-15 07:24:11 - uvicorn.access - INFO - 192.168.48.1:60900 - "POST /users/login HTTP/1.1" 200
2025-11-15 07:24:14 - uvicorn.access - INFO - 192.168.48.1:60900 - "POST /users/login HTTP/1.1" 200
2025-11-15 07:24:16 - uvicorn.access - INFO - 192.168.48.1:60900 - "POST /users/login HTTP/1.1" 200
2025-11-15 07:24:17 - uvicorn.access - INFO - 192.168.48.1:60900 - "POST /users/login HTTP/1.1" 200
2025-11-15 07:24:18 - uvicorn.access - INFO - 192.168.48.1:60900 - "POST /users/login HTTP/1.1" 200
2025-11-15 21:01:22 - uvicorn.error - INFO - Shutting down
2025-11-15 21:01:22 - uvicorn.error - INFO - Waiting for application shutdown.
2025-11-15 21:01:22 - uvicorn.error - INFO - Application shutdown complete.
2025-11-15 21:01:22 - uvicorn.error - INFO - Finished server process [1]
2025-11-15 21:03:29 - root - INFO - Logging configuration loaded successfully
2025-11-15 21:03:29 - uvicorn.error - INFO - Started server process [1]
2025-11-15 21:03:29 - uvicorn.error - INFO - Waiting for application startup.
2025-11-15 21:03:29 - uvicorn.error - INFO - Application startup complete.
2025-11-15 21:03:29 - uvicorn.error - INFO - Uvicorn running on http://0.0.0.0:8000 (Press CTRL+C to quit)
2025-11-15 21:03:50 - uvicorn.access - INFO - 192.168.48.1:55442 - "GET /docs HTTP/1.1" 200
2025-11-15 21:03:58 - uvicorn.access - INFO - 192.168.48.1:55452 - "POST /users/login HTTP/1.1" 200
2025-11-15 21:04:22 - uvicorn.error - ERROR - Exception in ASGI application
  + Exception Group Traceback (most recent call last):
  |   File "/root/.cache/pypoetry/virtualenvs/src-il7asoJj-py3.13/lib/python3.13/site-packages/starlette/_utils.py", line 77, in collapse_excgroups
  |     yield
  |   File "/root/.cache/pypoetry/virtualenvs/src-il7asoJj-py3.13/lib/python3.13/site-packages/starlette/middleware/base.py", line 183, in __call__
  |     async with anyio.create_task_group() as task_group:
  |                ~~~~~~~~~~~~~~~~~~~~~~~^^
  |   File "/root/.cache/pypoetry/virtualenvs/src-il7asoJj-py3.13/lib/python3.13/site-packages/anyio/_backends/_asyncio.py", line 772, in __aexit__
  |     raise BaseExceptionGroup(
  |         "unhandled errors in a TaskGroup", self._exceptions
  |     ) from None
  | ExceptionGroup: unhandled errors in a TaskGroup (1 sub-exception)
  +-+---------------- 1 ----------------
    | Traceback (most recent call last):
    |   File "/root/.cache/pypoetry/virtualenvs/src-il7asoJj-py3.13/lib/python3.13/site-packages/uvicorn/protocols/http/h11_impl.py", line 403, in run_asgi
    |     result = await app(  # type: ignore[func-returns-value]
    |              ^^^^^^^^^^^^^^^^^^^^^^^^^^^^^^^^^^^^^^^^^^^^^^
    |         self.scope, self.receive, self.send
    |         ^^^^^^^^^^^^^^^^^^^^^^^^^^^^^^^^^^^
    |     )
    |     ^
    |   File "/root/.cache/pypoetry/virtualenvs/src-il7asoJj-py3.13/lib/python3.13/site-packages/uvicorn/middleware/proxy_headers.py", line 60, in __call__
    |     return await self.app(scope, receive, send)
    |            ^^^^^^^^^^^^^^^^^^^^^^^^^^^^^^^^^^^^
    |   File "/root/.cache/pypoetry/virtualenvs/src-il7asoJj-py3.13/lib/python3.13/site-packages/fastapi/applications.py", line 1054, in __call__
    |     await super().__call__(scope, receive, send)
    |   File "/root/.cache/pypoetry/virtualenvs/src-il7asoJj-py3.13/lib/python3.13/site-packages/starlette/applications.py", line 113, in __call__
    |     await self.middleware_stack(scope, receive, send)
    |   File "/root/.cache/pypoetry/virtualenvs/src-il7asoJj-py3.13/lib/python3.13/site-packages/starlette/middleware/errors.py", line 176, in __call__
    |     response = await self.handler(request, exc)
    |                ^^^^^^^^^^^^^^^^^^^^^^^^^^^^^^^^
    |   File "/main.py", line 109, in general_database_exception_handler
    |     raise exc
    |   File "/root/.cache/pypoetry/virtualenvs/src-il7asoJj-py3.13/lib/python3.13/site-packages/starlette/middleware/errors.py", line 164, in __call__
    |     await self.app(scope, receive, _send)
    |   File "/root/.cache/pypoetry/virtualenvs/src-il7asoJj-py3.13/lib/python3.13/site-packages/starlette/middleware/base.py", line 182, in __call__
    |     with recv_stream, send_stream, collapse_excgroups():
    |                                    ~~~~~~~~~~~~~~~~~~^^
    |   File "/usr/local/lib/python3.13/contextlib.py", line 162, in __exit__
    |     self.gen.throw(value)
    |     ~~~~~~~~~~~~~~^^^^^^^
    |   File "/root/.cache/pypoetry/virtualenvs/src-il7asoJj-py3.13/lib/python3.13/site-packages/starlette/_utils.py", line 83, in collapse_excgroups
    |     raise exc
    |   File "/root/.cache/pypoetry/virtualenvs/src-il7asoJj-py3.13/lib/python3.13/site-packages/starlette/middleware/base.py", line 184, in __call__
    |     response = await self.dispatch_func(request, call_next)
    |                ^^^^^^^^^^^^^^^^^^^^^^^^^^^^^^^^^^^^^^^^^^^^
    |   File "/main.py", line 127, in add_user_to_request
    |     response = await call_next(request)
    |                ^^^^^^^^^^^^^^^^^^^^^^^^
    |   File "/root/.cache/pypoetry/virtualenvs/src-il7asoJj-py3.13/lib/python3.13/site-packages/starlette/middleware/base.py", line 159, in call_next
    |     raise app_exc
    |   File "/root/.cache/pypoetry/virtualenvs/src-il7asoJj-py3.13/lib/python3.13/site-packages/starlette/middleware/base.py", line 144, in coro
    |     await self.app(scope, receive_or_disconnect, send_no_error)
    |   File "/root/.cache/pypoetry/virtualenvs/src-il7asoJj-py3.13/lib/python3.13/site-packages/starlette/middleware/exceptions.py", line 63, in __call__
    |     await wrap_app_handling_exceptions(self.app, conn)(scope, receive, send)
    |   File "/root/.cache/pypoetry/virtualenvs/src-il7asoJj-py3.13/lib/python3.13/site-packages/starlette/_exception_handler.py", line 53, in wrapped_app
    |     raise exc
    |   File "/root/.cache/pypoetry/virtualenvs/src-il7asoJj-py3.13/lib/python3.13/site-packages/starlette/_exception_handler.py", line 42, in wrapped_app
    |     await app(scope, receive, sender)
    |   File "/root/.cache/pypoetry/virtualenvs/src-il7asoJj-py3.13/lib/python3.13/site-packages/starlette/routing.py", line 716, in __call__
    |     await self.middleware_stack(scope, receive, send)
    |   File "/root/.cache/pypoetry/virtualenvs/src-il7asoJj-py3.13/lib/python3.13/site-packages/starlette/routing.py", line 736, in app
    |     await route.handle(scope, receive, send)
    |   File "/root/.cache/pypoetry/virtualenvs/src-il7asoJj-py3.13/lib/python3.13/site-packages/starlette/routing.py", line 290, in handle
    |     await self.app(scope, receive, send)
    |   File "/root/.cache/pypoetry/virtualenvs/src-il7asoJj-py3.13/lib/python3.13/site-packages/starlette/routing.py", line 78, in app
    |     await wrap_app_handling_exceptions(app, request)(scope, receive, send)
    |   File "/root/.cache/pypoetry/virtualenvs/src-il7asoJj-py3.13/lib/python3.13/site-packages/starlette/_exception_handler.py", line 53, in wrapped_app
    |     raise exc
    |   File "/root/.cache/pypoetry/virtualenvs/src-il7asoJj-py3.13/lib/python3.13/site-packages/starlette/_exception_handler.py", line 42, in wrapped_app
    |     await app(scope, receive, sender)
    |   File "/root/.cache/pypoetry/virtualenvs/src-il7asoJj-py3.13/lib/python3.13/site-packages/starlette/routing.py", line 75, in app
    |     response = await f(request)
    |                ^^^^^^^^^^^^^^^^
    |   File "/root/.cache/pypoetry/virtualenvs/src-il7asoJj-py3.13/lib/python3.13/site-packages/fastapi/routing.py", line 302, in app
    |     raw_response = await run_endpoint_function(
    |                    ^^^^^^^^^^^^^^^^^^^^^^^^^^^^
    |     ...<3 lines>...
    |     )
    |     ^
    |   File "/root/.cache/pypoetry/virtualenvs/src-il7asoJj-py3.13/lib/python3.13/site-packages/fastapi/routing.py", line 213, in run_endpoint_function
    |     return await dependant.call(**values)
    |            ^^^^^^^^^^^^^^^^^^^^^^^^^^^^^^
    |   File "/api_v1/routers/users.py", line 149, in get_current_user
    |     id=UUID(user_data.get("id")),
    |             ^^^^^^^^^^^^^
    | AttributeError: 'NoneType' object has no attribute 'get'
    +------------------------------------

During handling of the above exception, another exception occurred:

Traceback (most recent call last):
  File "/root/.cache/pypoetry/virtualenvs/src-il7asoJj-py3.13/lib/python3.13/site-packages/uvicorn/protocols/http/h11_impl.py", line 403, in run_asgi
    result = await app(  # type: ignore[func-returns-value]
             ^^^^^^^^^^^^^^^^^^^^^^^^^^^^^^^^^^^^^^^^^^^^^^
        self.scope, self.receive, self.send
        ^^^^^^^^^^^^^^^^^^^^^^^^^^^^^^^^^^^
    )
    ^
  File "/root/.cache/pypoetry/virtualenvs/src-il7asoJj-py3.13/lib/python3.13/site-packages/uvicorn/middleware/proxy_headers.py", line 60, in __call__
    return await self.app(scope, receive, send)
           ^^^^^^^^^^^^^^^^^^^^^^^^^^^^^^^^^^^^
  File "/root/.cache/pypoetry/virtualenvs/src-il7asoJj-py3.13/lib/python3.13/site-packages/fastapi/applications.py", line 1054, in __call__
    await super().__call__(scope, receive, send)
  File "/root/.cache/pypoetry/virtualenvs/src-il7asoJj-py3.13/lib/python3.13/site-packages/starlette/applications.py", line 113, in __call__
    await self.middleware_stack(scope, receive, send)
  File "/root/.cache/pypoetry/virtualenvs/src-il7asoJj-py3.13/lib/python3.13/site-packages/starlette/middleware/errors.py", line 176, in __call__
    response = await self.handler(request, exc)
               ^^^^^^^^^^^^^^^^^^^^^^^^^^^^^^^^
  File "/main.py", line 109, in general_database_exception_handler
    raise exc
  File "/root/.cache/pypoetry/virtualenvs/src-il7asoJj-py3.13/lib/python3.13/site-packages/starlette/middleware/errors.py", line 164, in __call__
    await self.app(scope, receive, _send)
  File "/root/.cache/pypoetry/virtualenvs/src-il7asoJj-py3.13/lib/python3.13/site-packages/starlette/middleware/base.py", line 182, in __call__
    with recv_stream, send_stream, collapse_excgroups():
                                   ~~~~~~~~~~~~~~~~~~^^
  File "/usr/local/lib/python3.13/contextlib.py", line 162, in __exit__
    self.gen.throw(value)
    ~~~~~~~~~~~~~~^^^^^^^
  File "/root/.cache/pypoetry/virtualenvs/src-il7asoJj-py3.13/lib/python3.13/site-packages/starlette/_utils.py", line 83, in collapse_excgroups
    raise exc
  File "/root/.cache/pypoetry/virtualenvs/src-il7asoJj-py3.13/lib/python3.13/site-packages/starlette/middleware/base.py", line 184, in __call__
    response = await self.dispatch_func(request, call_next)
               ^^^^^^^^^^^^^^^^^^^^^^^^^^^^^^^^^^^^^^^^^^^^
  File "/main.py", line 127, in add_user_to_request
    response = await call_next(request)
               ^^^^^^^^^^^^^^^^^^^^^^^^
  File "/root/.cache/pypoetry/virtualenvs/src-il7asoJj-py3.13/lib/python3.13/site-packages/starlette/middleware/base.py", line 159, in call_next
    raise app_exc
  File "/root/.cache/pypoetry/virtualenvs/src-il7asoJj-py3.13/lib/python3.13/site-packages/starlette/middleware/base.py", line 144, in coro
    await self.app(scope, receive_or_disconnect, send_no_error)
  File "/root/.cache/pypoetry/virtualenvs/src-il7asoJj-py3.13/lib/python3.13/site-packages/starlette/middleware/exceptions.py", line 63, in __call__
    await wrap_app_handling_exceptions(self.app, conn)(scope, receive, send)
  File "/root/.cache/pypoetry/virtualenvs/src-il7asoJj-py3.13/lib/python3.13/site-packages/starlette/_exception_handler.py", line 53, in wrapped_app
    raise exc
  File "/root/.cache/pypoetry/virtualenvs/src-il7asoJj-py3.13/lib/python3.13/site-packages/starlette/_exception_handler.py", line 42, in wrapped_app
    await app(scope, receive, sender)
  File "/root/.cache/pypoetry/virtualenvs/src-il7asoJj-py3.13/lib/python3.13/site-packages/starlette/routing.py", line 716, in __call__
    await self.middleware_stack(scope, receive, send)
  File "/root/.cache/pypoetry/virtualenvs/src-il7asoJj-py3.13/lib/python3.13/site-packages/starlette/routing.py", line 736, in app
    await route.handle(scope, receive, send)
  File "/root/.cache/pypoetry/virtualenvs/src-il7asoJj-py3.13/lib/python3.13/site-packages/starlette/routing.py", line 290, in handle
    await self.app(scope, receive, send)
  File "/root/.cache/pypoetry/virtualenvs/src-il7asoJj-py3.13/lib/python3.13/site-packages/starlette/routing.py", line 78, in app
    await wrap_app_handling_exceptions(app, request)(scope, receive, send)
  File "/root/.cache/pypoetry/virtualenvs/src-il7asoJj-py3.13/lib/python3.13/site-packages/starlette/_exception_handler.py", line 53, in wrapped_app
    raise exc
  File "/root/.cache/pypoetry/virtualenvs/src-il7asoJj-py3.13/lib/python3.13/site-packages/starlette/_exception_handler.py", line 42, in wrapped_app
    await app(scope, receive, sender)
  File "/root/.cache/pypoetry/virtualenvs/src-il7asoJj-py3.13/lib/python3.13/site-packages/starlette/routing.py", line 75, in app
    response = await f(request)
               ^^^^^^^^^^^^^^^^
  File "/root/.cache/pypoetry/virtualenvs/src-il7asoJj-py3.13/lib/python3.13/site-packages/fastapi/routing.py", line 302, in app
    raw_response = await run_endpoint_function(
                   ^^^^^^^^^^^^^^^^^^^^^^^^^^^^
    ...<3 lines>...
    )
    ^
  File "/root/.cache/pypoetry/virtualenvs/src-il7asoJj-py3.13/lib/python3.13/site-packages/fastapi/routing.py", line 213, in run_endpoint_function
    return await dependant.call(**values)
           ^^^^^^^^^^^^^^^^^^^^^^^^^^^^^^
  File "/api_v1/routers/users.py", line 149, in get_current_user
    id=UUID(user_data.get("id")),
            ^^^^^^^^^^^^^
AttributeError: 'NoneType' object has no attribute 'get'
2025-11-15 21:04:22 - uvicorn.access - INFO - 192.168.48.1:39210 - "GET /users/me HTTP/1.1" 500
2025-11-15 21:14:18 - root - INFO - Logging configuration loaded successfully
2025-11-15 21:14:18 - uvicorn.error - INFO - Started server process [1]
2025-11-15 21:14:18 - uvicorn.error - INFO - Waiting for application startup.
2025-11-15 21:14:18 - uvicorn.error - INFO - Application startup complete.
2025-11-15 21:14:18 - uvicorn.error - INFO - Uvicorn running on http://0.0.0.0:8000 (Press CTRL+C to quit)
2025-11-15 21:35:14 - uvicorn.error - INFO - Shutting down
2025-11-15 21:35:14 - uvicorn.error - INFO - Waiting for application shutdown.
2025-11-15 21:35:14 - uvicorn.error - INFO - Application shutdown complete.
2025-11-15 21:35:14 - uvicorn.error - INFO - Finished server process [1]
2025-11-15 21:35:34 - root - INFO - Logging configuration loaded successfully
2025-11-15 21:35:34 - uvicorn.error - INFO - Started server process [1]
2025-11-15 21:35:34 - uvicorn.error - INFO - Waiting for application startup.
2025-11-15 21:35:34 - uvicorn.error - INFO - Application startup complete.
2025-11-15 21:35:34 - uvicorn.error - INFO - Uvicorn running on http://0.0.0.0:8000 (Press CTRL+C to quit)
2025-11-15 21:36:00 - uvicorn.access - INFO - 192.168.48.1:57582 - "GET /docs HTTP/1.1" 200
2025-11-15 21:36:02 - uvicorn.access - INFO - 192.168.48.1:57582 - "GET /openapi.json HTTP/1.1" 200
2025-11-15 21:36:55 - uvicorn.access - INFO - 192.168.48.1:57590 - "POST /users/login HTTP/1.1" 200
2025-11-15 21:38:14 - uvicorn.access - INFO - 192.168.48.1:56812 - "GET /users/me HTTP/1.1" 401
2025-11-15 21:38:36 - uvicorn.access - INFO - 192.168.48.1:46288 - "GET /api/v1/adverts/my HTTP/1.1" 401
2025-11-15 21:42:19 - uvicorn.error - INFO - Shutting down
2025-11-15 21:42:19 - uvicorn.error - INFO - Waiting for application shutdown.
2025-11-15 21:42:19 - uvicorn.error - INFO - Application shutdown complete.
2025-11-15 21:42:19 - uvicorn.error - INFO - Finished server process [1]
2025-11-15 21:43:25 - root - INFO - Logging configuration loaded successfully
2025-11-15 21:43:25 - uvicorn.error - INFO - Started server process [1]
2025-11-15 21:43:25 - uvicorn.error - INFO - Waiting for application startup.
2025-11-15 21:43:25 - uvicorn.error - INFO - Application startup complete.
2025-11-15 21:43:25 - uvicorn.error - INFO - Uvicorn running on http://0.0.0.0:8000 (Press CTRL+C to quit)
2025-11-15 21:43:33 - uvicorn.access - INFO - 172.19.0.1:41532 - "GET /docs HTTP/1.1" 200
2025-11-15 21:43:36 - uvicorn.access - INFO - 172.19.0.1:41532 - "GET /docs HTTP/1.1" 200
2025-11-15 21:43:39 - uvicorn.access - INFO - 172.19.0.1:41532 - "GET /openapi.json HTTP/1.1" 200
2025-11-15 21:43:50 - uvicorn.access - INFO - 172.19.0.1:41544 - "GET /users/debug HTTP/1.1" 200
2025-11-15 21:46:35 - uvicorn.access - INFO - 172.19.0.1:32884 - "POST /users/login HTTP/1.1" 200
2025-11-15 21:47:19 - uvicorn.access - INFO - 172.19.0.1:58354 - "GET /users/debug HTTP/1.1" 200
2025-11-15 21:47:22 - uvicorn.access - INFO - 172.19.0.1:58354 - "GET /users/debug HTTP/1.1" 200
2025-11-15 21:47:23 - uvicorn.access - INFO - 172.19.0.1:58354 - "GET /users/debug HTTP/1.1" 200
2025-11-15 21:47:24 - uvicorn.access - INFO - 172.19.0.1:58354 - "GET /users/debug HTTP/1.1" 200
2025-11-15 22:02:21 - root - INFO - Logging configuration loaded successfully
2025-11-15 22:02:21 - uvicorn.error - INFO - Started server process [1]
2025-11-15 22:02:21 - uvicorn.error - INFO - Waiting for application startup.
2025-11-15 22:02:21 - uvicorn.error - INFO - Application startup complete.
2025-11-15 22:02:21 - uvicorn.error - INFO - Uvicorn running on http://0.0.0.0:8000 (Press CTRL+C to quit)
2025-11-15 22:10:10 - root - INFO - Logging configuration loaded successfully
2025-11-15 22:10:10 - uvicorn.error - INFO - Started server process [1]
2025-11-15 22:10:10 - uvicorn.error - INFO - Waiting for application startup.
2025-11-15 22:10:10 - uvicorn.error - INFO - Application startup complete.
2025-11-15 22:10:10 - uvicorn.error - INFO - Uvicorn running on http://0.0.0.0:8000 (Press CTRL+C to quit)
2025-11-16 06:32:31 - uvicorn.error - INFO - Shutting down
2025-11-16 06:32:31 - uvicorn.error - INFO - Waiting for application shutdown.
2025-11-16 06:32:31 - uvicorn.error - INFO - Application shutdown complete.
2025-11-16 06:32:31 - uvicorn.error - INFO - Finished server process [1]
2025-11-16 06:35:42 - root - INFO - Logging configuration loaded successfully
2025-11-16 06:35:42 - uvicorn.error - INFO - Started server process [1]
2025-11-16 06:35:42 - uvicorn.error - INFO - Waiting for application startup.
2025-11-16 06:35:42 - uvicorn.error - INFO - Application startup complete.
2025-11-16 06:35:42 - uvicorn.error - INFO - Uvicorn running on http://0.0.0.0:8000 (Press CTRL+C to quit)
2025-11-16 06:36:23 - uvicorn.access - INFO - 172.19.0.1:37610 - "GET /docs HTTP/1.1" 200
2025-11-16 06:36:24 - uvicorn.access - INFO - 172.19.0.1:37610 - "GET /openapi.json HTTP/1.1" 200
2025-11-16 06:36:59 - uvicorn.access - INFO - 172.19.0.1:37616 - "POST /api/v1/users/login HTTP/1.1" 200
2025-11-16 06:37:34 - uvicorn.access - INFO - 172.19.0.1:57746 - "GET /api/v1/users/debug HTTP/1.1" 200
2025-11-16 06:37:43 - uvicorn.access - INFO - 172.19.0.1:59764 - "GET /api/v1/users/debug HTTP/1.1" 200
2025-11-16 06:37:53 - uvicorn.access - INFO - 172.19.0.1:45976 - "GET /api/v1/adverts/my HTTP/1.1" 401
2025-11-16 06:38:25 - uvicorn.access - INFO - 172.19.0.1:43878 - "GET /api/v1/users/me HTTP/1.1" 401
2025-11-16 06:42:28 - uvicorn.error - INFO - Shutting down
2025-11-16 06:42:28 - uvicorn.error - INFO - Waiting for application shutdown.
2025-11-16 06:42:28 - uvicorn.error - INFO - Application shutdown complete.
2025-11-16 06:42:28 - uvicorn.error - INFO - Finished server process [1]
2025-11-16 06:45:05 - root - INFO - Logging configuration loaded successfully
2025-11-16 06:45:05 - uvicorn.error - INFO - Started server process [1]
2025-11-16 06:45:05 - uvicorn.error - INFO - Waiting for application startup.
2025-11-16 06:45:05 - uvicorn.error - INFO - Application startup complete.
2025-11-16 06:45:05 - uvicorn.error - INFO - Uvicorn running on http://0.0.0.0:8000 (Press CTRL+C to quit)
2025-11-16 06:45:35 - uvicorn.access - INFO - 172.20.0.1:45744 - "GET /docs HTTP/1.1" 200
2025-11-16 06:45:36 - uvicorn.access - INFO - 172.20.0.1:45744 - "GET /openapi.json HTTP/1.1" 200
2025-11-16 06:46:14 - uvicorn.access - INFO - 172.20.0.1:45752 - "POST /api/v1/users/login HTTP/1.1" 200
2025-11-16 06:46:49 - uvicorn.access - INFO - 172.20.0.1:55532 - "GET /api/v1/users/debug HTTP/1.1" 200
2025-11-16 06:47:13 - uvicorn.access - INFO - 172.20.0.1:55882 - "GET /api/v1/users/debug HTTP/1.1" 200
2025-11-16 06:47:33 - uvicorn.access - INFO - 172.20.0.1:59070 - "GET /api/v1/users/debug HTTP/1.1" 200
2025-11-16 06:51:13 - uvicorn.error - INFO - Shutting down
2025-11-16 06:51:13 - uvicorn.error - INFO - Waiting for application shutdown.
2025-11-16 06:51:13 - uvicorn.error - INFO - Application shutdown complete.
2025-11-16 06:51:13 - uvicorn.error - INFO - Finished server process [1]
2025-11-16 06:55:26 - root - INFO - Logging configuration loaded successfully
2025-11-16 06:55:26 - uvicorn.error - INFO - Started server process [1]
2025-11-16 06:55:26 - uvicorn.error - INFO - Waiting for application startup.
2025-11-16 06:55:26 - uvicorn.error - INFO - Application startup complete.
2025-11-16 06:55:26 - uvicorn.error - INFO - Uvicorn running on http://0.0.0.0:8000 (Press CTRL+C to quit)
2025-11-16 06:55:37 - uvicorn.access - INFO - 172.21.0.1:46226 - "GET /docs HTTP/1.1" 200
2025-11-16 06:55:38 - uvicorn.error - ERROR - Exception in ASGI application
  + Exception Group Traceback (most recent call last):
  |   File "/root/.cache/pypoetry/virtualenvs/src-il7asoJj-py3.13/lib/python3.13/site-packages/starlette/_utils.py", line 77, in collapse_excgroups
  |     yield
  |   File "/root/.cache/pypoetry/virtualenvs/src-il7asoJj-py3.13/lib/python3.13/site-packages/starlette/middleware/base.py", line 183, in __call__
  |     async with anyio.create_task_group() as task_group:
  |                ~~~~~~~~~~~~~~~~~~~~~~~^^
  |   File "/root/.cache/pypoetry/virtualenvs/src-il7asoJj-py3.13/lib/python3.13/site-packages/anyio/_backends/_asyncio.py", line 772, in __aexit__
  |     raise BaseExceptionGroup(
  |         "unhandled errors in a TaskGroup", self._exceptions
  |     ) from None
  | ExceptionGroup: unhandled errors in a TaskGroup (1 sub-exception)
  +-+---------------- 1 ----------------
    | Traceback (most recent call last):
    |   File "/root/.cache/pypoetry/virtualenvs/src-il7asoJj-py3.13/lib/python3.13/site-packages/uvicorn/protocols/http/h11_impl.py", line 403, in run_asgi
    |     result = await app(  # type: ignore[func-returns-value]
    |              ^^^^^^^^^^^^^^^^^^^^^^^^^^^^^^^^^^^^^^^^^^^^^^
    |         self.scope, self.receive, self.send
    |         ^^^^^^^^^^^^^^^^^^^^^^^^^^^^^^^^^^^
    |     )
    |     ^
    |   File "/root/.cache/pypoetry/virtualenvs/src-il7asoJj-py3.13/lib/python3.13/site-packages/uvicorn/middleware/proxy_headers.py", line 60, in __call__
    |     return await self.app(scope, receive, send)
    |            ^^^^^^^^^^^^^^^^^^^^^^^^^^^^^^^^^^^^
    |   File "/root/.cache/pypoetry/virtualenvs/src-il7asoJj-py3.13/lib/python3.13/site-packages/fastapi/applications.py", line 1054, in __call__
    |     await super().__call__(scope, receive, send)
    |   File "/root/.cache/pypoetry/virtualenvs/src-il7asoJj-py3.13/lib/python3.13/site-packages/starlette/applications.py", line 113, in __call__
    |     await self.middleware_stack(scope, receive, send)
    |   File "/root/.cache/pypoetry/virtualenvs/src-il7asoJj-py3.13/lib/python3.13/site-packages/starlette/middleware/errors.py", line 176, in __call__
    |     response = await self.handler(request, exc)
    |                ^^^^^^^^^^^^^^^^^^^^^^^^^^^^^^^^
    |   File "/main.py", line 144, in general_database_exception_handler
    |     raise exc
    |   File "/root/.cache/pypoetry/virtualenvs/src-il7asoJj-py3.13/lib/python3.13/site-packages/starlette/middleware/errors.py", line 164, in __call__
    |     await self.app(scope, receive, _send)
    |   File "/root/.cache/pypoetry/virtualenvs/src-il7asoJj-py3.13/lib/python3.13/site-packages/starlette/middleware/base.py", line 182, in __call__
    |     with recv_stream, send_stream, collapse_excgroups():
    |                                    ~~~~~~~~~~~~~~~~~~^^
    |   File "/usr/local/lib/python3.13/contextlib.py", line 162, in __exit__
    |     self.gen.throw(value)
    |     ~~~~~~~~~~~~~~^^^^^^^
    |   File "/root/.cache/pypoetry/virtualenvs/src-il7asoJj-py3.13/lib/python3.13/site-packages/starlette/_utils.py", line 83, in collapse_excgroups
    |     raise exc
    |   File "/root/.cache/pypoetry/virtualenvs/src-il7asoJj-py3.13/lib/python3.13/site-packages/starlette/middleware/base.py", line 184, in __call__
    |     response = await self.dispatch_func(request, call_next)
    |                ^^^^^^^^^^^^^^^^^^^^^^^^^^^^^^^^^^^^^^^^^^^^
    |   File "/main.py", line 162, in add_user_to_request
    |     response = await call_next(request)
    |                ^^^^^^^^^^^^^^^^^^^^^^^^
    |   File "/root/.cache/pypoetry/virtualenvs/src-il7asoJj-py3.13/lib/python3.13/site-packages/starlette/middleware/base.py", line 159, in call_next
    |     raise app_exc
    |   File "/root/.cache/pypoetry/virtualenvs/src-il7asoJj-py3.13/lib/python3.13/site-packages/starlette/middleware/base.py", line 144, in coro
    |     await self.app(scope, receive_or_disconnect, send_no_error)
    |   File "/root/.cache/pypoetry/virtualenvs/src-il7asoJj-py3.13/lib/python3.13/site-packages/starlette/middleware/exceptions.py", line 63, in __call__
    |     await wrap_app_handling_exceptions(self.app, conn)(scope, receive, send)
    |   File "/root/.cache/pypoetry/virtualenvs/src-il7asoJj-py3.13/lib/python3.13/site-packages/starlette/_exception_handler.py", line 53, in wrapped_app
    |     raise exc
    |   File "/root/.cache/pypoetry/virtualenvs/src-il7asoJj-py3.13/lib/python3.13/site-packages/starlette/_exception_handler.py", line 42, in wrapped_app
    |     await app(scope, receive, sender)
    |   File "/root/.cache/pypoetry/virtualenvs/src-il7asoJj-py3.13/lib/python3.13/site-packages/starlette/routing.py", line 716, in __call__
    |     await self.middleware_stack(scope, receive, send)
    |   File "/root/.cache/pypoetry/virtualenvs/src-il7asoJj-py3.13/lib/python3.13/site-packages/starlette/routing.py", line 736, in app
    |     await route.handle(scope, receive, send)
    |   File "/root/.cache/pypoetry/virtualenvs/src-il7asoJj-py3.13/lib/python3.13/site-packages/starlette/routing.py", line 290, in handle
    |     await self.app(scope, receive, send)
    |   File "/root/.cache/pypoetry/virtualenvs/src-il7asoJj-py3.13/lib/python3.13/site-packages/starlette/routing.py", line 78, in app
    |     await wrap_app_handling_exceptions(app, request)(scope, receive, send)
    |   File "/root/.cache/pypoetry/virtualenvs/src-il7asoJj-py3.13/lib/python3.13/site-packages/starlette/_exception_handler.py", line 53, in wrapped_app
    |     raise exc
    |   File "/root/.cache/pypoetry/virtualenvs/src-il7asoJj-py3.13/lib/python3.13/site-packages/starlette/_exception_handler.py", line 42, in wrapped_app
    |     await app(scope, receive, sender)
    |   File "/root/.cache/pypoetry/virtualenvs/src-il7asoJj-py3.13/lib/python3.13/site-packages/starlette/routing.py", line 75, in app
    |     response = await f(request)
    |                ^^^^^^^^^^^^^^^^
    |   File "/root/.cache/pypoetry/virtualenvs/src-il7asoJj-py3.13/lib/python3.13/site-packages/fastapi/applications.py", line 1009, in openapi
    |     return JSONResponse(self.openapi())
    |                         ~~~~~~~~~~~~^^
    |   File "/main.py", line 86, in custom_openapi
    |     openapi_schema = get_openapi(
    |                      ^^^^^^^^^^^
    | NameError: name 'get_openapi' is not defined
    +------------------------------------

During handling of the above exception, another exception occurred:

Traceback (most recent call last):
  File "/root/.cache/pypoetry/virtualenvs/src-il7asoJj-py3.13/lib/python3.13/site-packages/uvicorn/protocols/http/h11_impl.py", line 403, in run_asgi
    result = await app(  # type: ignore[func-returns-value]
             ^^^^^^^^^^^^^^^^^^^^^^^^^^^^^^^^^^^^^^^^^^^^^^
        self.scope, self.receive, self.send
        ^^^^^^^^^^^^^^^^^^^^^^^^^^^^^^^^^^^
    )
    ^
  File "/root/.cache/pypoetry/virtualenvs/src-il7asoJj-py3.13/lib/python3.13/site-packages/uvicorn/middleware/proxy_headers.py", line 60, in __call__
    return await self.app(scope, receive, send)
           ^^^^^^^^^^^^^^^^^^^^^^^^^^^^^^^^^^^^
  File "/root/.cache/pypoetry/virtualenvs/src-il7asoJj-py3.13/lib/python3.13/site-packages/fastapi/applications.py", line 1054, in __call__
    await super().__call__(scope, receive, send)
  File "/root/.cache/pypoetry/virtualenvs/src-il7asoJj-py3.13/lib/python3.13/site-packages/starlette/applications.py", line 113, in __call__
    await self.middleware_stack(scope, receive, send)
  File "/root/.cache/pypoetry/virtualenvs/src-il7asoJj-py3.13/lib/python3.13/site-packages/starlette/middleware/errors.py", line 176, in __call__
    response = await self.handler(request, exc)
               ^^^^^^^^^^^^^^^^^^^^^^^^^^^^^^^^
  File "/main.py", line 144, in general_database_exception_handler
    raise exc
  File "/root/.cache/pypoetry/virtualenvs/src-il7asoJj-py3.13/lib/python3.13/site-packages/starlette/middleware/errors.py", line 164, in __call__
    await self.app(scope, receive, _send)
  File "/root/.cache/pypoetry/virtualenvs/src-il7asoJj-py3.13/lib/python3.13/site-packages/starlette/middleware/base.py", line 182, in __call__
    with recv_stream, send_stream, collapse_excgroups():
                                   ~~~~~~~~~~~~~~~~~~^^
  File "/usr/local/lib/python3.13/contextlib.py", line 162, in __exit__
    self.gen.throw(value)
    ~~~~~~~~~~~~~~^^^^^^^
  File "/root/.cache/pypoetry/virtualenvs/src-il7asoJj-py3.13/lib/python3.13/site-packages/starlette/_utils.py", line 83, in collapse_excgroups
    raise exc
  File "/root/.cache/pypoetry/virtualenvs/src-il7asoJj-py3.13/lib/python3.13/site-packages/starlette/middleware/base.py", line 184, in __call__
    response = await self.dispatch_func(request, call_next)
               ^^^^^^^^^^^^^^^^^^^^^^^^^^^^^^^^^^^^^^^^^^^^
  File "/main.py", line 162, in add_user_to_request
    response = await call_next(request)
               ^^^^^^^^^^^^^^^^^^^^^^^^
  File "/root/.cache/pypoetry/virtualenvs/src-il7asoJj-py3.13/lib/python3.13/site-packages/starlette/middleware/base.py", line 159, in call_next
    raise app_exc
  File "/root/.cache/pypoetry/virtualenvs/src-il7asoJj-py3.13/lib/python3.13/site-packages/starlette/middleware/base.py", line 144, in coro
    await self.app(scope, receive_or_disconnect, send_no_error)
  File "/root/.cache/pypoetry/virtualenvs/src-il7asoJj-py3.13/lib/python3.13/site-packages/starlette/middleware/exceptions.py", line 63, in __call__
    await wrap_app_handling_exceptions(self.app, conn)(scope, receive, send)
  File "/root/.cache/pypoetry/virtualenvs/src-il7asoJj-py3.13/lib/python3.13/site-packages/starlette/_exception_handler.py", line 53, in wrapped_app
    raise exc
  File "/root/.cache/pypoetry/virtualenvs/src-il7asoJj-py3.13/lib/python3.13/site-packages/starlette/_exception_handler.py", line 42, in wrapped_app
    await app(scope, receive, sender)
  File "/root/.cache/pypoetry/virtualenvs/src-il7asoJj-py3.13/lib/python3.13/site-packages/starlette/routing.py", line 716, in __call__
    await self.middleware_stack(scope, receive, send)
  File "/root/.cache/pypoetry/virtualenvs/src-il7asoJj-py3.13/lib/python3.13/site-packages/starlette/routing.py", line 736, in app
    await route.handle(scope, receive, send)
  File "/root/.cache/pypoetry/virtualenvs/src-il7asoJj-py3.13/lib/python3.13/site-packages/starlette/routing.py", line 290, in handle
    await self.app(scope, receive, send)
  File "/root/.cache/pypoetry/virtualenvs/src-il7asoJj-py3.13/lib/python3.13/site-packages/starlette/routing.py", line 78, in app
    await wrap_app_handling_exceptions(app, request)(scope, receive, send)
  File "/root/.cache/pypoetry/virtualenvs/src-il7asoJj-py3.13/lib/python3.13/site-packages/starlette/_exception_handler.py", line 53, in wrapped_app
    raise exc
  File "/root/.cache/pypoetry/virtualenvs/src-il7asoJj-py3.13/lib/python3.13/site-packages/starlette/_exception_handler.py", line 42, in wrapped_app
    await app(scope, receive, sender)
  File "/root/.cache/pypoetry/virtualenvs/src-il7asoJj-py3.13/lib/python3.13/site-packages/starlette/routing.py", line 75, in app
    response = await f(request)
               ^^^^^^^^^^^^^^^^
  File "/root/.cache/pypoetry/virtualenvs/src-il7asoJj-py3.13/lib/python3.13/site-packages/fastapi/applications.py", line 1009, in openapi
    return JSONResponse(self.openapi())
                        ~~~~~~~~~~~~^^
  File "/main.py", line 86, in custom_openapi
    openapi_schema = get_openapi(
                     ^^^^^^^^^^^
NameError: name 'get_openapi' is not defined
2025-11-16 06:55:38 - uvicorn.access - INFO - 172.21.0.1:46226 - "GET /openapi.json HTTP/1.1" 500
2025-11-16 06:57:08 - uvicorn.error - INFO - Shutting down
2025-11-16 06:57:08 - uvicorn.error - INFO - Waiting for application shutdown.
2025-11-16 06:57:08 - uvicorn.error - INFO - Application shutdown complete.
2025-11-16 06:57:08 - uvicorn.error - INFO - Finished server process [1]
2025-11-16 06:59:13 - root - INFO - Logging configuration loaded successfully
2025-11-16 06:59:13 - uvicorn.error - INFO - Started server process [1]
2025-11-16 06:59:13 - uvicorn.error - INFO - Waiting for application startup.
2025-11-16 06:59:13 - uvicorn.error - INFO - Application startup complete.
2025-11-16 06:59:13 - uvicorn.error - INFO - Uvicorn running on http://0.0.0.0:8000 (Press CTRL+C to quit)
2025-11-16 06:59:20 - uvicorn.access - INFO - 172.22.0.1:40676 - "GET /docs HTTP/1.1" 200
2025-11-16 06:59:21 - uvicorn.access - INFO - 172.22.0.1:40676 - "GET /openapi.json HTTP/1.1" 200
2025-11-16 06:59:32 - uvicorn.access - INFO - 172.22.0.1:40682 - "GET /api/v1/users/debug HTTP/1.1" 200
2025-11-16 06:59:37 - uvicorn.access - INFO - 172.22.0.1:40682 - "GET /api/v1/users/debug HTTP/1.1" 200
2025-11-16 06:59:54 - uvicorn.access - INFO - 172.22.0.1:60254 - "GET /api/v1/adverts/ HTTP/1.1" 200
2025-11-16 07:04:52 - uvicorn.error - INFO - Shutting down
2025-11-16 07:04:52 - uvicorn.error - INFO - Waiting for application shutdown.
2025-11-16 07:04:52 - uvicorn.error - INFO - Application shutdown complete.
2025-11-16 07:04:52 - uvicorn.error - INFO - Finished server process [1]
2025-11-16 07:05:59 - root - INFO - Logging configuration loaded successfully
2025-11-16 07:05:59 - uvicorn.error - INFO - Started server process [1]
2025-11-16 07:05:59 - uvicorn.error - INFO - Waiting for application startup.
2025-11-16 07:05:59 - uvicorn.error - INFO - Application startup complete.
2025-11-16 07:05:59 - uvicorn.error - INFO - Uvicorn running on http://0.0.0.0:8000 (Press CTRL+C to quit)
2025-11-16 07:06:08 - uvicorn.access - INFO - 172.23.0.1:42586 - "GET /docs HTTP/1.1" 200
2025-11-16 07:06:10 - uvicorn.access - INFO - 172.23.0.1:42586 - "GET /openapi.json HTTP/1.1" 200
2025-11-16 07:07:13 - uvicorn.access - INFO - 172.23.0.1:41908 - "POST /api/v1/users/login HTTP/1.1" 403
2025-11-16 07:08:55 - uvicorn.error - INFO - Shutting down
2025-11-16 07:08:55 - uvicorn.error - INFO - Waiting for application shutdown.
2025-11-16 07:08:55 - uvicorn.error - INFO - Application shutdown complete.
2025-11-16 07:08:55 - uvicorn.error - INFO - Finished server process [1]
2025-11-16 07:10:03 - root - INFO - Logging configuration loaded successfully
2025-11-16 07:10:03 - uvicorn.error - INFO - Started server process [1]
2025-11-16 07:10:03 - uvicorn.error - INFO - Waiting for application startup.
2025-11-16 07:10:03 - uvicorn.error - INFO - Application startup complete.
2025-11-16 07:10:03 - uvicorn.error - INFO - Uvicorn running on http://0.0.0.0:8000 (Press CTRL+C to quit)
2025-11-16 07:10:12 - uvicorn.access - INFO - 172.24.0.1:35482 - "GET /docs HTTP/1.1" 200
2025-11-16 07:10:12 - uvicorn.access - INFO - 172.24.0.1:35482 - "GET /openapi.json HTTP/1.1" 200
2025-11-16 07:10:55 - uvicorn.access - INFO - 172.24.0.1:35488 - "POST /api/v1/users/login HTTP/1.1" 200
2025-11-16 07:11:30 - uvicorn.access - INFO - 172.24.0.1:40700 - "GET /api/v1/users/me HTTP/1.1" 401
2025-11-16 07:18:48 - uvicorn.access - INFO - 172.24.0.1:46134 - "GET /api/v1/users/debug HTTP/1.1" 200
2025-11-16 07:18:59 - uvicorn.access - INFO - 172.24.0.1:43712 - "GET /api/v1/users/me HTTP/1.1" 401
2025-11-16 07:19:03 - uvicorn.access - INFO - 172.24.0.1:43712 - "GET /api/v1/users/me HTTP/1.1" 401
2025-11-16 07:21:45 - uvicorn.error - INFO - Shutting down
2025-11-16 07:21:45 - uvicorn.error - INFO - Waiting for application shutdown.
2025-11-16 07:21:45 - uvicorn.error - INFO - Application shutdown complete.
2025-11-16 07:21:45 - uvicorn.error - INFO - Finished server process [1]
2025-11-16 07:23:35 - root - INFO - Logging configuration loaded successfully
2025-11-16 07:23:35 - uvicorn.error - INFO - Started server process [1]
2025-11-16 07:23:35 - uvicorn.error - INFO - Waiting for application startup.
2025-11-16 07:23:35 - uvicorn.error - INFO - Application startup complete.
2025-11-16 07:23:35 - uvicorn.error - INFO - Uvicorn running on http://0.0.0.0:8000 (Press CTRL+C to quit)
2025-11-16 07:24:11 - uvicorn.access - INFO - 172.25.0.1:48656 - "GET /docs HTTP/1.1" 200
2025-11-16 07:24:12 - uvicorn.access - INFO - 172.25.0.1:48656 - "GET /openapi.json HTTP/1.1" 200
2025-11-16 07:24:21 - uvicorn.access - INFO - 172.25.0.1:48670 - "GET /api/v1/users/debug HTTP/1.1" 200
2025-11-16 07:24:35 - uvicorn.access - INFO - 172.25.0.1:43498 - "GET /api/v1/users/test-simple HTTP/1.1" 403
2025-11-16 07:25:25 - uvicorn.access - INFO - 172.25.0.1:42002 - "POST /api/v1/users/login HTTP/1.1" 200
2025-11-16 07:26:53 - uvicorn.access - INFO - 172.25.0.1:43694 - "GET /api/v1/users/test-simple HTTP/1.1" 200
2025-11-16 07:27:21 - uvicorn.error - ERROR - Exception in ASGI application
  + Exception Group Traceback (most recent call last):
  |   File "/root/.cache/pypoetry/virtualenvs/src-il7asoJj-py3.13/lib/python3.13/site-packages/starlette/_utils.py", line 77, in collapse_excgroups
  |     yield
  |   File "/root/.cache/pypoetry/virtualenvs/src-il7asoJj-py3.13/lib/python3.13/site-packages/starlette/middleware/base.py", line 183, in __call__
  |     async with anyio.create_task_group() as task_group:
  |                ~~~~~~~~~~~~~~~~~~~~~~~^^
  |   File "/root/.cache/pypoetry/virtualenvs/src-il7asoJj-py3.13/lib/python3.13/site-packages/anyio/_backends/_asyncio.py", line 772, in __aexit__
  |     raise BaseExceptionGroup(
  |         "unhandled errors in a TaskGroup", self._exceptions
  |     ) from None
  | ExceptionGroup: unhandled errors in a TaskGroup (1 sub-exception)
  +-+---------------- 1 ----------------
    | Traceback (most recent call last):
    |   File "/root/.cache/pypoetry/virtualenvs/src-il7asoJj-py3.13/lib/python3.13/site-packages/uvicorn/protocols/http/h11_impl.py", line 403, in run_asgi
    |     result = await app(  # type: ignore[func-returns-value]
    |              ^^^^^^^^^^^^^^^^^^^^^^^^^^^^^^^^^^^^^^^^^^^^^^
    |         self.scope, self.receive, self.send
    |         ^^^^^^^^^^^^^^^^^^^^^^^^^^^^^^^^^^^
    |     )
    |     ^
    |   File "/root/.cache/pypoetry/virtualenvs/src-il7asoJj-py3.13/lib/python3.13/site-packages/uvicorn/middleware/proxy_headers.py", line 60, in __call__
    |     return await self.app(scope, receive, send)
    |            ^^^^^^^^^^^^^^^^^^^^^^^^^^^^^^^^^^^^
    |   File "/root/.cache/pypoetry/virtualenvs/src-il7asoJj-py3.13/lib/python3.13/site-packages/fastapi/applications.py", line 1054, in __call__
    |     await super().__call__(scope, receive, send)
    |   File "/root/.cache/pypoetry/virtualenvs/src-il7asoJj-py3.13/lib/python3.13/site-packages/starlette/applications.py", line 113, in __call__
    |     await self.middleware_stack(scope, receive, send)
    |   File "/root/.cache/pypoetry/virtualenvs/src-il7asoJj-py3.13/lib/python3.13/site-packages/starlette/middleware/errors.py", line 176, in __call__
    |     response = await self.handler(request, exc)
    |                ^^^^^^^^^^^^^^^^^^^^^^^^^^^^^^^^
    |   File "/main.py", line 114, in general_database_exception_handler
    |     raise exc
    |   File "/root/.cache/pypoetry/virtualenvs/src-il7asoJj-py3.13/lib/python3.13/site-packages/starlette/middleware/errors.py", line 164, in __call__
    |     await self.app(scope, receive, _send)
    |   File "/root/.cache/pypoetry/virtualenvs/src-il7asoJj-py3.13/lib/python3.13/site-packages/starlette/middleware/base.py", line 182, in __call__
    |     with recv_stream, send_stream, collapse_excgroups():
    |                                    ~~~~~~~~~~~~~~~~~~^^
    |   File "/usr/local/lib/python3.13/contextlib.py", line 162, in __exit__
    |     self.gen.throw(value)
    |     ~~~~~~~~~~~~~~^^^^^^^
    |   File "/root/.cache/pypoetry/virtualenvs/src-il7asoJj-py3.13/lib/python3.13/site-packages/starlette/_utils.py", line 83, in collapse_excgroups
    |     raise exc
    |   File "/root/.cache/pypoetry/virtualenvs/src-il7asoJj-py3.13/lib/python3.13/site-packages/starlette/middleware/base.py", line 184, in __call__
    |     response = await self.dispatch_func(request, call_next)
    |                ^^^^^^^^^^^^^^^^^^^^^^^^^^^^^^^^^^^^^^^^^^^^
    |   File "/main.py", line 132, in add_user_to_request
    |     response = await call_next(request)
    |                ^^^^^^^^^^^^^^^^^^^^^^^^
    |   File "/root/.cache/pypoetry/virtualenvs/src-il7asoJj-py3.13/lib/python3.13/site-packages/starlette/middleware/base.py", line 159, in call_next
    |     raise app_exc
    |   File "/root/.cache/pypoetry/virtualenvs/src-il7asoJj-py3.13/lib/python3.13/site-packages/starlette/middleware/base.py", line 144, in coro
    |     await self.app(scope, receive_or_disconnect, send_no_error)
    |   File "/root/.cache/pypoetry/virtualenvs/src-il7asoJj-py3.13/lib/python3.13/site-packages/starlette/middleware/exceptions.py", line 63, in __call__
    |     await wrap_app_handling_exceptions(self.app, conn)(scope, receive, send)
    |   File "/root/.cache/pypoetry/virtualenvs/src-il7asoJj-py3.13/lib/python3.13/site-packages/starlette/_exception_handler.py", line 53, in wrapped_app
    |     raise exc
    |   File "/root/.cache/pypoetry/virtualenvs/src-il7asoJj-py3.13/lib/python3.13/site-packages/starlette/_exception_handler.py", line 42, in wrapped_app
    |     await app(scope, receive, sender)
    |   File "/root/.cache/pypoetry/virtualenvs/src-il7asoJj-py3.13/lib/python3.13/site-packages/starlette/routing.py", line 716, in __call__
    |     await self.middleware_stack(scope, receive, send)
    |   File "/root/.cache/pypoetry/virtualenvs/src-il7asoJj-py3.13/lib/python3.13/site-packages/starlette/routing.py", line 736, in app
    |     await route.handle(scope, receive, send)
    |   File "/root/.cache/pypoetry/virtualenvs/src-il7asoJj-py3.13/lib/python3.13/site-packages/starlette/routing.py", line 290, in handle
    |     await self.app(scope, receive, send)
    |   File "/root/.cache/pypoetry/virtualenvs/src-il7asoJj-py3.13/lib/python3.13/site-packages/starlette/routing.py", line 78, in app
    |     await wrap_app_handling_exceptions(app, request)(scope, receive, send)
    |   File "/root/.cache/pypoetry/virtualenvs/src-il7asoJj-py3.13/lib/python3.13/site-packages/starlette/_exception_handler.py", line 53, in wrapped_app
    |     raise exc
    |   File "/root/.cache/pypoetry/virtualenvs/src-il7asoJj-py3.13/lib/python3.13/site-packages/starlette/_exception_handler.py", line 42, in wrapped_app
    |     await app(scope, receive, sender)
    |   File "/root/.cache/pypoetry/virtualenvs/src-il7asoJj-py3.13/lib/python3.13/site-packages/starlette/routing.py", line 75, in app
    |     response = await f(request)
    |                ^^^^^^^^^^^^^^^^
    |   File "/root/.cache/pypoetry/virtualenvs/src-il7asoJj-py3.13/lib/python3.13/site-packages/fastapi/routing.py", line 302, in app
    |     raw_response = await run_endpoint_function(
    |                    ^^^^^^^^^^^^^^^^^^^^^^^^^^^^
    |     ...<3 lines>...
    |     )
    |     ^
    |   File "/root/.cache/pypoetry/virtualenvs/src-il7asoJj-py3.13/lib/python3.13/site-packages/fastapi/routing.py", line 213, in run_endpoint_function
    |     return await dependant.call(**values)
    |            ^^^^^^^^^^^^^^^^^^^^^^^^^^^^^^
    |   File "/api_v1/routers/users.py", line 170, in get_current_user_profile
    |     created_at=datetime.now()
    |                ^^^^^^^^
    | NameError: name 'datetime' is not defined. Did you forget to import 'datetime'?
    +------------------------------------

During handling of the above exception, another exception occurred:

Traceback (most recent call last):
  File "/root/.cache/pypoetry/virtualenvs/src-il7asoJj-py3.13/lib/python3.13/site-packages/uvicorn/protocols/http/h11_impl.py", line 403, in run_asgi
    result = await app(  # type: ignore[func-returns-value]
             ^^^^^^^^^^^^^^^^^^^^^^^^^^^^^^^^^^^^^^^^^^^^^^
        self.scope, self.receive, self.send
        ^^^^^^^^^^^^^^^^^^^^^^^^^^^^^^^^^^^
    )
    ^
  File "/root/.cache/pypoetry/virtualenvs/src-il7asoJj-py3.13/lib/python3.13/site-packages/uvicorn/middleware/proxy_headers.py", line 60, in __call__
    return await self.app(scope, receive, send)
           ^^^^^^^^^^^^^^^^^^^^^^^^^^^^^^^^^^^^
  File "/root/.cache/pypoetry/virtualenvs/src-il7asoJj-py3.13/lib/python3.13/site-packages/fastapi/applications.py", line 1054, in __call__
    await super().__call__(scope, receive, send)
  File "/root/.cache/pypoetry/virtualenvs/src-il7asoJj-py3.13/lib/python3.13/site-packages/starlette/applications.py", line 113, in __call__
    await self.middleware_stack(scope, receive, send)
  File "/root/.cache/pypoetry/virtualenvs/src-il7asoJj-py3.13/lib/python3.13/site-packages/starlette/middleware/errors.py", line 176, in __call__
    response = await self.handler(request, exc)
               ^^^^^^^^^^^^^^^^^^^^^^^^^^^^^^^^
  File "/main.py", line 114, in general_database_exception_handler
    raise exc
  File "/root/.cache/pypoetry/virtualenvs/src-il7asoJj-py3.13/lib/python3.13/site-packages/starlette/middleware/errors.py", line 164, in __call__
    await self.app(scope, receive, _send)
  File "/root/.cache/pypoetry/virtualenvs/src-il7asoJj-py3.13/lib/python3.13/site-packages/starlette/middleware/base.py", line 182, in __call__
    with recv_stream, send_stream, collapse_excgroups():
                                   ~~~~~~~~~~~~~~~~~~^^
  File "/usr/local/lib/python3.13/contextlib.py", line 162, in __exit__
    self.gen.throw(value)
    ~~~~~~~~~~~~~~^^^^^^^
  File "/root/.cache/pypoetry/virtualenvs/src-il7asoJj-py3.13/lib/python3.13/site-packages/starlette/_utils.py", line 83, in collapse_excgroups
    raise exc
  File "/root/.cache/pypoetry/virtualenvs/src-il7asoJj-py3.13/lib/python3.13/site-packages/starlette/middleware/base.py", line 184, in __call__
    response = await self.dispatch_func(request, call_next)
               ^^^^^^^^^^^^^^^^^^^^^^^^^^^^^^^^^^^^^^^^^^^^
  File "/main.py", line 132, in add_user_to_request
    response = await call_next(request)
               ^^^^^^^^^^^^^^^^^^^^^^^^
  File "/root/.cache/pypoetry/virtualenvs/src-il7asoJj-py3.13/lib/python3.13/site-packages/starlette/middleware/base.py", line 159, in call_next
    raise app_exc
  File "/root/.cache/pypoetry/virtualenvs/src-il7asoJj-py3.13/lib/python3.13/site-packages/starlette/middleware/base.py", line 144, in coro
    await self.app(scope, receive_or_disconnect, send_no_error)
  File "/root/.cache/pypoetry/virtualenvs/src-il7asoJj-py3.13/lib/python3.13/site-packages/starlette/middleware/exceptions.py", line 63, in __call__
    await wrap_app_handling_exceptions(self.app, conn)(scope, receive, send)
  File "/root/.cache/pypoetry/virtualenvs/src-il7asoJj-py3.13/lib/python3.13/site-packages/starlette/_exception_handler.py", line 53, in wrapped_app
    raise exc
  File "/root/.cache/pypoetry/virtualenvs/src-il7asoJj-py3.13/lib/python3.13/site-packages/starlette/_exception_handler.py", line 42, in wrapped_app
    await app(scope, receive, sender)
  File "/root/.cache/pypoetry/virtualenvs/src-il7asoJj-py3.13/lib/python3.13/site-packages/starlette/routing.py", line 716, in __call__
    await self.middleware_stack(scope, receive, send)
  File "/root/.cache/pypoetry/virtualenvs/src-il7asoJj-py3.13/lib/python3.13/site-packages/starlette/routing.py", line 736, in app
    await route.handle(scope, receive, send)
  File "/root/.cache/pypoetry/virtualenvs/src-il7asoJj-py3.13/lib/python3.13/site-packages/starlette/routing.py", line 290, in handle
    await self.app(scope, receive, send)
  File "/root/.cache/pypoetry/virtualenvs/src-il7asoJj-py3.13/lib/python3.13/site-packages/starlette/routing.py", line 78, in app
    await wrap_app_handling_exceptions(app, request)(scope, receive, send)
  File "/root/.cache/pypoetry/virtualenvs/src-il7asoJj-py3.13/lib/python3.13/site-packages/starlette/_exception_handler.py", line 53, in wrapped_app
    raise exc
  File "/root/.cache/pypoetry/virtualenvs/src-il7asoJj-py3.13/lib/python3.13/site-packages/starlette/_exception_handler.py", line 42, in wrapped_app
    await app(scope, receive, sender)
  File "/root/.cache/pypoetry/virtualenvs/src-il7asoJj-py3.13/lib/python3.13/site-packages/starlette/routing.py", line 75, in app
    response = await f(request)
               ^^^^^^^^^^^^^^^^
  File "/root/.cache/pypoetry/virtualenvs/src-il7asoJj-py3.13/lib/python3.13/site-packages/fastapi/routing.py", line 302, in app
    raw_response = await run_endpoint_function(
                   ^^^^^^^^^^^^^^^^^^^^^^^^^^^^
    ...<3 lines>...
    )
    ^
  File "/root/.cache/pypoetry/virtualenvs/src-il7asoJj-py3.13/lib/python3.13/site-packages/fastapi/routing.py", line 213, in run_endpoint_function
    return await dependant.call(**values)
           ^^^^^^^^^^^^^^^^^^^^^^^^^^^^^^
  File "/api_v1/routers/users.py", line 170, in get_current_user_profile
    created_at=datetime.now()
               ^^^^^^^^
NameError: name 'datetime' is not defined. Did you forget to import 'datetime'?
2025-11-16 07:27:22 - uvicorn.access - INFO - 172.25.0.1:55970 - "GET /api/v1/users/me HTTP/1.1" 500
2025-11-16 18:58:23 - root - INFO - Logging configuration loaded successfully
2025-11-16 18:58:23 - uvicorn.error - INFO - Started server process [1]
2025-11-16 18:58:23 - uvicorn.error - INFO - Waiting for application startup.
2025-11-16 18:58:23 - uvicorn.error - INFO - Application startup complete.
2025-11-16 18:58:23 - uvicorn.error - INFO - Uvicorn running on http://0.0.0.0:8000 (Press CTRL+C to quit)
2025-11-17 09:52:42 - uvicorn.access - INFO - 172.25.0.1:42322 - "GET /adverts HTTP/1.1" 404
2025-11-17 09:52:42 - uvicorn.access - INFO - 172.25.0.1:42322 - "GET /favicon.ico HTTP/1.1" 404
2025-11-17 09:52:50 - uvicorn.access - INFO - 172.25.0.1:42332 - "GET /docs HTTP/1.1" 200
2025-11-17 09:52:51 - uvicorn.access - INFO - 172.25.0.1:42332 - "GET /openapi.json HTTP/1.1" 200
2025-11-17 09:53:17 - uvicorn.access - INFO - 172.25.0.1:47360 - "GET /api/v1/adverts/ HTTP/1.1" 200
2025-11-17 09:53:58 - uvicorn.access - INFO - 172.25.0.1:53372 - "GET /api/v1/users/me HTTP/1.1" 403
2025-11-17 09:54:36 - uvicorn.access - INFO - 172.25.0.1:54670 - "POST /api/v1/users/login HTTP/1.1" 200
2025-11-17 09:55:11 - uvicorn.access - INFO - 172.25.0.1:47110 - "GET /api/v1/adverts/my HTTP/1.1" 200
2025-11-17 09:57:13 - uvicorn.access - INFO - 172.25.0.1:48956 - "GET /api/v1/users/debug HTTP/1.1" 200
2025-11-17 09:57:29 - uvicorn.access - INFO - 172.25.0.1:54156 - "GET /api/v1/users/test-simple HTTP/1.1" 200
2025-11-17 13:38:39 - uvicorn.error - INFO - Shutting down
2025-11-17 13:38:39 - uvicorn.error - INFO - Waiting for application shutdown.
2025-11-17 13:38:39 - uvicorn.error - INFO - Application shutdown complete.
2025-11-17 13:38:39 - uvicorn.error - INFO - Finished server process [1]
2025-11-18 14:24:03 - root - INFO - Logging configuration loaded successfully
2025-11-18 14:24:03 - uvicorn.error - INFO - Started server process [1]
2025-11-18 14:24:03 - uvicorn.error - INFO - Waiting for application startup.
2025-11-18 14:24:03 - uvicorn.error - INFO - Application startup complete.
2025-11-18 14:24:03 - uvicorn.error - INFO - Uvicorn running on http://0.0.0.0:8000 (Press CTRL+C to quit)
2025-11-18 14:33:24 - uvicorn.access - INFO - 172.19.0.1:45940 - "GET /docs HTTP/1.1" 200
2025-11-18 14:33:35 - uvicorn.access - INFO - 172.19.0.1:45944 - "GET /openapi.json HTTP/1.1" 200
2025-11-18 14:34:37 - uvicorn.access - INFO - 172.19.0.1:36108 - "POST /api/v1/users/login HTTP/1.1" 200
2025-11-18 14:52:30 - uvicorn.access - INFO - 172.19.0.1:47514 - "POST /api/v1/adverts/create HTTP/1.1" 400
2025-11-18 15:21:45 - uvicorn.error - INFO - Shutting down
2025-11-18 15:21:45 - uvicorn.error - INFO - Waiting for application shutdown.
2025-11-18 15:21:45 - uvicorn.error - INFO - Application shutdown complete.
2025-11-18 15:21:45 - uvicorn.error - INFO - Finished server process [1]
2025-11-18 15:24:15 - root - INFO - Logging configuration loaded successfully
2025-11-18 15:24:15 - uvicorn.error - INFO - Started server process [1]
2025-11-18 15:24:15 - uvicorn.error - INFO - Waiting for application startup.
2025-11-18 15:24:15 - uvicorn.error - INFO - Application startup complete.
2025-11-18 15:24:15 - uvicorn.error - INFO - Uvicorn running on http://0.0.0.0:8000 (Press CTRL+C to quit)
2025-11-18 15:24:38 - uvicorn.access - INFO - 172.20.0.1:47396 - "GET /docs HTTP/1.1" 200
2025-11-18 15:24:43 - uvicorn.access - INFO - 172.20.0.1:47396 - "GET /openapi.json HTTP/1.1" 200
2025-11-18 15:26:33 - uvicorn.access - INFO - 172.20.0.1:35754 - "POST /api/v1/users/login HTTP/1.1" 200
2025-11-18 15:30:49 - uvicorn.access - INFO - 172.20.0.1:44608 - "POST /api/v1/adverts/create HTTP/1.1" 400
2025-11-18 16:08:54 - uvicorn.error - INFO - Shutting down
2025-11-18 16:08:55 - uvicorn.error - INFO - Waiting for application shutdown.
2025-11-18 16:08:55 - uvicorn.error - INFO - Application shutdown complete.
2025-11-18 16:08:55 - uvicorn.error - INFO - Finished server process [1]
2025-11-18 16:16:36 - root - INFO - Logging configuration loaded successfully
2025-11-18 16:16:36 - uvicorn.error - INFO - Started server process [1]
2025-11-18 16:16:36 - uvicorn.error - INFO - Waiting for application startup.
2025-11-18 16:16:36 - uvicorn.error - INFO - Application startup complete.
2025-11-18 16:16:36 - uvicorn.error - INFO - Uvicorn running on http://0.0.0.0:8000 (Press CTRL+C to quit)
2025-11-18 16:26:11 - uvicorn.access - INFO - 172.21.0.1:52698 - "GET /docs HTTP/1.1" 200
2025-11-18 16:26:21 - uvicorn.access - INFO - 172.21.0.1:52708 - "GET /openapi.json HTTP/1.1" 200
2025-11-18 16:27:55 - uvicorn.access - INFO - 172.21.0.1:50112 - "POST /api/v1/users/login HTTP/1.1" 200
2025-11-18 16:42:31 - uvicorn.access - INFO - 172.21.0.1:33860 - "POST /api/v1/adverts/create HTTP/1.1" 400
2025-11-18 17:10:00 - uvicorn.error - INFO - Shutting down
2025-11-18 17:10:01 - uvicorn.error - INFO - Waiting for application shutdown.
2025-11-18 17:10:01 - uvicorn.error - INFO - Application shutdown complete.
2025-11-18 17:10:01 - uvicorn.error - INFO - Finished server process [1]
2025-11-18 17:16:26 - root - INFO - Logging configuration loaded successfully
2025-11-18 17:16:26 - uvicorn.error - INFO - Started server process [1]
2025-11-18 17:16:26 - uvicorn.error - INFO - Waiting for application startup.
2025-11-18 17:16:26 - uvicorn.error - INFO - Application startup complete.
2025-11-18 17:16:26 - uvicorn.error - INFO - Uvicorn running on http://0.0.0.0:8000 (Press CTRL+C to quit)
2025-11-18 17:18:13 - uvicorn.access - INFO - 172.22.0.1:38194 - "GET /docs HTTP/1.1" 200
2025-11-18 17:18:20 - uvicorn.access - INFO - 172.22.0.1:38198 - "GET /openapi.json HTTP/1.1" 200
2025-11-18 17:19:35 - uvicorn.access - INFO - 172.22.0.1:39532 - "POST /api/v1/users/login HTTP/1.1" 200
2025-11-18 17:19:43 - uvicorn.access - INFO - 172.22.0.1:46736 - "POST /api/v1/users/login HTTP/1.1" 200
2025-11-18 17:32:36 - uvicorn.access - INFO - 172.22.0.1:59466 - "POST /api/v1/adverts/create HTTP/1.1" 400
2025-11-18 18:34:56 - uvicorn.error - INFO - Shutting down
2025-11-18 18:34:56 - uvicorn.error - INFO - Waiting for application shutdown.
2025-11-18 18:34:56 - uvicorn.error - INFO - Application shutdown complete.
2025-11-18 18:34:56 - uvicorn.error - INFO - Finished server process [1]
2025-11-18 19:07:44 - root - INFO - Logging configuration loaded successfully
2025-11-18 19:07:44 - uvicorn.error - INFO - Started server process [1]
2025-11-18 19:07:44 - uvicorn.error - INFO - Waiting for application startup.
2025-11-18 19:07:44 - uvicorn.error - INFO - Application startup complete.
2025-11-18 19:07:44 - uvicorn.error - INFO - Uvicorn running on http://0.0.0.0:8000 (Press CTRL+C to quit)
2025-11-18 19:08:15 - uvicorn.access - INFO - 172.19.0.1:39702 - "GET /docs HTTP/1.1" 200
2025-11-18 19:08:17 - uvicorn.access - INFO - 172.19.0.1:39702 - "GET /openapi.json HTTP/1.1" 200
2025-11-18 19:08:36 - uvicorn.error - ERROR - Exception in ASGI application
  + Exception Group Traceback (most recent call last):
  |   File "/root/.cache/pypoetry/virtualenvs/src-il7asoJj-py3.13/lib/python3.13/site-packages/starlette/_utils.py", line 77, in collapse_excgroups
  |     yield
  |   File "/root/.cache/pypoetry/virtualenvs/src-il7asoJj-py3.13/lib/python3.13/site-packages/starlette/middleware/base.py", line 183, in __call__
  |     async with anyio.create_task_group() as task_group:
  |                ~~~~~~~~~~~~~~~~~~~~~~~^^
  |   File "/root/.cache/pypoetry/virtualenvs/src-il7asoJj-py3.13/lib/python3.13/site-packages/anyio/_backends/_asyncio.py", line 772, in __aexit__
  |     raise BaseExceptionGroup(
  |         "unhandled errors in a TaskGroup", self._exceptions
  |     ) from None
  | ExceptionGroup: unhandled errors in a TaskGroup (1 sub-exception)
  +-+---------------- 1 ----------------
    | Traceback (most recent call last):
    |   File "/root/.cache/pypoetry/virtualenvs/src-il7asoJj-py3.13/lib/python3.13/site-packages/uvicorn/protocols/http/h11_impl.py", line 403, in run_asgi
    |     result = await app(  # type: ignore[func-returns-value]
    |              ^^^^^^^^^^^^^^^^^^^^^^^^^^^^^^^^^^^^^^^^^^^^^^
    |         self.scope, self.receive, self.send
    |         ^^^^^^^^^^^^^^^^^^^^^^^^^^^^^^^^^^^
    |     )
    |     ^
    |   File "/root/.cache/pypoetry/virtualenvs/src-il7asoJj-py3.13/lib/python3.13/site-packages/uvicorn/middleware/proxy_headers.py", line 60, in __call__
    |     return await self.app(scope, receive, send)
    |            ^^^^^^^^^^^^^^^^^^^^^^^^^^^^^^^^^^^^
    |   File "/root/.cache/pypoetry/virtualenvs/src-il7asoJj-py3.13/lib/python3.13/site-packages/fastapi/applications.py", line 1054, in __call__
    |     await super().__call__(scope, receive, send)
    |   File "/root/.cache/pypoetry/virtualenvs/src-il7asoJj-py3.13/lib/python3.13/site-packages/starlette/applications.py", line 113, in __call__
    |     await self.middleware_stack(scope, receive, send)
    |   File "/root/.cache/pypoetry/virtualenvs/src-il7asoJj-py3.13/lib/python3.13/site-packages/starlette/middleware/errors.py", line 176, in __call__
    |     response = await self.handler(request, exc)
    |                ^^^^^^^^^^^^^^^^^^^^^^^^^^^^^^^^
    |   File "/main.py", line 114, in general_database_exception_handler
    |     raise exc
    |   File "/root/.cache/pypoetry/virtualenvs/src-il7asoJj-py3.13/lib/python3.13/site-packages/starlette/middleware/errors.py", line 164, in __call__
    |     await self.app(scope, receive, _send)
    |   File "/root/.cache/pypoetry/virtualenvs/src-il7asoJj-py3.13/lib/python3.13/site-packages/starlette/middleware/base.py", line 182, in __call__
    |     with recv_stream, send_stream, collapse_excgroups():
    |                                    ~~~~~~~~~~~~~~~~~~^^
    |   File "/usr/local/lib/python3.13/contextlib.py", line 162, in __exit__
    |     self.gen.throw(value)
    |     ~~~~~~~~~~~~~~^^^^^^^
    |   File "/root/.cache/pypoetry/virtualenvs/src-il7asoJj-py3.13/lib/python3.13/site-packages/starlette/_utils.py", line 83, in collapse_excgroups
    |     raise exc
    |   File "/root/.cache/pypoetry/virtualenvs/src-il7asoJj-py3.13/lib/python3.13/site-packages/starlette/middleware/base.py", line 184, in __call__
    |     response = await self.dispatch_func(request, call_next)
    |                ^^^^^^^^^^^^^^^^^^^^^^^^^^^^^^^^^^^^^^^^^^^^
    |   File "/main.py", line 132, in add_user_to_request
    |     response = await call_next(request)
    |                ^^^^^^^^^^^^^^^^^^^^^^^^
    |   File "/root/.cache/pypoetry/virtualenvs/src-il7asoJj-py3.13/lib/python3.13/site-packages/starlette/middleware/base.py", line 159, in call_next
    |     raise app_exc
    |   File "/root/.cache/pypoetry/virtualenvs/src-il7asoJj-py3.13/lib/python3.13/site-packages/starlette/middleware/base.py", line 144, in coro
    |     await self.app(scope, receive_or_disconnect, send_no_error)
    |   File "/root/.cache/pypoetry/virtualenvs/src-il7asoJj-py3.13/lib/python3.13/site-packages/starlette/middleware/exceptions.py", line 63, in __call__
    |     await wrap_app_handling_exceptions(self.app, conn)(scope, receive, send)
    |   File "/root/.cache/pypoetry/virtualenvs/src-il7asoJj-py3.13/lib/python3.13/site-packages/starlette/_exception_handler.py", line 53, in wrapped_app
    |     raise exc
    |   File "/root/.cache/pypoetry/virtualenvs/src-il7asoJj-py3.13/lib/python3.13/site-packages/starlette/_exception_handler.py", line 42, in wrapped_app
    |     await app(scope, receive, sender)
    |   File "/root/.cache/pypoetry/virtualenvs/src-il7asoJj-py3.13/lib/python3.13/site-packages/starlette/routing.py", line 716, in __call__
    |     await self.middleware_stack(scope, receive, send)
    |   File "/root/.cache/pypoetry/virtualenvs/src-il7asoJj-py3.13/lib/python3.13/site-packages/starlette/routing.py", line 736, in app
    |     await route.handle(scope, receive, send)
    |   File "/root/.cache/pypoetry/virtualenvs/src-il7asoJj-py3.13/lib/python3.13/site-packages/starlette/routing.py", line 290, in handle
    |     await self.app(scope, receive, send)
    |   File "/root/.cache/pypoetry/virtualenvs/src-il7asoJj-py3.13/lib/python3.13/site-packages/starlette/routing.py", line 78, in app
    |     await wrap_app_handling_exceptions(app, request)(scope, receive, send)
    |   File "/root/.cache/pypoetry/virtualenvs/src-il7asoJj-py3.13/lib/python3.13/site-packages/starlette/_exception_handler.py", line 53, in wrapped_app
    |     raise exc
    |   File "/root/.cache/pypoetry/virtualenvs/src-il7asoJj-py3.13/lib/python3.13/site-packages/starlette/_exception_handler.py", line 42, in wrapped_app
    |     await app(scope, receive, sender)
    |   File "/root/.cache/pypoetry/virtualenvs/src-il7asoJj-py3.13/lib/python3.13/site-packages/starlette/routing.py", line 75, in app
    |     response = await f(request)
    |                ^^^^^^^^^^^^^^^^
    |   File "/root/.cache/pypoetry/virtualenvs/src-il7asoJj-py3.13/lib/python3.13/site-packages/fastapi/routing.py", line 328, in app
    |     content = await serialize_response(
    |               ^^^^^^^^^^^^^^^^^^^^^^^^^
    |     ...<9 lines>...
    |     )
    |     ^
    |   File "/root/.cache/pypoetry/virtualenvs/src-il7asoJj-py3.13/lib/python3.13/site-packages/fastapi/routing.py", line 177, in serialize_response
    |     raise ResponseValidationError(
    |         errors=_normalize_errors(errors), body=response_content
    |     )
    | fastapi.exceptions.ResponseValidationError: 1 validation errors:
    |   {'type': 'model_attributes_type', 'loc': ('response',), 'msg': 'Input should be a valid dictionary or object to extract fields from', 'input': None}
    | 
    +------------------------------------

During handling of the above exception, another exception occurred:

Traceback (most recent call last):
  File "/root/.cache/pypoetry/virtualenvs/src-il7asoJj-py3.13/lib/python3.13/site-packages/uvicorn/protocols/http/h11_impl.py", line 403, in run_asgi
    result = await app(  # type: ignore[func-returns-value]
             ^^^^^^^^^^^^^^^^^^^^^^^^^^^^^^^^^^^^^^^^^^^^^^
        self.scope, self.receive, self.send
        ^^^^^^^^^^^^^^^^^^^^^^^^^^^^^^^^^^^
    )
    ^
  File "/root/.cache/pypoetry/virtualenvs/src-il7asoJj-py3.13/lib/python3.13/site-packages/uvicorn/middleware/proxy_headers.py", line 60, in __call__
    return await self.app(scope, receive, send)
           ^^^^^^^^^^^^^^^^^^^^^^^^^^^^^^^^^^^^
  File "/root/.cache/pypoetry/virtualenvs/src-il7asoJj-py3.13/lib/python3.13/site-packages/fastapi/applications.py", line 1054, in __call__
    await super().__call__(scope, receive, send)
  File "/root/.cache/pypoetry/virtualenvs/src-il7asoJj-py3.13/lib/python3.13/site-packages/starlette/applications.py", line 113, in __call__
    await self.middleware_stack(scope, receive, send)
  File "/root/.cache/pypoetry/virtualenvs/src-il7asoJj-py3.13/lib/python3.13/site-packages/starlette/middleware/errors.py", line 176, in __call__
    response = await self.handler(request, exc)
               ^^^^^^^^^^^^^^^^^^^^^^^^^^^^^^^^
  File "/main.py", line 114, in general_database_exception_handler
    raise exc
  File "/root/.cache/pypoetry/virtualenvs/src-il7asoJj-py3.13/lib/python3.13/site-packages/starlette/middleware/errors.py", line 164, in __call__
    await self.app(scope, receive, _send)
  File "/root/.cache/pypoetry/virtualenvs/src-il7asoJj-py3.13/lib/python3.13/site-packages/starlette/middleware/base.py", line 182, in __call__
    with recv_stream, send_stream, collapse_excgroups():
                                   ~~~~~~~~~~~~~~~~~~^^
  File "/usr/local/lib/python3.13/contextlib.py", line 162, in __exit__
    self.gen.throw(value)
    ~~~~~~~~~~~~~~^^^^^^^
  File "/root/.cache/pypoetry/virtualenvs/src-il7asoJj-py3.13/lib/python3.13/site-packages/starlette/_utils.py", line 83, in collapse_excgroups
    raise exc
  File "/root/.cache/pypoetry/virtualenvs/src-il7asoJj-py3.13/lib/python3.13/site-packages/starlette/middleware/base.py", line 184, in __call__
    response = await self.dispatch_func(request, call_next)
               ^^^^^^^^^^^^^^^^^^^^^^^^^^^^^^^^^^^^^^^^^^^^
  File "/main.py", line 132, in add_user_to_request
    response = await call_next(request)
               ^^^^^^^^^^^^^^^^^^^^^^^^
  File "/root/.cache/pypoetry/virtualenvs/src-il7asoJj-py3.13/lib/python3.13/site-packages/starlette/middleware/base.py", line 159, in call_next
    raise app_exc
  File "/root/.cache/pypoetry/virtualenvs/src-il7asoJj-py3.13/lib/python3.13/site-packages/starlette/middleware/base.py", line 144, in coro
    await self.app(scope, receive_or_disconnect, send_no_error)
  File "/root/.cache/pypoetry/virtualenvs/src-il7asoJj-py3.13/lib/python3.13/site-packages/starlette/middleware/exceptions.py", line 63, in __call__
    await wrap_app_handling_exceptions(self.app, conn)(scope, receive, send)
  File "/root/.cache/pypoetry/virtualenvs/src-il7asoJj-py3.13/lib/python3.13/site-packages/starlette/_exception_handler.py", line 53, in wrapped_app
    raise exc
  File "/root/.cache/pypoetry/virtualenvs/src-il7asoJj-py3.13/lib/python3.13/site-packages/starlette/_exception_handler.py", line 42, in wrapped_app
    await app(scope, receive, sender)
  File "/root/.cache/pypoetry/virtualenvs/src-il7asoJj-py3.13/lib/python3.13/site-packages/starlette/routing.py", line 716, in __call__
    await self.middleware_stack(scope, receive, send)
  File "/root/.cache/pypoetry/virtualenvs/src-il7asoJj-py3.13/lib/python3.13/site-packages/starlette/routing.py", line 736, in app
    await route.handle(scope, receive, send)
  File "/root/.cache/pypoetry/virtualenvs/src-il7asoJj-py3.13/lib/python3.13/site-packages/starlette/routing.py", line 290, in handle
    await self.app(scope, receive, send)
  File "/root/.cache/pypoetry/virtualenvs/src-il7asoJj-py3.13/lib/python3.13/site-packages/starlette/routing.py", line 78, in app
    await wrap_app_handling_exceptions(app, request)(scope, receive, send)
  File "/root/.cache/pypoetry/virtualenvs/src-il7asoJj-py3.13/lib/python3.13/site-packages/starlette/_exception_handler.py", line 53, in wrapped_app
    raise exc
  File "/root/.cache/pypoetry/virtualenvs/src-il7asoJj-py3.13/lib/python3.13/site-packages/starlette/_exception_handler.py", line 42, in wrapped_app
    await app(scope, receive, sender)
  File "/root/.cache/pypoetry/virtualenvs/src-il7asoJj-py3.13/lib/python3.13/site-packages/starlette/routing.py", line 75, in app
    response = await f(request)
               ^^^^^^^^^^^^^^^^
  File "/root/.cache/pypoetry/virtualenvs/src-il7asoJj-py3.13/lib/python3.13/site-packages/fastapi/routing.py", line 328, in app
    content = await serialize_response(
              ^^^^^^^^^^^^^^^^^^^^^^^^^
    ...<9 lines>...
    )
    ^
  File "/root/.cache/pypoetry/virtualenvs/src-il7asoJj-py3.13/lib/python3.13/site-packages/fastapi/routing.py", line 177, in serialize_response
    raise ResponseValidationError(
        errors=_normalize_errors(errors), body=response_content
    )
fastapi.exceptions.ResponseValidationError: 1 validation errors:
  {'type': 'model_attributes_type', 'loc': ('response',), 'msg': 'Input should be a valid dictionary or object to extract fields from', 'input': None}

2025-11-18 19:08:36 - uvicorn.access - INFO - 172.19.0.1:39708 - "POST /api/v1/users/login HTTP/1.1" 500
2025-11-18 19:09:31 - uvicorn.access - INFO - 172.19.0.1:53086 - "POST /api/v1/users/login HTTP/1.1" 200
2025-11-18 19:10:52 - uvicorn.access - INFO - 172.19.0.1:59396 - "POST /api/v1/adverts/create HTTP/1.1" 400
2025-11-18 19:20:04 - uvicorn.error - INFO - Shutting down
2025-11-18 19:20:04 - uvicorn.error - INFO - Waiting for application shutdown.
2025-11-18 19:20:04 - uvicorn.error - INFO - Application shutdown complete.
2025-11-18 19:20:04 - uvicorn.error - INFO - Finished server process [1]
2025-11-18 19:22:06 - root - INFO - Logging configuration loaded successfully
2025-11-18 19:22:06 - uvicorn.error - INFO - Started server process [1]
2025-11-18 19:22:06 - uvicorn.error - INFO - Waiting for application startup.
2025-11-18 19:22:06 - uvicorn.error - INFO - Application startup complete.
2025-11-18 19:22:06 - uvicorn.error - INFO - Uvicorn running on http://0.0.0.0:8000 (Press CTRL+C to quit)
2025-11-18 19:22:15 - uvicorn.access - INFO - 172.21.0.1:34330 - "POST /api/v1/adverts/create HTTP/1.1" 400
2025-11-18 19:22:21 - uvicorn.access - INFO - 172.21.0.1:54182 - "POST /api/v1/adverts/create HTTP/1.1" 400
2025-11-18 19:22:22 - uvicorn.access - INFO - 172.21.0.1:54182 - "POST /api/v1/adverts/create HTTP/1.1" 400
2025-11-18 19:22:27 - uvicorn.access - INFO - 172.21.0.1:54182 - "POST /api/v1/adverts/create HTTP/1.1" 400
2025-11-18 19:22:52 - uvicorn.error - ERROR - Exception in ASGI application
  + Exception Group Traceback (most recent call last):
  |   File "/root/.cache/pypoetry/virtualenvs/src-il7asoJj-py3.13/lib/python3.13/site-packages/starlette/_utils.py", line 77, in collapse_excgroups
  |     yield
  |   File "/root/.cache/pypoetry/virtualenvs/src-il7asoJj-py3.13/lib/python3.13/site-packages/starlette/middleware/base.py", line 183, in __call__
  |     async with anyio.create_task_group() as task_group:
  |                ~~~~~~~~~~~~~~~~~~~~~~~^^
  |   File "/root/.cache/pypoetry/virtualenvs/src-il7asoJj-py3.13/lib/python3.13/site-packages/anyio/_backends/_asyncio.py", line 772, in __aexit__
  |     raise BaseExceptionGroup(
  |         "unhandled errors in a TaskGroup", self._exceptions
  |     ) from None
  | ExceptionGroup: unhandled errors in a TaskGroup (1 sub-exception)
  +-+---------------- 1 ----------------
    | Traceback (most recent call last):
    |   File "/root/.cache/pypoetry/virtualenvs/src-il7asoJj-py3.13/lib/python3.13/site-packages/uvicorn/protocols/http/h11_impl.py", line 403, in run_asgi
    |     result = await app(  # type: ignore[func-returns-value]
    |              ^^^^^^^^^^^^^^^^^^^^^^^^^^^^^^^^^^^^^^^^^^^^^^
    |         self.scope, self.receive, self.send
    |         ^^^^^^^^^^^^^^^^^^^^^^^^^^^^^^^^^^^
    |     )
    |     ^
    |   File "/root/.cache/pypoetry/virtualenvs/src-il7asoJj-py3.13/lib/python3.13/site-packages/uvicorn/middleware/proxy_headers.py", line 60, in __call__
    |     return await self.app(scope, receive, send)
    |            ^^^^^^^^^^^^^^^^^^^^^^^^^^^^^^^^^^^^
    |   File "/root/.cache/pypoetry/virtualenvs/src-il7asoJj-py3.13/lib/python3.13/site-packages/fastapi/applications.py", line 1054, in __call__
    |     await super().__call__(scope, receive, send)
    |   File "/root/.cache/pypoetry/virtualenvs/src-il7asoJj-py3.13/lib/python3.13/site-packages/starlette/applications.py", line 113, in __call__
    |     await self.middleware_stack(scope, receive, send)
    |   File "/root/.cache/pypoetry/virtualenvs/src-il7asoJj-py3.13/lib/python3.13/site-packages/starlette/middleware/errors.py", line 176, in __call__
    |     response = await self.handler(request, exc)
    |                ^^^^^^^^^^^^^^^^^^^^^^^^^^^^^^^^
    |   File "/main.py", line 114, in general_database_exception_handler
    |     raise exc
    |   File "/root/.cache/pypoetry/virtualenvs/src-il7asoJj-py3.13/lib/python3.13/site-packages/starlette/middleware/errors.py", line 164, in __call__
    |     await self.app(scope, receive, _send)
    |   File "/root/.cache/pypoetry/virtualenvs/src-il7asoJj-py3.13/lib/python3.13/site-packages/starlette/middleware/base.py", line 182, in __call__
    |     with recv_stream, send_stream, collapse_excgroups():
    |                                    ~~~~~~~~~~~~~~~~~~^^
    |   File "/usr/local/lib/python3.13/contextlib.py", line 162, in __exit__
    |     self.gen.throw(value)
    |     ~~~~~~~~~~~~~~^^^^^^^
    |   File "/root/.cache/pypoetry/virtualenvs/src-il7asoJj-py3.13/lib/python3.13/site-packages/starlette/_utils.py", line 83, in collapse_excgroups
    |     raise exc
    |   File "/root/.cache/pypoetry/virtualenvs/src-il7asoJj-py3.13/lib/python3.13/site-packages/starlette/middleware/base.py", line 184, in __call__
    |     response = await self.dispatch_func(request, call_next)
    |                ^^^^^^^^^^^^^^^^^^^^^^^^^^^^^^^^^^^^^^^^^^^^
    |   File "/main.py", line 132, in add_user_to_request
    |     response = await call_next(request)
    |                ^^^^^^^^^^^^^^^^^^^^^^^^
    |   File "/root/.cache/pypoetry/virtualenvs/src-il7asoJj-py3.13/lib/python3.13/site-packages/starlette/middleware/base.py", line 159, in call_next
    |     raise app_exc
    |   File "/root/.cache/pypoetry/virtualenvs/src-il7asoJj-py3.13/lib/python3.13/site-packages/starlette/middleware/base.py", line 144, in coro
    |     await self.app(scope, receive_or_disconnect, send_no_error)
    |   File "/root/.cache/pypoetry/virtualenvs/src-il7asoJj-py3.13/lib/python3.13/site-packages/starlette/middleware/exceptions.py", line 63, in __call__
    |     await wrap_app_handling_exceptions(self.app, conn)(scope, receive, send)
    |   File "/root/.cache/pypoetry/virtualenvs/src-il7asoJj-py3.13/lib/python3.13/site-packages/starlette/_exception_handler.py", line 53, in wrapped_app
    |     raise exc
    |   File "/root/.cache/pypoetry/virtualenvs/src-il7asoJj-py3.13/lib/python3.13/site-packages/starlette/_exception_handler.py", line 42, in wrapped_app
    |     await app(scope, receive, sender)
    |   File "/root/.cache/pypoetry/virtualenvs/src-il7asoJj-py3.13/lib/python3.13/site-packages/starlette/routing.py", line 716, in __call__
    |     await self.middleware_stack(scope, receive, send)
    |   File "/root/.cache/pypoetry/virtualenvs/src-il7asoJj-py3.13/lib/python3.13/site-packages/starlette/routing.py", line 736, in app
    |     await route.handle(scope, receive, send)
    |   File "/root/.cache/pypoetry/virtualenvs/src-il7asoJj-py3.13/lib/python3.13/site-packages/starlette/routing.py", line 290, in handle
    |     await self.app(scope, receive, send)
    |   File "/root/.cache/pypoetry/virtualenvs/src-il7asoJj-py3.13/lib/python3.13/site-packages/starlette/routing.py", line 78, in app
    |     await wrap_app_handling_exceptions(app, request)(scope, receive, send)
    |   File "/root/.cache/pypoetry/virtualenvs/src-il7asoJj-py3.13/lib/python3.13/site-packages/starlette/_exception_handler.py", line 53, in wrapped_app
    |     raise exc
    |   File "/root/.cache/pypoetry/virtualenvs/src-il7asoJj-py3.13/lib/python3.13/site-packages/starlette/_exception_handler.py", line 42, in wrapped_app
    |     await app(scope, receive, sender)
    |   File "/root/.cache/pypoetry/virtualenvs/src-il7asoJj-py3.13/lib/python3.13/site-packages/starlette/routing.py", line 75, in app
    |     response = await f(request)
    |                ^^^^^^^^^^^^^^^^
    |   File "/root/.cache/pypoetry/virtualenvs/src-il7asoJj-py3.13/lib/python3.13/site-packages/fastapi/routing.py", line 302, in app
    |     raw_response = await run_endpoint_function(
    |                    ^^^^^^^^^^^^^^^^^^^^^^^^^^^^
    |     ...<3 lines>...
    |     )
    |     ^
    |   File "/root/.cache/pypoetry/virtualenvs/src-il7asoJj-py3.13/lib/python3.13/site-packages/fastapi/routing.py", line 213, in run_endpoint_function
    |     return await dependant.call(**values)
    |            ^^^^^^^^^^^^^^^^^^^^^^^^^^^^^^
    |   File "/api_v1/routers/users.py", line 170, in get_current_user_profile
    |     created_at=datetime.now()
    |                ^^^^^^^^
    | NameError: name 'datetime' is not defined. Did you forget to import 'datetime'?
    +------------------------------------

During handling of the above exception, another exception occurred:

Traceback (most recent call last):
  File "/root/.cache/pypoetry/virtualenvs/src-il7asoJj-py3.13/lib/python3.13/site-packages/uvicorn/protocols/http/h11_impl.py", line 403, in run_asgi
    result = await app(  # type: ignore[func-returns-value]
             ^^^^^^^^^^^^^^^^^^^^^^^^^^^^^^^^^^^^^^^^^^^^^^
        self.scope, self.receive, self.send
        ^^^^^^^^^^^^^^^^^^^^^^^^^^^^^^^^^^^
    )
    ^
  File "/root/.cache/pypoetry/virtualenvs/src-il7asoJj-py3.13/lib/python3.13/site-packages/uvicorn/middleware/proxy_headers.py", line 60, in __call__
    return await self.app(scope, receive, send)
           ^^^^^^^^^^^^^^^^^^^^^^^^^^^^^^^^^^^^
  File "/root/.cache/pypoetry/virtualenvs/src-il7asoJj-py3.13/lib/python3.13/site-packages/fastapi/applications.py", line 1054, in __call__
    await super().__call__(scope, receive, send)
  File "/root/.cache/pypoetry/virtualenvs/src-il7asoJj-py3.13/lib/python3.13/site-packages/starlette/applications.py", line 113, in __call__
    await self.middleware_stack(scope, receive, send)
  File "/root/.cache/pypoetry/virtualenvs/src-il7asoJj-py3.13/lib/python3.13/site-packages/starlette/middleware/errors.py", line 176, in __call__
    response = await self.handler(request, exc)
               ^^^^^^^^^^^^^^^^^^^^^^^^^^^^^^^^
  File "/main.py", line 114, in general_database_exception_handler
    raise exc
  File "/root/.cache/pypoetry/virtualenvs/src-il7asoJj-py3.13/lib/python3.13/site-packages/starlette/middleware/errors.py", line 164, in __call__
    await self.app(scope, receive, _send)
  File "/root/.cache/pypoetry/virtualenvs/src-il7asoJj-py3.13/lib/python3.13/site-packages/starlette/middleware/base.py", line 182, in __call__
    with recv_stream, send_stream, collapse_excgroups():
                                   ~~~~~~~~~~~~~~~~~~^^
  File "/usr/local/lib/python3.13/contextlib.py", line 162, in __exit__
    self.gen.throw(value)
    ~~~~~~~~~~~~~~^^^^^^^
  File "/root/.cache/pypoetry/virtualenvs/src-il7asoJj-py3.13/lib/python3.13/site-packages/starlette/_utils.py", line 83, in collapse_excgroups
    raise exc
  File "/root/.cache/pypoetry/virtualenvs/src-il7asoJj-py3.13/lib/python3.13/site-packages/starlette/middleware/base.py", line 184, in __call__
    response = await self.dispatch_func(request, call_next)
               ^^^^^^^^^^^^^^^^^^^^^^^^^^^^^^^^^^^^^^^^^^^^
  File "/main.py", line 132, in add_user_to_request
    response = await call_next(request)
               ^^^^^^^^^^^^^^^^^^^^^^^^
  File "/root/.cache/pypoetry/virtualenvs/src-il7asoJj-py3.13/lib/python3.13/site-packages/starlette/middleware/base.py", line 159, in call_next
    raise app_exc
  File "/root/.cache/pypoetry/virtualenvs/src-il7asoJj-py3.13/lib/python3.13/site-packages/starlette/middleware/base.py", line 144, in coro
    await self.app(scope, receive_or_disconnect, send_no_error)
  File "/root/.cache/pypoetry/virtualenvs/src-il7asoJj-py3.13/lib/python3.13/site-packages/starlette/middleware/exceptions.py", line 63, in __call__
    await wrap_app_handling_exceptions(self.app, conn)(scope, receive, send)
  File "/root/.cache/pypoetry/virtualenvs/src-il7asoJj-py3.13/lib/python3.13/site-packages/starlette/_exception_handler.py", line 53, in wrapped_app
    raise exc
  File "/root/.cache/pypoetry/virtualenvs/src-il7asoJj-py3.13/lib/python3.13/site-packages/starlette/_exception_handler.py", line 42, in wrapped_app
    await app(scope, receive, sender)
  File "/root/.cache/pypoetry/virtualenvs/src-il7asoJj-py3.13/lib/python3.13/site-packages/starlette/routing.py", line 716, in __call__
    await self.middleware_stack(scope, receive, send)
  File "/root/.cache/pypoetry/virtualenvs/src-il7asoJj-py3.13/lib/python3.13/site-packages/starlette/routing.py", line 736, in app
    await route.handle(scope, receive, send)
  File "/root/.cache/pypoetry/virtualenvs/src-il7asoJj-py3.13/lib/python3.13/site-packages/starlette/routing.py", line 290, in handle
    await self.app(scope, receive, send)
  File "/root/.cache/pypoetry/virtualenvs/src-il7asoJj-py3.13/lib/python3.13/site-packages/starlette/routing.py", line 78, in app
    await wrap_app_handling_exceptions(app, request)(scope, receive, send)
  File "/root/.cache/pypoetry/virtualenvs/src-il7asoJj-py3.13/lib/python3.13/site-packages/starlette/_exception_handler.py", line 53, in wrapped_app
    raise exc
  File "/root/.cache/pypoetry/virtualenvs/src-il7asoJj-py3.13/lib/python3.13/site-packages/starlette/_exception_handler.py", line 42, in wrapped_app
    await app(scope, receive, sender)
  File "/root/.cache/pypoetry/virtualenvs/src-il7asoJj-py3.13/lib/python3.13/site-packages/starlette/routing.py", line 75, in app
    response = await f(request)
               ^^^^^^^^^^^^^^^^
  File "/root/.cache/pypoetry/virtualenvs/src-il7asoJj-py3.13/lib/python3.13/site-packages/fastapi/routing.py", line 302, in app
    raw_response = await run_endpoint_function(
                   ^^^^^^^^^^^^^^^^^^^^^^^^^^^^
    ...<3 lines>...
    )
    ^
  File "/root/.cache/pypoetry/virtualenvs/src-il7asoJj-py3.13/lib/python3.13/site-packages/fastapi/routing.py", line 213, in run_endpoint_function
    return await dependant.call(**values)
           ^^^^^^^^^^^^^^^^^^^^^^^^^^^^^^
  File "/api_v1/routers/users.py", line 170, in get_current_user_profile
    created_at=datetime.now()
               ^^^^^^^^
NameError: name 'datetime' is not defined. Did you forget to import 'datetime'?
2025-11-18 19:22:52 - uvicorn.access - INFO - 172.21.0.1:45284 - "GET /api/v1/users/me HTTP/1.1" 500
2025-11-18 19:22:58 - uvicorn.error - ERROR - Exception in ASGI application
  + Exception Group Traceback (most recent call last):
  |   File "/root/.cache/pypoetry/virtualenvs/src-il7asoJj-py3.13/lib/python3.13/site-packages/starlette/_utils.py", line 77, in collapse_excgroups
  |     yield
  |   File "/root/.cache/pypoetry/virtualenvs/src-il7asoJj-py3.13/lib/python3.13/site-packages/starlette/middleware/base.py", line 183, in __call__
  |     async with anyio.create_task_group() as task_group:
  |                ~~~~~~~~~~~~~~~~~~~~~~~^^
  |   File "/root/.cache/pypoetry/virtualenvs/src-il7asoJj-py3.13/lib/python3.13/site-packages/anyio/_backends/_asyncio.py", line 772, in __aexit__
  |     raise BaseExceptionGroup(
  |         "unhandled errors in a TaskGroup", self._exceptions
  |     ) from None
  | ExceptionGroup: unhandled errors in a TaskGroup (1 sub-exception)
  +-+---------------- 1 ----------------
    | Traceback (most recent call last):
    |   File "/root/.cache/pypoetry/virtualenvs/src-il7asoJj-py3.13/lib/python3.13/site-packages/uvicorn/protocols/http/h11_impl.py", line 403, in run_asgi
    |     result = await app(  # type: ignore[func-returns-value]
    |              ^^^^^^^^^^^^^^^^^^^^^^^^^^^^^^^^^^^^^^^^^^^^^^
    |         self.scope, self.receive, self.send
    |         ^^^^^^^^^^^^^^^^^^^^^^^^^^^^^^^^^^^
    |     )
    |     ^
    |   File "/root/.cache/pypoetry/virtualenvs/src-il7asoJj-py3.13/lib/python3.13/site-packages/uvicorn/middleware/proxy_headers.py", line 60, in __call__
    |     return await self.app(scope, receive, send)
    |            ^^^^^^^^^^^^^^^^^^^^^^^^^^^^^^^^^^^^
    |   File "/root/.cache/pypoetry/virtualenvs/src-il7asoJj-py3.13/lib/python3.13/site-packages/fastapi/applications.py", line 1054, in __call__
    |     await super().__call__(scope, receive, send)
    |   File "/root/.cache/pypoetry/virtualenvs/src-il7asoJj-py3.13/lib/python3.13/site-packages/starlette/applications.py", line 113, in __call__
    |     await self.middleware_stack(scope, receive, send)
    |   File "/root/.cache/pypoetry/virtualenvs/src-il7asoJj-py3.13/lib/python3.13/site-packages/starlette/middleware/errors.py", line 176, in __call__
    |     response = await self.handler(request, exc)
    |                ^^^^^^^^^^^^^^^^^^^^^^^^^^^^^^^^
    |   File "/main.py", line 114, in general_database_exception_handler
    |     raise exc
    |   File "/root/.cache/pypoetry/virtualenvs/src-il7asoJj-py3.13/lib/python3.13/site-packages/starlette/middleware/errors.py", line 164, in __call__
    |     await self.app(scope, receive, _send)
    |   File "/root/.cache/pypoetry/virtualenvs/src-il7asoJj-py3.13/lib/python3.13/site-packages/starlette/middleware/base.py", line 182, in __call__
    |     with recv_stream, send_stream, collapse_excgroups():
    |                                    ~~~~~~~~~~~~~~~~~~^^
    |   File "/usr/local/lib/python3.13/contextlib.py", line 162, in __exit__
    |     self.gen.throw(value)
    |     ~~~~~~~~~~~~~~^^^^^^^
    |   File "/root/.cache/pypoetry/virtualenvs/src-il7asoJj-py3.13/lib/python3.13/site-packages/starlette/_utils.py", line 83, in collapse_excgroups
    |     raise exc
    |   File "/root/.cache/pypoetry/virtualenvs/src-il7asoJj-py3.13/lib/python3.13/site-packages/starlette/middleware/base.py", line 184, in __call__
    |     response = await self.dispatch_func(request, call_next)
    |                ^^^^^^^^^^^^^^^^^^^^^^^^^^^^^^^^^^^^^^^^^^^^
    |   File "/main.py", line 132, in add_user_to_request
    |     response = await call_next(request)
    |                ^^^^^^^^^^^^^^^^^^^^^^^^
    |   File "/root/.cache/pypoetry/virtualenvs/src-il7asoJj-py3.13/lib/python3.13/site-packages/starlette/middleware/base.py", line 159, in call_next
    |     raise app_exc
    |   File "/root/.cache/pypoetry/virtualenvs/src-il7asoJj-py3.13/lib/python3.13/site-packages/starlette/middleware/base.py", line 144, in coro
    |     await self.app(scope, receive_or_disconnect, send_no_error)
    |   File "/root/.cache/pypoetry/virtualenvs/src-il7asoJj-py3.13/lib/python3.13/site-packages/starlette/middleware/exceptions.py", line 63, in __call__
    |     await wrap_app_handling_exceptions(self.app, conn)(scope, receive, send)
    |   File "/root/.cache/pypoetry/virtualenvs/src-il7asoJj-py3.13/lib/python3.13/site-packages/starlette/_exception_handler.py", line 53, in wrapped_app
    |     raise exc
    |   File "/root/.cache/pypoetry/virtualenvs/src-il7asoJj-py3.13/lib/python3.13/site-packages/starlette/_exception_handler.py", line 42, in wrapped_app
    |     await app(scope, receive, sender)
    |   File "/root/.cache/pypoetry/virtualenvs/src-il7asoJj-py3.13/lib/python3.13/site-packages/starlette/routing.py", line 716, in __call__
    |     await self.middleware_stack(scope, receive, send)
    |   File "/root/.cache/pypoetry/virtualenvs/src-il7asoJj-py3.13/lib/python3.13/site-packages/starlette/routing.py", line 736, in app
    |     await route.handle(scope, receive, send)
    |   File "/root/.cache/pypoetry/virtualenvs/src-il7asoJj-py3.13/lib/python3.13/site-packages/starlette/routing.py", line 290, in handle
    |     await self.app(scope, receive, send)
    |   File "/root/.cache/pypoetry/virtualenvs/src-il7asoJj-py3.13/lib/python3.13/site-packages/starlette/routing.py", line 78, in app
    |     await wrap_app_handling_exceptions(app, request)(scope, receive, send)
    |   File "/root/.cache/pypoetry/virtualenvs/src-il7asoJj-py3.13/lib/python3.13/site-packages/starlette/_exception_handler.py", line 53, in wrapped_app
    |     raise exc
    |   File "/root/.cache/pypoetry/virtualenvs/src-il7asoJj-py3.13/lib/python3.13/site-packages/starlette/_exception_handler.py", line 42, in wrapped_app
    |     await app(scope, receive, sender)
    |   File "/root/.cache/pypoetry/virtualenvs/src-il7asoJj-py3.13/lib/python3.13/site-packages/starlette/routing.py", line 75, in app
    |     response = await f(request)
    |                ^^^^^^^^^^^^^^^^
    |   File "/root/.cache/pypoetry/virtualenvs/src-il7asoJj-py3.13/lib/python3.13/site-packages/fastapi/routing.py", line 302, in app
    |     raw_response = await run_endpoint_function(
    |                    ^^^^^^^^^^^^^^^^^^^^^^^^^^^^
    |     ...<3 lines>...
    |     )
    |     ^
    |   File "/root/.cache/pypoetry/virtualenvs/src-il7asoJj-py3.13/lib/python3.13/site-packages/fastapi/routing.py", line 213, in run_endpoint_function
    |     return await dependant.call(**values)
    |            ^^^^^^^^^^^^^^^^^^^^^^^^^^^^^^
    |   File "/api_v1/routers/users.py", line 170, in get_current_user_profile
    |     created_at=datetime.now()
    |                ^^^^^^^^
    | NameError: name 'datetime' is not defined. Did you forget to import 'datetime'?
    +------------------------------------

During handling of the above exception, another exception occurred:

Traceback (most recent call last):
  File "/root/.cache/pypoetry/virtualenvs/src-il7asoJj-py3.13/lib/python3.13/site-packages/uvicorn/protocols/http/h11_impl.py", line 403, in run_asgi
    result = await app(  # type: ignore[func-returns-value]
             ^^^^^^^^^^^^^^^^^^^^^^^^^^^^^^^^^^^^^^^^^^^^^^
        self.scope, self.receive, self.send
        ^^^^^^^^^^^^^^^^^^^^^^^^^^^^^^^^^^^
    )
    ^
  File "/root/.cache/pypoetry/virtualenvs/src-il7asoJj-py3.13/lib/python3.13/site-packages/uvicorn/middleware/proxy_headers.py", line 60, in __call__
    return await self.app(scope, receive, send)
           ^^^^^^^^^^^^^^^^^^^^^^^^^^^^^^^^^^^^
  File "/root/.cache/pypoetry/virtualenvs/src-il7asoJj-py3.13/lib/python3.13/site-packages/fastapi/applications.py", line 1054, in __call__
    await super().__call__(scope, receive, send)
  File "/root/.cache/pypoetry/virtualenvs/src-il7asoJj-py3.13/lib/python3.13/site-packages/starlette/applications.py", line 113, in __call__
    await self.middleware_stack(scope, receive, send)
  File "/root/.cache/pypoetry/virtualenvs/src-il7asoJj-py3.13/lib/python3.13/site-packages/starlette/middleware/errors.py", line 176, in __call__
    response = await self.handler(request, exc)
               ^^^^^^^^^^^^^^^^^^^^^^^^^^^^^^^^
  File "/main.py", line 114, in general_database_exception_handler
    raise exc
  File "/root/.cache/pypoetry/virtualenvs/src-il7asoJj-py3.13/lib/python3.13/site-packages/starlette/middleware/errors.py", line 164, in __call__
    await self.app(scope, receive, _send)
  File "/root/.cache/pypoetry/virtualenvs/src-il7asoJj-py3.13/lib/python3.13/site-packages/starlette/middleware/base.py", line 182, in __call__
    with recv_stream, send_stream, collapse_excgroups():
                                   ~~~~~~~~~~~~~~~~~~^^
  File "/usr/local/lib/python3.13/contextlib.py", line 162, in __exit__
    self.gen.throw(value)
    ~~~~~~~~~~~~~~^^^^^^^
  File "/root/.cache/pypoetry/virtualenvs/src-il7asoJj-py3.13/lib/python3.13/site-packages/starlette/_utils.py", line 83, in collapse_excgroups
    raise exc
  File "/root/.cache/pypoetry/virtualenvs/src-il7asoJj-py3.13/lib/python3.13/site-packages/starlette/middleware/base.py", line 184, in __call__
    response = await self.dispatch_func(request, call_next)
               ^^^^^^^^^^^^^^^^^^^^^^^^^^^^^^^^^^^^^^^^^^^^
  File "/main.py", line 132, in add_user_to_request
    response = await call_next(request)
               ^^^^^^^^^^^^^^^^^^^^^^^^
  File "/root/.cache/pypoetry/virtualenvs/src-il7asoJj-py3.13/lib/python3.13/site-packages/starlette/middleware/base.py", line 159, in call_next
    raise app_exc
  File "/root/.cache/pypoetry/virtualenvs/src-il7asoJj-py3.13/lib/python3.13/site-packages/starlette/middleware/base.py", line 144, in coro
    await self.app(scope, receive_or_disconnect, send_no_error)
  File "/root/.cache/pypoetry/virtualenvs/src-il7asoJj-py3.13/lib/python3.13/site-packages/starlette/middleware/exceptions.py", line 63, in __call__
    await wrap_app_handling_exceptions(self.app, conn)(scope, receive, send)
  File "/root/.cache/pypoetry/virtualenvs/src-il7asoJj-py3.13/lib/python3.13/site-packages/starlette/_exception_handler.py", line 53, in wrapped_app
    raise exc
  File "/root/.cache/pypoetry/virtualenvs/src-il7asoJj-py3.13/lib/python3.13/site-packages/starlette/_exception_handler.py", line 42, in wrapped_app
    await app(scope, receive, sender)
  File "/root/.cache/pypoetry/virtualenvs/src-il7asoJj-py3.13/lib/python3.13/site-packages/starlette/routing.py", line 716, in __call__
    await self.middleware_stack(scope, receive, send)
  File "/root/.cache/pypoetry/virtualenvs/src-il7asoJj-py3.13/lib/python3.13/site-packages/starlette/routing.py", line 736, in app
    await route.handle(scope, receive, send)
  File "/root/.cache/pypoetry/virtualenvs/src-il7asoJj-py3.13/lib/python3.13/site-packages/starlette/routing.py", line 290, in handle
    await self.app(scope, receive, send)
  File "/root/.cache/pypoetry/virtualenvs/src-il7asoJj-py3.13/lib/python3.13/site-packages/starlette/routing.py", line 78, in app
    await wrap_app_handling_exceptions(app, request)(scope, receive, send)
  File "/root/.cache/pypoetry/virtualenvs/src-il7asoJj-py3.13/lib/python3.13/site-packages/starlette/_exception_handler.py", line 53, in wrapped_app
    raise exc
  File "/root/.cache/pypoetry/virtualenvs/src-il7asoJj-py3.13/lib/python3.13/site-packages/starlette/_exception_handler.py", line 42, in wrapped_app
    await app(scope, receive, sender)
  File "/root/.cache/pypoetry/virtualenvs/src-il7asoJj-py3.13/lib/python3.13/site-packages/starlette/routing.py", line 75, in app
    response = await f(request)
               ^^^^^^^^^^^^^^^^
  File "/root/.cache/pypoetry/virtualenvs/src-il7asoJj-py3.13/lib/python3.13/site-packages/fastapi/routing.py", line 302, in app
    raw_response = await run_endpoint_function(
                   ^^^^^^^^^^^^^^^^^^^^^^^^^^^^
    ...<3 lines>...
    )
    ^
  File "/root/.cache/pypoetry/virtualenvs/src-il7asoJj-py3.13/lib/python3.13/site-packages/fastapi/routing.py", line 213, in run_endpoint_function
    return await dependant.call(**values)
           ^^^^^^^^^^^^^^^^^^^^^^^^^^^^^^
  File "/api_v1/routers/users.py", line 170, in get_current_user_profile
    created_at=datetime.now()
               ^^^^^^^^
NameError: name 'datetime' is not defined. Did you forget to import 'datetime'?
2025-11-18 19:22:58 - uvicorn.access - INFO - 172.21.0.1:38828 - "GET /api/v1/users/me HTTP/1.1" 500
2025-11-18 19:23:24 - uvicorn.access - INFO - 172.21.0.1:57106 - "POST /api/v1/adverts/create HTTP/1.1" 400
2025-11-18 19:23:27 - uvicorn.access - INFO - 172.21.0.1:57106 - "POST /api/v1/adverts/create HTTP/1.1" 400
2025-11-18 19:23:57 - uvicorn.access - INFO - 172.21.0.1:33524 - "GET /api/v1/users/test-simple HTTP/1.1" 200
2025-11-18 19:24:14 - uvicorn.access - INFO - 172.21.0.1:46404 - "POST /api/v1/adverts/create HTTP/1.1" 400
2025-11-18 19:25:09 - uvicorn.access - INFO - 172.21.0.1:39596 - "GET /docs HTTP/1.1" 200
2025-11-18 19:25:11 - uvicorn.access - INFO - 172.21.0.1:39596 - "GET /openapi.json HTTP/1.1" 200
2025-11-18 19:25:31 - uvicorn.access - INFO - 172.21.0.1:39610 - "POST /api/v1/adverts/create HTTP/1.1" 403
2025-11-18 19:26:56 - uvicorn.access - INFO - 172.21.0.1:44730 - "POST /api/v1/users/login HTTP/1.1" 200
2025-11-18 19:27:19 - uvicorn.access - INFO - 172.21.0.1:60964 - "POST /api/v1/adverts/create HTTP/1.1" 400
2025-11-18 19:34:06 - uvicorn.error - INFO - Shutting down
2025-11-18 19:34:06 - uvicorn.error - INFO - Waiting for application shutdown.
2025-11-18 19:34:06 - uvicorn.error - INFO - Application shutdown complete.
2025-11-18 19:34:06 - uvicorn.error - INFO - Finished server process [1]
2025-11-18 19:35:22 - root - INFO - Logging configuration loaded successfully
2025-11-18 19:35:22 - uvicorn.error - INFO - Started server process [1]
2025-11-18 19:35:22 - uvicorn.error - INFO - Waiting for application startup.
2025-11-18 19:35:22 - uvicorn.error - INFO - Application startup complete.
2025-11-18 19:35:22 - uvicorn.error - INFO - Uvicorn running on http://0.0.0.0:8000 (Press CTRL+C to quit)
2025-11-18 19:35:41 - uvicorn.access - INFO - 172.22.0.1:41638 - "GET /docs HTTP/1.1" 200
2025-11-18 19:35:43 - uvicorn.access - INFO - 172.22.0.1:41638 - "GET /openapi.json HTTP/1.1" 200
2025-11-18 19:35:58 - uvicorn.access - INFO - 172.22.0.1:41654 - "POST /api/v1/users/login HTTP/1.1" 200
2025-11-18 19:37:17 - uvicorn.access - INFO - 172.22.0.1:52034 - "POST /api/v1/adverts/create HTTP/1.1" 400
2025-11-18 19:39:55 - uvicorn.error - INFO - Shutting down
2025-11-18 19:39:55 - uvicorn.error - INFO - Waiting for application shutdown.
2025-11-18 19:39:55 - uvicorn.error - INFO - Application shutdown complete.
2025-11-18 19:39:55 - uvicorn.error - INFO - Finished server process [1]
2025-11-18 19:41:06 - root - INFO - Logging configuration loaded successfully
2025-11-18 19:41:06 - uvicorn.error - INFO - Started server process [1]
2025-11-18 19:41:06 - uvicorn.error - INFO - Waiting for application startup.
2025-11-18 19:41:06 - uvicorn.error - INFO - Application startup complete.
2025-11-18 19:41:06 - uvicorn.error - INFO - Uvicorn running on http://0.0.0.0:8000 (Press CTRL+C to quit)
2025-11-18 19:42:37 - uvicorn.access - INFO - 172.23.0.1:55414 - "GET /docs HTTP/1.1" 200
2025-11-18 19:42:38 - uvicorn.access - INFO - 172.23.0.1:55414 - "GET /openapi.json HTTP/1.1" 200
2025-11-18 19:43:01 - uvicorn.access - INFO - 172.23.0.1:55424 - "POST /api/v1/adverts/create HTTP/1.1" 403
2025-11-18 19:43:19 - uvicorn.access - INFO - 172.23.0.1:39306 - "POST /api/v1/adverts/create HTTP/1.1" 400
2025-11-18 19:49:35 - uvicorn.error - INFO - Shutting down
2025-11-18 19:49:35 - uvicorn.error - INFO - Waiting for application shutdown.
2025-11-18 19:49:35 - uvicorn.error - INFO - Application shutdown complete.
2025-11-18 19:49:35 - uvicorn.error - INFO - Finished server process [1]
2025-11-18 19:51:11 - root - INFO - Logging configuration loaded successfully
2025-11-18 19:51:12 - uvicorn.error - INFO - Started server process [1]
2025-11-18 19:51:12 - uvicorn.error - INFO - Waiting for application startup.
2025-11-18 19:51:12 - uvicorn.error - INFO - Application startup complete.
2025-11-18 19:51:12 - uvicorn.error - INFO - Uvicorn running on http://0.0.0.0:8000 (Press CTRL+C to quit)
2025-11-18 19:51:43 - uvicorn.access - INFO - 172.24.0.1:44052 - "GET /docs HTTP/1.1" 200
2025-11-18 19:52:30 - uvicorn.access - INFO - 172.24.0.1:44064 - "GET /docs HTTP/1.1" 200
2025-11-18 19:52:31 - uvicorn.access - INFO - 172.24.0.1:44064 - "GET /openapi.json HTTP/1.1" 200
2025-11-18 19:52:57 - uvicorn.access - INFO - 172.24.0.1:45368 - "POST /api/v1/adverts/create HTTP/1.1" 400
2025-11-18 19:58:40 - uvicorn.error - INFO - Shutting down
2025-11-18 19:58:40 - uvicorn.error - INFO - Waiting for application shutdown.
2025-11-18 19:58:40 - uvicorn.error - INFO - Application shutdown complete.
2025-11-18 19:58:40 - uvicorn.error - INFO - Finished server process [1]
2025-11-18 19:59:59 - root - INFO - Logging configuration loaded successfully
2025-11-18 19:59:59 - uvicorn.error - INFO - Started server process [1]
2025-11-18 19:59:59 - uvicorn.error - INFO - Waiting for application startup.
2025-11-18 19:59:59 - uvicorn.error - INFO - Application startup complete.
2025-11-18 19:59:59 - uvicorn.error - INFO - Uvicorn running on http://0.0.0.0:8000 (Press CTRL+C to quit)
2025-11-18 20:00:51 - uvicorn.access - INFO - 172.25.0.1:37052 - "GET /docs HTTP/1.1" 200
2025-11-18 20:00:52 - uvicorn.access - INFO - 172.25.0.1:37052 - "GET /openapi.json HTTP/1.1" 200
2025-11-18 20:01:15 - uvicorn.access - INFO - 172.25.0.1:37056 - "POST /api/v1/adverts/create HTTP/1.1" 400
2025-11-18 20:07:07 - uvicorn.error - INFO - Shutting down
2025-11-18 20:07:07 - uvicorn.error - INFO - Waiting for application shutdown.
2025-11-18 20:07:07 - uvicorn.error - INFO - Application shutdown complete.
2025-11-18 20:07:07 - uvicorn.error - INFO - Finished server process [1]
2025-11-18 20:08:26 - root - INFO - Logging configuration loaded successfully
2025-11-18 20:08:27 - uvicorn.error - INFO - Started server process [1]
2025-11-18 20:08:27 - uvicorn.error - INFO - Waiting for application startup.
2025-11-18 20:08:27 - uvicorn.error - INFO - Application startup complete.
2025-11-18 20:08:27 - uvicorn.error - INFO - Uvicorn running on http://0.0.0.0:8000 (Press CTRL+C to quit)
2025-11-18 20:08:38 - uvicorn.access - INFO - 172.26.0.1:52550 - "GET /docs HTTP/1.1" 200
2025-11-18 20:08:41 - uvicorn.access - INFO - 172.26.0.1:52550 - "GET /openapi.json HTTP/1.1" 200
2025-11-18 20:09:02 - uvicorn.access - INFO - 172.26.0.1:52556 - "POST /api/v1/adverts/create HTTP/1.1" 401
2025-11-18 20:09:21 - uvicorn.access - INFO - 172.26.0.1:44050 - "POST /api/v1/adverts/create HTTP/1.1" 401
2025-11-18 20:09:26 - uvicorn.access - INFO - 172.26.0.1:44050 - "GET /docs HTTP/1.1" 200
2025-11-18 20:09:26 - uvicorn.access - INFO - 172.26.0.1:44050 - "GET /openapi.json HTTP/1.1" 200
2025-11-18 20:09:44 - uvicorn.access - INFO - 172.26.0.1:44066 - "POST /api/v1/users/login HTTP/1.1" 200
2025-11-18 20:10:09 - uvicorn.access - INFO - 172.26.0.1:34366 - "POST /api/v1/adverts/create HTTP/1.1" 400
2025-11-18 20:18:58 - uvicorn.error - INFO - Shutting down
2025-11-18 20:18:58 - uvicorn.error - INFO - Waiting for application shutdown.
2025-11-18 20:18:58 - uvicorn.error - INFO - Application shutdown complete.
2025-11-18 20:18:58 - uvicorn.error - INFO - Finished server process [1]
2025-11-18 20:20:19 - root - INFO - Logging configuration loaded successfully
2025-11-18 20:20:19 - uvicorn.error - INFO - Started server process [1]
2025-11-18 20:20:19 - uvicorn.error - INFO - Waiting for application startup.
2025-11-18 20:20:19 - uvicorn.error - INFO - Application startup complete.
2025-11-18 20:20:19 - uvicorn.error - INFO - Uvicorn running on http://0.0.0.0:8000 (Press CTRL+C to quit)
2025-11-18 20:27:45 - uvicorn.access - INFO - 172.27.0.1:60356 - "GET /docs HTTP/1.1" 200
2025-11-18 20:27:47 - uvicorn.access - INFO - 172.27.0.1:60356 - "GET /openapi.json HTTP/1.1" 200
2025-11-18 20:28:19 - uvicorn.error - ERROR - Exception in ASGI application
  + Exception Group Traceback (most recent call last):
  |   File "/root/.cache/pypoetry/virtualenvs/src-il7asoJj-py3.13/lib/python3.13/site-packages/starlette/_utils.py", line 77, in collapse_excgroups
  |     yield
  |   File "/root/.cache/pypoetry/virtualenvs/src-il7asoJj-py3.13/lib/python3.13/site-packages/starlette/middleware/base.py", line 183, in __call__
  |     async with anyio.create_task_group() as task_group:
  |                ~~~~~~~~~~~~~~~~~~~~~~~^^
  |   File "/root/.cache/pypoetry/virtualenvs/src-il7asoJj-py3.13/lib/python3.13/site-packages/anyio/_backends/_asyncio.py", line 772, in __aexit__
  |     raise BaseExceptionGroup(
  |         "unhandled errors in a TaskGroup", self._exceptions
  |     ) from None
  | ExceptionGroup: unhandled errors in a TaskGroup (1 sub-exception)
  +-+---------------- 1 ----------------
    | Traceback (most recent call last):
    |   File "/root/.cache/pypoetry/virtualenvs/src-il7asoJj-py3.13/lib/python3.13/site-packages/uvicorn/protocols/http/h11_impl.py", line 403, in run_asgi
    |     result = await app(  # type: ignore[func-returns-value]
    |              ^^^^^^^^^^^^^^^^^^^^^^^^^^^^^^^^^^^^^^^^^^^^^^
    |         self.scope, self.receive, self.send
    |         ^^^^^^^^^^^^^^^^^^^^^^^^^^^^^^^^^^^
    |     )
    |     ^
    |   File "/root/.cache/pypoetry/virtualenvs/src-il7asoJj-py3.13/lib/python3.13/site-packages/uvicorn/middleware/proxy_headers.py", line 60, in __call__
    |     return await self.app(scope, receive, send)
    |            ^^^^^^^^^^^^^^^^^^^^^^^^^^^^^^^^^^^^
    |   File "/root/.cache/pypoetry/virtualenvs/src-il7asoJj-py3.13/lib/python3.13/site-packages/fastapi/applications.py", line 1054, in __call__
    |     await super().__call__(scope, receive, send)
    |   File "/root/.cache/pypoetry/virtualenvs/src-il7asoJj-py3.13/lib/python3.13/site-packages/starlette/applications.py", line 113, in __call__
    |     await self.middleware_stack(scope, receive, send)
    |   File "/root/.cache/pypoetry/virtualenvs/src-il7asoJj-py3.13/lib/python3.13/site-packages/starlette/middleware/errors.py", line 176, in __call__
    |     response = await self.handler(request, exc)
    |                ^^^^^^^^^^^^^^^^^^^^^^^^^^^^^^^^
    |   File "/main.py", line 114, in general_database_exception_handler
    |     raise exc
    |   File "/root/.cache/pypoetry/virtualenvs/src-il7asoJj-py3.13/lib/python3.13/site-packages/starlette/middleware/errors.py", line 164, in __call__
    |     await self.app(scope, receive, _send)
    |   File "/root/.cache/pypoetry/virtualenvs/src-il7asoJj-py3.13/lib/python3.13/site-packages/starlette/middleware/base.py", line 182, in __call__
    |     with recv_stream, send_stream, collapse_excgroups():
    |                                    ~~~~~~~~~~~~~~~~~~^^
    |   File "/usr/local/lib/python3.13/contextlib.py", line 162, in __exit__
    |     self.gen.throw(value)
    |     ~~~~~~~~~~~~~~^^^^^^^
    |   File "/root/.cache/pypoetry/virtualenvs/src-il7asoJj-py3.13/lib/python3.13/site-packages/starlette/_utils.py", line 83, in collapse_excgroups
    |     raise exc
    |   File "/root/.cache/pypoetry/virtualenvs/src-il7asoJj-py3.13/lib/python3.13/site-packages/starlette/middleware/base.py", line 184, in __call__
    |     response = await self.dispatch_func(request, call_next)
    |                ^^^^^^^^^^^^^^^^^^^^^^^^^^^^^^^^^^^^^^^^^^^^
    |   File "/main.py", line 132, in add_user_to_request
    |     response = await call_next(request)
    |                ^^^^^^^^^^^^^^^^^^^^^^^^
    |   File "/root/.cache/pypoetry/virtualenvs/src-il7asoJj-py3.13/lib/python3.13/site-packages/starlette/middleware/base.py", line 159, in call_next
    |     raise app_exc
    |   File "/root/.cache/pypoetry/virtualenvs/src-il7asoJj-py3.13/lib/python3.13/site-packages/starlette/middleware/base.py", line 144, in coro
    |     await self.app(scope, receive_or_disconnect, send_no_error)
    |   File "/root/.cache/pypoetry/virtualenvs/src-il7asoJj-py3.13/lib/python3.13/site-packages/starlette/middleware/exceptions.py", line 63, in __call__
    |     await wrap_app_handling_exceptions(self.app, conn)(scope, receive, send)
    |   File "/root/.cache/pypoetry/virtualenvs/src-il7asoJj-py3.13/lib/python3.13/site-packages/starlette/_exception_handler.py", line 53, in wrapped_app
    |     raise exc
    |   File "/root/.cache/pypoetry/virtualenvs/src-il7asoJj-py3.13/lib/python3.13/site-packages/starlette/_exception_handler.py", line 42, in wrapped_app
    |     await app(scope, receive, sender)
    |   File "/root/.cache/pypoetry/virtualenvs/src-il7asoJj-py3.13/lib/python3.13/site-packages/starlette/routing.py", line 716, in __call__
    |     await self.middleware_stack(scope, receive, send)
    |   File "/root/.cache/pypoetry/virtualenvs/src-il7asoJj-py3.13/lib/python3.13/site-packages/starlette/routing.py", line 736, in app
    |     await route.handle(scope, receive, send)
    |   File "/root/.cache/pypoetry/virtualenvs/src-il7asoJj-py3.13/lib/python3.13/site-packages/starlette/routing.py", line 290, in handle
    |     await self.app(scope, receive, send)
    |   File "/root/.cache/pypoetry/virtualenvs/src-il7asoJj-py3.13/lib/python3.13/site-packages/starlette/routing.py", line 78, in app
    |     await wrap_app_handling_exceptions(app, request)(scope, receive, send)
    |   File "/root/.cache/pypoetry/virtualenvs/src-il7asoJj-py3.13/lib/python3.13/site-packages/starlette/_exception_handler.py", line 53, in wrapped_app
    |     raise exc
    |   File "/root/.cache/pypoetry/virtualenvs/src-il7asoJj-py3.13/lib/python3.13/site-packages/starlette/_exception_handler.py", line 42, in wrapped_app
    |     await app(scope, receive, sender)
    |   File "/root/.cache/pypoetry/virtualenvs/src-il7asoJj-py3.13/lib/python3.13/site-packages/starlette/routing.py", line 75, in app
    |     response = await f(request)
    |                ^^^^^^^^^^^^^^^^
    |   File "/root/.cache/pypoetry/virtualenvs/src-il7asoJj-py3.13/lib/python3.13/site-packages/fastapi/routing.py", line 302, in app
    |     raw_response = await run_endpoint_function(
    |                    ^^^^^^^^^^^^^^^^^^^^^^^^^^^^
    |     ...<3 lines>...
    |     )
    |     ^
    |   File "/root/.cache/pypoetry/virtualenvs/src-il7asoJj-py3.13/lib/python3.13/site-packages/fastapi/routing.py", line 213, in run_endpoint_function
    |     return await dependant.call(**values)
    |            ^^^^^^^^^^^^^^^^^^^^^^^^^^^^^^
    |   File "/api_v1/routers/adverts.py", line 90, in create_advert
    |     content=advert_data.content,
    |             ^^^^^^^^^^^^^^^^^^^
    |   File "/root/.cache/pypoetry/virtualenvs/src-il7asoJj-py3.13/lib/python3.13/site-packages/pydantic/main.py", line 991, in __getattr__
    |     raise AttributeError(f'{type(self).__name__!r} object has no attribute {item!r}')
    | AttributeError: 'AdvertCreateDTO' object has no attribute 'content'
    +------------------------------------

During handling of the above exception, another exception occurred:

Traceback (most recent call last):
  File "/root/.cache/pypoetry/virtualenvs/src-il7asoJj-py3.13/lib/python3.13/site-packages/uvicorn/protocols/http/h11_impl.py", line 403, in run_asgi
    result = await app(  # type: ignore[func-returns-value]
             ^^^^^^^^^^^^^^^^^^^^^^^^^^^^^^^^^^^^^^^^^^^^^^
        self.scope, self.receive, self.send
        ^^^^^^^^^^^^^^^^^^^^^^^^^^^^^^^^^^^
    )
    ^
  File "/root/.cache/pypoetry/virtualenvs/src-il7asoJj-py3.13/lib/python3.13/site-packages/uvicorn/middleware/proxy_headers.py", line 60, in __call__
    return await self.app(scope, receive, send)
           ^^^^^^^^^^^^^^^^^^^^^^^^^^^^^^^^^^^^
  File "/root/.cache/pypoetry/virtualenvs/src-il7asoJj-py3.13/lib/python3.13/site-packages/fastapi/applications.py", line 1054, in __call__
    await super().__call__(scope, receive, send)
  File "/root/.cache/pypoetry/virtualenvs/src-il7asoJj-py3.13/lib/python3.13/site-packages/starlette/applications.py", line 113, in __call__
    await self.middleware_stack(scope, receive, send)
  File "/root/.cache/pypoetry/virtualenvs/src-il7asoJj-py3.13/lib/python3.13/site-packages/starlette/middleware/errors.py", line 176, in __call__
    response = await self.handler(request, exc)
               ^^^^^^^^^^^^^^^^^^^^^^^^^^^^^^^^
  File "/main.py", line 114, in general_database_exception_handler
    raise exc
  File "/root/.cache/pypoetry/virtualenvs/src-il7asoJj-py3.13/lib/python3.13/site-packages/starlette/middleware/errors.py", line 164, in __call__
    await self.app(scope, receive, _send)
  File "/root/.cache/pypoetry/virtualenvs/src-il7asoJj-py3.13/lib/python3.13/site-packages/starlette/middleware/base.py", line 182, in __call__
    with recv_stream, send_stream, collapse_excgroups():
                                   ~~~~~~~~~~~~~~~~~~^^
  File "/usr/local/lib/python3.13/contextlib.py", line 162, in __exit__
    self.gen.throw(value)
    ~~~~~~~~~~~~~~^^^^^^^
  File "/root/.cache/pypoetry/virtualenvs/src-il7asoJj-py3.13/lib/python3.13/site-packages/starlette/_utils.py", line 83, in collapse_excgroups
    raise exc
  File "/root/.cache/pypoetry/virtualenvs/src-il7asoJj-py3.13/lib/python3.13/site-packages/starlette/middleware/base.py", line 184, in __call__
    response = await self.dispatch_func(request, call_next)
               ^^^^^^^^^^^^^^^^^^^^^^^^^^^^^^^^^^^^^^^^^^^^
  File "/main.py", line 132, in add_user_to_request
    response = await call_next(request)
               ^^^^^^^^^^^^^^^^^^^^^^^^
  File "/root/.cache/pypoetry/virtualenvs/src-il7asoJj-py3.13/lib/python3.13/site-packages/starlette/middleware/base.py", line 159, in call_next
    raise app_exc
  File "/root/.cache/pypoetry/virtualenvs/src-il7asoJj-py3.13/lib/python3.13/site-packages/starlette/middleware/base.py", line 144, in coro
    await self.app(scope, receive_or_disconnect, send_no_error)
  File "/root/.cache/pypoetry/virtualenvs/src-il7asoJj-py3.13/lib/python3.13/site-packages/starlette/middleware/exceptions.py", line 63, in __call__
    await wrap_app_handling_exceptions(self.app, conn)(scope, receive, send)
  File "/root/.cache/pypoetry/virtualenvs/src-il7asoJj-py3.13/lib/python3.13/site-packages/starlette/_exception_handler.py", line 53, in wrapped_app
    raise exc
  File "/root/.cache/pypoetry/virtualenvs/src-il7asoJj-py3.13/lib/python3.13/site-packages/starlette/_exception_handler.py", line 42, in wrapped_app
    await app(scope, receive, sender)
  File "/root/.cache/pypoetry/virtualenvs/src-il7asoJj-py3.13/lib/python3.13/site-packages/starlette/routing.py", line 716, in __call__
    await self.middleware_stack(scope, receive, send)
  File "/root/.cache/pypoetry/virtualenvs/src-il7asoJj-py3.13/lib/python3.13/site-packages/starlette/routing.py", line 736, in app
    await route.handle(scope, receive, send)
  File "/root/.cache/pypoetry/virtualenvs/src-il7asoJj-py3.13/lib/python3.13/site-packages/starlette/routing.py", line 290, in handle
    await self.app(scope, receive, send)
  File "/root/.cache/pypoetry/virtualenvs/src-il7asoJj-py3.13/lib/python3.13/site-packages/starlette/routing.py", line 78, in app
    await wrap_app_handling_exceptions(app, request)(scope, receive, send)
  File "/root/.cache/pypoetry/virtualenvs/src-il7asoJj-py3.13/lib/python3.13/site-packages/starlette/_exception_handler.py", line 53, in wrapped_app
    raise exc
  File "/root/.cache/pypoetry/virtualenvs/src-il7asoJj-py3.13/lib/python3.13/site-packages/starlette/_exception_handler.py", line 42, in wrapped_app
    await app(scope, receive, sender)
  File "/root/.cache/pypoetry/virtualenvs/src-il7asoJj-py3.13/lib/python3.13/site-packages/starlette/routing.py", line 75, in app
    response = await f(request)
               ^^^^^^^^^^^^^^^^
  File "/root/.cache/pypoetry/virtualenvs/src-il7asoJj-py3.13/lib/python3.13/site-packages/fastapi/routing.py", line 302, in app
    raw_response = await run_endpoint_function(
                   ^^^^^^^^^^^^^^^^^^^^^^^^^^^^
    ...<3 lines>...
    )
    ^
  File "/root/.cache/pypoetry/virtualenvs/src-il7asoJj-py3.13/lib/python3.13/site-packages/fastapi/routing.py", line 213, in run_endpoint_function
    return await dependant.call(**values)
           ^^^^^^^^^^^^^^^^^^^^^^^^^^^^^^
  File "/api_v1/routers/adverts.py", line 90, in create_advert
    content=advert_data.content,
            ^^^^^^^^^^^^^^^^^^^
  File "/root/.cache/pypoetry/virtualenvs/src-il7asoJj-py3.13/lib/python3.13/site-packages/pydantic/main.py", line 991, in __getattr__
    raise AttributeError(f'{type(self).__name__!r} object has no attribute {item!r}')
AttributeError: 'AdvertCreateDTO' object has no attribute 'content'
2025-11-18 20:28:20 - uvicorn.access - INFO - 172.27.0.1:60368 - "POST /api/v1/adverts/create HTTP/1.1" 500
2025-11-18 20:36:52 - uvicorn.error - INFO - Shutting down
2025-11-18 20:36:52 - uvicorn.error - INFO - Waiting for application shutdown.
2025-11-18 20:36:52 - uvicorn.error - INFO - Application shutdown complete.
2025-11-18 20:36:52 - uvicorn.error - INFO - Finished server process [1]
2025-11-18 20:38:14 - root - INFO - Logging configuration loaded successfully
2025-11-18 20:38:14 - uvicorn.error - INFO - Started server process [1]
2025-11-18 20:38:14 - uvicorn.error - INFO - Waiting for application startup.
2025-11-18 20:38:14 - uvicorn.error - INFO - Application startup complete.
2025-11-18 20:38:14 - uvicorn.error - INFO - Uvicorn running on http://0.0.0.0:8000 (Press CTRL+C to quit)
2025-11-18 20:38:50 - uvicorn.access - INFO - 172.28.0.1:38586 - "GET /docs HTTP/1.1" 200
2025-11-18 20:38:52 - uvicorn.access - INFO - 172.28.0.1:38586 - "GET /openapi.json HTTP/1.1" 200
2025-11-18 20:39:18 - uvicorn.error - ERROR - Exception in ASGI application
  + Exception Group Traceback (most recent call last):
  |   File "/root/.cache/pypoetry/virtualenvs/src-il7asoJj-py3.13/lib/python3.13/site-packages/starlette/_utils.py", line 77, in collapse_excgroups
  |     yield
  |   File "/root/.cache/pypoetry/virtualenvs/src-il7asoJj-py3.13/lib/python3.13/site-packages/starlette/middleware/base.py", line 183, in __call__
  |     async with anyio.create_task_group() as task_group:
  |                ~~~~~~~~~~~~~~~~~~~~~~~^^
  |   File "/root/.cache/pypoetry/virtualenvs/src-il7asoJj-py3.13/lib/python3.13/site-packages/anyio/_backends/_asyncio.py", line 772, in __aexit__
  |     raise BaseExceptionGroup(
  |         "unhandled errors in a TaskGroup", self._exceptions
  |     ) from None
  | ExceptionGroup: unhandled errors in a TaskGroup (1 sub-exception)
  +-+---------------- 1 ----------------
    | Traceback (most recent call last):
    |   File "/root/.cache/pypoetry/virtualenvs/src-il7asoJj-py3.13/lib/python3.13/site-packages/uvicorn/protocols/http/h11_impl.py", line 403, in run_asgi
    |     result = await app(  # type: ignore[func-returns-value]
    |              ^^^^^^^^^^^^^^^^^^^^^^^^^^^^^^^^^^^^^^^^^^^^^^
    |         self.scope, self.receive, self.send
    |         ^^^^^^^^^^^^^^^^^^^^^^^^^^^^^^^^^^^
    |     )
    |     ^
    |   File "/root/.cache/pypoetry/virtualenvs/src-il7asoJj-py3.13/lib/python3.13/site-packages/uvicorn/middleware/proxy_headers.py", line 60, in __call__
    |     return await self.app(scope, receive, send)
    |            ^^^^^^^^^^^^^^^^^^^^^^^^^^^^^^^^^^^^
    |   File "/root/.cache/pypoetry/virtualenvs/src-il7asoJj-py3.13/lib/python3.13/site-packages/fastapi/applications.py", line 1054, in __call__
    |     await super().__call__(scope, receive, send)
    |   File "/root/.cache/pypoetry/virtualenvs/src-il7asoJj-py3.13/lib/python3.13/site-packages/starlette/applications.py", line 113, in __call__
    |     await self.middleware_stack(scope, receive, send)
    |   File "/root/.cache/pypoetry/virtualenvs/src-il7asoJj-py3.13/lib/python3.13/site-packages/starlette/middleware/errors.py", line 176, in __call__
    |     response = await self.handler(request, exc)
    |                ^^^^^^^^^^^^^^^^^^^^^^^^^^^^^^^^
    |   File "/main.py", line 114, in general_database_exception_handler
    |     raise exc
    |   File "/root/.cache/pypoetry/virtualenvs/src-il7asoJj-py3.13/lib/python3.13/site-packages/starlette/middleware/errors.py", line 164, in __call__
    |     await self.app(scope, receive, _send)
    |   File "/root/.cache/pypoetry/virtualenvs/src-il7asoJj-py3.13/lib/python3.13/site-packages/starlette/middleware/base.py", line 182, in __call__
    |     with recv_stream, send_stream, collapse_excgroups():
    |                                    ~~~~~~~~~~~~~~~~~~^^
    |   File "/usr/local/lib/python3.13/contextlib.py", line 162, in __exit__
    |     self.gen.throw(value)
    |     ~~~~~~~~~~~~~~^^^^^^^
    |   File "/root/.cache/pypoetry/virtualenvs/src-il7asoJj-py3.13/lib/python3.13/site-packages/starlette/_utils.py", line 83, in collapse_excgroups
    |     raise exc
    |   File "/root/.cache/pypoetry/virtualenvs/src-il7asoJj-py3.13/lib/python3.13/site-packages/starlette/middleware/base.py", line 184, in __call__
    |     response = await self.dispatch_func(request, call_next)
    |                ^^^^^^^^^^^^^^^^^^^^^^^^^^^^^^^^^^^^^^^^^^^^
    |   File "/main.py", line 132, in add_user_to_request
    |     response = await call_next(request)
    |                ^^^^^^^^^^^^^^^^^^^^^^^^
    |   File "/root/.cache/pypoetry/virtualenvs/src-il7asoJj-py3.13/lib/python3.13/site-packages/starlette/middleware/base.py", line 159, in call_next
    |     raise app_exc
    |   File "/root/.cache/pypoetry/virtualenvs/src-il7asoJj-py3.13/lib/python3.13/site-packages/starlette/middleware/base.py", line 144, in coro
    |     await self.app(scope, receive_or_disconnect, send_no_error)
    |   File "/root/.cache/pypoetry/virtualenvs/src-il7asoJj-py3.13/lib/python3.13/site-packages/starlette/middleware/exceptions.py", line 63, in __call__
    |     await wrap_app_handling_exceptions(self.app, conn)(scope, receive, send)
    |   File "/root/.cache/pypoetry/virtualenvs/src-il7asoJj-py3.13/lib/python3.13/site-packages/starlette/_exception_handler.py", line 53, in wrapped_app
    |     raise exc
    |   File "/root/.cache/pypoetry/virtualenvs/src-il7asoJj-py3.13/lib/python3.13/site-packages/starlette/_exception_handler.py", line 42, in wrapped_app
    |     await app(scope, receive, sender)
    |   File "/root/.cache/pypoetry/virtualenvs/src-il7asoJj-py3.13/lib/python3.13/site-packages/starlette/routing.py", line 716, in __call__
    |     await self.middleware_stack(scope, receive, send)
    |   File "/root/.cache/pypoetry/virtualenvs/src-il7asoJj-py3.13/lib/python3.13/site-packages/starlette/routing.py", line 736, in app
    |     await route.handle(scope, receive, send)
    |   File "/root/.cache/pypoetry/virtualenvs/src-il7asoJj-py3.13/lib/python3.13/site-packages/starlette/routing.py", line 290, in handle
    |     await self.app(scope, receive, send)
    |   File "/root/.cache/pypoetry/virtualenvs/src-il7asoJj-py3.13/lib/python3.13/site-packages/starlette/routing.py", line 78, in app
    |     await wrap_app_handling_exceptions(app, request)(scope, receive, send)
    |   File "/root/.cache/pypoetry/virtualenvs/src-il7asoJj-py3.13/lib/python3.13/site-packages/starlette/_exception_handler.py", line 53, in wrapped_app
    |     raise exc
    |   File "/root/.cache/pypoetry/virtualenvs/src-il7asoJj-py3.13/lib/python3.13/site-packages/starlette/_exception_handler.py", line 42, in wrapped_app
    |     await app(scope, receive, sender)
    |   File "/root/.cache/pypoetry/virtualenvs/src-il7asoJj-py3.13/lib/python3.13/site-packages/starlette/routing.py", line 75, in app
    |     response = await f(request)
    |                ^^^^^^^^^^^^^^^^
    |   File "/root/.cache/pypoetry/virtualenvs/src-il7asoJj-py3.13/lib/python3.13/site-packages/fastapi/routing.py", line 302, in app
    |     raw_response = await run_endpoint_function(
    |                    ^^^^^^^^^^^^^^^^^^^^^^^^^^^^
    |     ...<3 lines>...
    |     )
    |     ^
    |   File "/root/.cache/pypoetry/virtualenvs/src-il7asoJj-py3.13/lib/python3.13/site-packages/fastapi/routing.py", line 213, in run_endpoint_function
    |     return await dependant.call(**values)
    |            ^^^^^^^^^^^^^^^^^^^^^^^^^^^^^^
    |   File "/api_v1/routers/adverts.py", line 92, in create_advert
    |     id_category=advert_data.id_category,
    |                 ^^^^^^^^^^^^^^^^^^^^^^^
    |   File "/root/.cache/pypoetry/virtualenvs/src-il7asoJj-py3.13/lib/python3.13/site-packages/pydantic/main.py", line 991, in __getattr__
    |     raise AttributeError(f'{type(self).__name__!r} object has no attribute {item!r}')
    | AttributeError: 'AdvertCreateDTO' object has no attribute 'id_category'
    +------------------------------------

During handling of the above exception, another exception occurred:

Traceback (most recent call last):
  File "/root/.cache/pypoetry/virtualenvs/src-il7asoJj-py3.13/lib/python3.13/site-packages/uvicorn/protocols/http/h11_impl.py", line 403, in run_asgi
    result = await app(  # type: ignore[func-returns-value]
             ^^^^^^^^^^^^^^^^^^^^^^^^^^^^^^^^^^^^^^^^^^^^^^
        self.scope, self.receive, self.send
        ^^^^^^^^^^^^^^^^^^^^^^^^^^^^^^^^^^^
    )
    ^
  File "/root/.cache/pypoetry/virtualenvs/src-il7asoJj-py3.13/lib/python3.13/site-packages/uvicorn/middleware/proxy_headers.py", line 60, in __call__
    return await self.app(scope, receive, send)
           ^^^^^^^^^^^^^^^^^^^^^^^^^^^^^^^^^^^^
  File "/root/.cache/pypoetry/virtualenvs/src-il7asoJj-py3.13/lib/python3.13/site-packages/fastapi/applications.py", line 1054, in __call__
    await super().__call__(scope, receive, send)
  File "/root/.cache/pypoetry/virtualenvs/src-il7asoJj-py3.13/lib/python3.13/site-packages/starlette/applications.py", line 113, in __call__
    await self.middleware_stack(scope, receive, send)
  File "/root/.cache/pypoetry/virtualenvs/src-il7asoJj-py3.13/lib/python3.13/site-packages/starlette/middleware/errors.py", line 176, in __call__
    response = await self.handler(request, exc)
               ^^^^^^^^^^^^^^^^^^^^^^^^^^^^^^^^
  File "/main.py", line 114, in general_database_exception_handler
    raise exc
  File "/root/.cache/pypoetry/virtualenvs/src-il7asoJj-py3.13/lib/python3.13/site-packages/starlette/middleware/errors.py", line 164, in __call__
    await self.app(scope, receive, _send)
  File "/root/.cache/pypoetry/virtualenvs/src-il7asoJj-py3.13/lib/python3.13/site-packages/starlette/middleware/base.py", line 182, in __call__
    with recv_stream, send_stream, collapse_excgroups():
                                   ~~~~~~~~~~~~~~~~~~^^
  File "/usr/local/lib/python3.13/contextlib.py", line 162, in __exit__
    self.gen.throw(value)
    ~~~~~~~~~~~~~~^^^^^^^
  File "/root/.cache/pypoetry/virtualenvs/src-il7asoJj-py3.13/lib/python3.13/site-packages/starlette/_utils.py", line 83, in collapse_excgroups
    raise exc
  File "/root/.cache/pypoetry/virtualenvs/src-il7asoJj-py3.13/lib/python3.13/site-packages/starlette/middleware/base.py", line 184, in __call__
    response = await self.dispatch_func(request, call_next)
               ^^^^^^^^^^^^^^^^^^^^^^^^^^^^^^^^^^^^^^^^^^^^
  File "/main.py", line 132, in add_user_to_request
    response = await call_next(request)
               ^^^^^^^^^^^^^^^^^^^^^^^^
  File "/root/.cache/pypoetry/virtualenvs/src-il7asoJj-py3.13/lib/python3.13/site-packages/starlette/middleware/base.py", line 159, in call_next
    raise app_exc
  File "/root/.cache/pypoetry/virtualenvs/src-il7asoJj-py3.13/lib/python3.13/site-packages/starlette/middleware/base.py", line 144, in coro
    await self.app(scope, receive_or_disconnect, send_no_error)
  File "/root/.cache/pypoetry/virtualenvs/src-il7asoJj-py3.13/lib/python3.13/site-packages/starlette/middleware/exceptions.py", line 63, in __call__
    await wrap_app_handling_exceptions(self.app, conn)(scope, receive, send)
  File "/root/.cache/pypoetry/virtualenvs/src-il7asoJj-py3.13/lib/python3.13/site-packages/starlette/_exception_handler.py", line 53, in wrapped_app
    raise exc
  File "/root/.cache/pypoetry/virtualenvs/src-il7asoJj-py3.13/lib/python3.13/site-packages/starlette/_exception_handler.py", line 42, in wrapped_app
    await app(scope, receive, sender)
  File "/root/.cache/pypoetry/virtualenvs/src-il7asoJj-py3.13/lib/python3.13/site-packages/starlette/routing.py", line 716, in __call__
    await self.middleware_stack(scope, receive, send)
  File "/root/.cache/pypoetry/virtualenvs/src-il7asoJj-py3.13/lib/python3.13/site-packages/starlette/routing.py", line 736, in app
    await route.handle(scope, receive, send)
  File "/root/.cache/pypoetry/virtualenvs/src-il7asoJj-py3.13/lib/python3.13/site-packages/starlette/routing.py", line 290, in handle
    await self.app(scope, receive, send)
  File "/root/.cache/pypoetry/virtualenvs/src-il7asoJj-py3.13/lib/python3.13/site-packages/starlette/routing.py", line 78, in app
    await wrap_app_handling_exceptions(app, request)(scope, receive, send)
  File "/root/.cache/pypoetry/virtualenvs/src-il7asoJj-py3.13/lib/python3.13/site-packages/starlette/_exception_handler.py", line 53, in wrapped_app
    raise exc
  File "/root/.cache/pypoetry/virtualenvs/src-il7asoJj-py3.13/lib/python3.13/site-packages/starlette/_exception_handler.py", line 42, in wrapped_app
    await app(scope, receive, sender)
  File "/root/.cache/pypoetry/virtualenvs/src-il7asoJj-py3.13/lib/python3.13/site-packages/starlette/routing.py", line 75, in app
    response = await f(request)
               ^^^^^^^^^^^^^^^^
  File "/root/.cache/pypoetry/virtualenvs/src-il7asoJj-py3.13/lib/python3.13/site-packages/fastapi/routing.py", line 302, in app
    raw_response = await run_endpoint_function(
                   ^^^^^^^^^^^^^^^^^^^^^^^^^^^^
    ...<3 lines>...
    )
    ^
  File "/root/.cache/pypoetry/virtualenvs/src-il7asoJj-py3.13/lib/python3.13/site-packages/fastapi/routing.py", line 213, in run_endpoint_function
    return await dependant.call(**values)
           ^^^^^^^^^^^^^^^^^^^^^^^^^^^^^^
  File "/api_v1/routers/adverts.py", line 92, in create_advert
    id_category=advert_data.id_category,
                ^^^^^^^^^^^^^^^^^^^^^^^
  File "/root/.cache/pypoetry/virtualenvs/src-il7asoJj-py3.13/lib/python3.13/site-packages/pydantic/main.py", line 991, in __getattr__
    raise AttributeError(f'{type(self).__name__!r} object has no attribute {item!r}')
AttributeError: 'AdvertCreateDTO' object has no attribute 'id_category'
2025-11-18 20:39:18 - uvicorn.access - INFO - 172.28.0.1:38588 - "POST /api/v1/adverts/create HTTP/1.1" 500
2025-11-18 20:39:58 - uvicorn.error - INFO - Shutting down
2025-11-18 20:39:58 - uvicorn.error - INFO - Waiting for application shutdown.
2025-11-18 20:39:58 - uvicorn.error - INFO - Application shutdown complete.
2025-11-18 20:39:58 - uvicorn.error - INFO - Finished server process [1]
2025-11-18 20:44:28 - root - INFO - Logging configuration loaded successfully
2025-11-18 20:44:28 - uvicorn.error - INFO - Started server process [1]
2025-11-18 20:44:28 - uvicorn.error - INFO - Waiting for application startup.
2025-11-18 20:44:28 - uvicorn.error - INFO - Application startup complete.
2025-11-18 20:44:28 - uvicorn.error - INFO - Uvicorn running on http://0.0.0.0:8000 (Press CTRL+C to quit)
2025-11-18 20:45:29 - uvicorn.access - INFO - 172.29.0.1:36072 - "GET /docs HTTP/1.1" 200
2025-11-18 20:45:30 - uvicorn.access - INFO - 172.29.0.1:36072 - "GET /openapi.json HTTP/1.1" 200
2025-11-18 20:45:48 - uvicorn.access - INFO - 172.29.0.1:36074 - "POST /api/v1/adverts/create HTTP/1.1" 401
2025-11-18 20:46:03 - uvicorn.access - INFO - 172.29.0.1:51108 - "GET /docs HTTP/1.1" 200
2025-11-18 20:46:03 - uvicorn.access - INFO - 172.29.0.1:51108 - "GET /openapi.json HTTP/1.1" 200
2025-11-18 20:46:16 - uvicorn.access - INFO - 172.29.0.1:51116 - "POST /api/v1/users/login HTTP/1.1" 200
2025-11-18 20:47:11 - uvicorn.error - ERROR - Exception in ASGI application
  + Exception Group Traceback (most recent call last):
  |   File "/root/.cache/pypoetry/virtualenvs/src-il7asoJj-py3.13/lib/python3.13/site-packages/starlette/_utils.py", line 77, in collapse_excgroups
  |     yield
  |   File "/root/.cache/pypoetry/virtualenvs/src-il7asoJj-py3.13/lib/python3.13/site-packages/starlette/middleware/base.py", line 183, in __call__
  |     async with anyio.create_task_group() as task_group:
  |                ~~~~~~~~~~~~~~~~~~~~~~~^^
  |   File "/root/.cache/pypoetry/virtualenvs/src-il7asoJj-py3.13/lib/python3.13/site-packages/anyio/_backends/_asyncio.py", line 772, in __aexit__
  |     raise BaseExceptionGroup(
  |         "unhandled errors in a TaskGroup", self._exceptions
  |     ) from None
  | ExceptionGroup: unhandled errors in a TaskGroup (1 sub-exception)
  +-+---------------- 1 ----------------
    | Traceback (most recent call last):
    |   File "/root/.cache/pypoetry/virtualenvs/src-il7asoJj-py3.13/lib/python3.13/site-packages/uvicorn/protocols/http/h11_impl.py", line 403, in run_asgi
    |     result = await app(  # type: ignore[func-returns-value]
    |              ^^^^^^^^^^^^^^^^^^^^^^^^^^^^^^^^^^^^^^^^^^^^^^
    |         self.scope, self.receive, self.send
    |         ^^^^^^^^^^^^^^^^^^^^^^^^^^^^^^^^^^^
    |     )
    |     ^
    |   File "/root/.cache/pypoetry/virtualenvs/src-il7asoJj-py3.13/lib/python3.13/site-packages/uvicorn/middleware/proxy_headers.py", line 60, in __call__
    |     return await self.app(scope, receive, send)
    |            ^^^^^^^^^^^^^^^^^^^^^^^^^^^^^^^^^^^^
    |   File "/root/.cache/pypoetry/virtualenvs/src-il7asoJj-py3.13/lib/python3.13/site-packages/fastapi/applications.py", line 1054, in __call__
    |     await super().__call__(scope, receive, send)
    |   File "/root/.cache/pypoetry/virtualenvs/src-il7asoJj-py3.13/lib/python3.13/site-packages/starlette/applications.py", line 113, in __call__
    |     await self.middleware_stack(scope, receive, send)
    |   File "/root/.cache/pypoetry/virtualenvs/src-il7asoJj-py3.13/lib/python3.13/site-packages/starlette/middleware/errors.py", line 176, in __call__
    |     response = await self.handler(request, exc)
    |                ^^^^^^^^^^^^^^^^^^^^^^^^^^^^^^^^
    |   File "/main.py", line 114, in general_database_exception_handler
    |     raise exc
    |   File "/root/.cache/pypoetry/virtualenvs/src-il7asoJj-py3.13/lib/python3.13/site-packages/starlette/middleware/errors.py", line 164, in __call__
    |     await self.app(scope, receive, _send)
    |   File "/root/.cache/pypoetry/virtualenvs/src-il7asoJj-py3.13/lib/python3.13/site-packages/starlette/middleware/base.py", line 182, in __call__
    |     with recv_stream, send_stream, collapse_excgroups():
    |                                    ~~~~~~~~~~~~~~~~~~^^
    |   File "/usr/local/lib/python3.13/contextlib.py", line 162, in __exit__
    |     self.gen.throw(value)
    |     ~~~~~~~~~~~~~~^^^^^^^
    |   File "/root/.cache/pypoetry/virtualenvs/src-il7asoJj-py3.13/lib/python3.13/site-packages/starlette/_utils.py", line 83, in collapse_excgroups
    |     raise exc
    |   File "/root/.cache/pypoetry/virtualenvs/src-il7asoJj-py3.13/lib/python3.13/site-packages/starlette/middleware/base.py", line 184, in __call__
    |     response = await self.dispatch_func(request, call_next)
    |                ^^^^^^^^^^^^^^^^^^^^^^^^^^^^^^^^^^^^^^^^^^^^
    |   File "/main.py", line 132, in add_user_to_request
    |     response = await call_next(request)
    |                ^^^^^^^^^^^^^^^^^^^^^^^^
    |   File "/root/.cache/pypoetry/virtualenvs/src-il7asoJj-py3.13/lib/python3.13/site-packages/starlette/middleware/base.py", line 159, in call_next
    |     raise app_exc
    |   File "/root/.cache/pypoetry/virtualenvs/src-il7asoJj-py3.13/lib/python3.13/site-packages/starlette/middleware/base.py", line 144, in coro
    |     await self.app(scope, receive_or_disconnect, send_no_error)
    |   File "/root/.cache/pypoetry/virtualenvs/src-il7asoJj-py3.13/lib/python3.13/site-packages/starlette/middleware/exceptions.py", line 63, in __call__
    |     await wrap_app_handling_exceptions(self.app, conn)(scope, receive, send)
    |   File "/root/.cache/pypoetry/virtualenvs/src-il7asoJj-py3.13/lib/python3.13/site-packages/starlette/_exception_handler.py", line 53, in wrapped_app
    |     raise exc
    |   File "/root/.cache/pypoetry/virtualenvs/src-il7asoJj-py3.13/lib/python3.13/site-packages/starlette/_exception_handler.py", line 42, in wrapped_app
    |     await app(scope, receive, sender)
    |   File "/root/.cache/pypoetry/virtualenvs/src-il7asoJj-py3.13/lib/python3.13/site-packages/starlette/routing.py", line 716, in __call__
    |     await self.middleware_stack(scope, receive, send)
    |   File "/root/.cache/pypoetry/virtualenvs/src-il7asoJj-py3.13/lib/python3.13/site-packages/starlette/routing.py", line 736, in app
    |     await route.handle(scope, receive, send)
    |   File "/root/.cache/pypoetry/virtualenvs/src-il7asoJj-py3.13/lib/python3.13/site-packages/starlette/routing.py", line 290, in handle
    |     await self.app(scope, receive, send)
    |   File "/root/.cache/pypoetry/virtualenvs/src-il7asoJj-py3.13/lib/python3.13/site-packages/starlette/routing.py", line 78, in app
    |     await wrap_app_handling_exceptions(app, request)(scope, receive, send)
    |   File "/root/.cache/pypoetry/virtualenvs/src-il7asoJj-py3.13/lib/python3.13/site-packages/starlette/_exception_handler.py", line 53, in wrapped_app
    |     raise exc
    |   File "/root/.cache/pypoetry/virtualenvs/src-il7asoJj-py3.13/lib/python3.13/site-packages/starlette/_exception_handler.py", line 42, in wrapped_app
    |     await app(scope, receive, sender)
    |   File "/root/.cache/pypoetry/virtualenvs/src-il7asoJj-py3.13/lib/python3.13/site-packages/starlette/routing.py", line 75, in app
    |     response = await f(request)
    |                ^^^^^^^^^^^^^^^^
    |   File "/root/.cache/pypoetry/virtualenvs/src-il7asoJj-py3.13/lib/python3.13/site-packages/fastapi/routing.py", line 328, in app
    |     content = await serialize_response(
    |               ^^^^^^^^^^^^^^^^^^^^^^^^^
    |     ...<9 lines>...
    |     )
    |     ^
    |   File "/root/.cache/pypoetry/virtualenvs/src-il7asoJj-py3.13/lib/python3.13/site-packages/fastapi/routing.py", line 177, in serialize_response
    |     raise ResponseValidationError(
    |         errors=_normalize_errors(errors), body=response_content
    |     )
    | fastapi.exceptions.ResponseValidationError: 1 validation errors:
    |   {'type': 'model_attributes_type', 'loc': ('response',), 'msg': 'Input should be a valid dictionary or object to extract fields from', 'input': <coroutine object AdvertService.create_advert at 0x7f9352619a80>}
    | 
    +------------------------------------

During handling of the above exception, another exception occurred:

Traceback (most recent call last):
  File "/root/.cache/pypoetry/virtualenvs/src-il7asoJj-py3.13/lib/python3.13/site-packages/uvicorn/protocols/http/h11_impl.py", line 403, in run_asgi
    result = await app(  # type: ignore[func-returns-value]
             ^^^^^^^^^^^^^^^^^^^^^^^^^^^^^^^^^^^^^^^^^^^^^^
        self.scope, self.receive, self.send
        ^^^^^^^^^^^^^^^^^^^^^^^^^^^^^^^^^^^
    )
    ^
  File "/root/.cache/pypoetry/virtualenvs/src-il7asoJj-py3.13/lib/python3.13/site-packages/uvicorn/middleware/proxy_headers.py", line 60, in __call__
    return await self.app(scope, receive, send)
           ^^^^^^^^^^^^^^^^^^^^^^^^^^^^^^^^^^^^
  File "/root/.cache/pypoetry/virtualenvs/src-il7asoJj-py3.13/lib/python3.13/site-packages/fastapi/applications.py", line 1054, in __call__
    await super().__call__(scope, receive, send)
  File "/root/.cache/pypoetry/virtualenvs/src-il7asoJj-py3.13/lib/python3.13/site-packages/starlette/applications.py", line 113, in __call__
    await self.middleware_stack(scope, receive, send)
  File "/root/.cache/pypoetry/virtualenvs/src-il7asoJj-py3.13/lib/python3.13/site-packages/starlette/middleware/errors.py", line 176, in __call__
    response = await self.handler(request, exc)
               ^^^^^^^^^^^^^^^^^^^^^^^^^^^^^^^^
  File "/main.py", line 114, in general_database_exception_handler
    raise exc
  File "/root/.cache/pypoetry/virtualenvs/src-il7asoJj-py3.13/lib/python3.13/site-packages/starlette/middleware/errors.py", line 164, in __call__
    await self.app(scope, receive, _send)
  File "/root/.cache/pypoetry/virtualenvs/src-il7asoJj-py3.13/lib/python3.13/site-packages/starlette/middleware/base.py", line 182, in __call__
    with recv_stream, send_stream, collapse_excgroups():
                                   ~~~~~~~~~~~~~~~~~~^^
  File "/usr/local/lib/python3.13/contextlib.py", line 162, in __exit__
    self.gen.throw(value)
    ~~~~~~~~~~~~~~^^^^^^^
  File "/root/.cache/pypoetry/virtualenvs/src-il7asoJj-py3.13/lib/python3.13/site-packages/starlette/_utils.py", line 83, in collapse_excgroups
    raise exc
  File "/root/.cache/pypoetry/virtualenvs/src-il7asoJj-py3.13/lib/python3.13/site-packages/starlette/middleware/base.py", line 184, in __call__
    response = await self.dispatch_func(request, call_next)
               ^^^^^^^^^^^^^^^^^^^^^^^^^^^^^^^^^^^^^^^^^^^^
  File "/main.py", line 132, in add_user_to_request
    response = await call_next(request)
               ^^^^^^^^^^^^^^^^^^^^^^^^
  File "/root/.cache/pypoetry/virtualenvs/src-il7asoJj-py3.13/lib/python3.13/site-packages/starlette/middleware/base.py", line 159, in call_next
    raise app_exc
  File "/root/.cache/pypoetry/virtualenvs/src-il7asoJj-py3.13/lib/python3.13/site-packages/starlette/middleware/base.py", line 144, in coro
    await self.app(scope, receive_or_disconnect, send_no_error)
  File "/root/.cache/pypoetry/virtualenvs/src-il7asoJj-py3.13/lib/python3.13/site-packages/starlette/middleware/exceptions.py", line 63, in __call__
    await wrap_app_handling_exceptions(self.app, conn)(scope, receive, send)
  File "/root/.cache/pypoetry/virtualenvs/src-il7asoJj-py3.13/lib/python3.13/site-packages/starlette/_exception_handler.py", line 53, in wrapped_app
    raise exc
  File "/root/.cache/pypoetry/virtualenvs/src-il7asoJj-py3.13/lib/python3.13/site-packages/starlette/_exception_handler.py", line 42, in wrapped_app
    await app(scope, receive, sender)
  File "/root/.cache/pypoetry/virtualenvs/src-il7asoJj-py3.13/lib/python3.13/site-packages/starlette/routing.py", line 716, in __call__
    await self.middleware_stack(scope, receive, send)
  File "/root/.cache/pypoetry/virtualenvs/src-il7asoJj-py3.13/lib/python3.13/site-packages/starlette/routing.py", line 736, in app
    await route.handle(scope, receive, send)
  File "/root/.cache/pypoetry/virtualenvs/src-il7asoJj-py3.13/lib/python3.13/site-packages/starlette/routing.py", line 290, in handle
    await self.app(scope, receive, send)
  File "/root/.cache/pypoetry/virtualenvs/src-il7asoJj-py3.13/lib/python3.13/site-packages/starlette/routing.py", line 78, in app
    await wrap_app_handling_exceptions(app, request)(scope, receive, send)
  File "/root/.cache/pypoetry/virtualenvs/src-il7asoJj-py3.13/lib/python3.13/site-packages/starlette/_exception_handler.py", line 53, in wrapped_app
    raise exc
  File "/root/.cache/pypoetry/virtualenvs/src-il7asoJj-py3.13/lib/python3.13/site-packages/starlette/_exception_handler.py", line 42, in wrapped_app
    await app(scope, receive, sender)
  File "/root/.cache/pypoetry/virtualenvs/src-il7asoJj-py3.13/lib/python3.13/site-packages/starlette/routing.py", line 75, in app
    response = await f(request)
               ^^^^^^^^^^^^^^^^
  File "/root/.cache/pypoetry/virtualenvs/src-il7asoJj-py3.13/lib/python3.13/site-packages/fastapi/routing.py", line 328, in app
    content = await serialize_response(
              ^^^^^^^^^^^^^^^^^^^^^^^^^
    ...<9 lines>...
    )
    ^
  File "/root/.cache/pypoetry/virtualenvs/src-il7asoJj-py3.13/lib/python3.13/site-packages/fastapi/routing.py", line 177, in serialize_response
    raise ResponseValidationError(
        errors=_normalize_errors(errors), body=response_content
    )
fastapi.exceptions.ResponseValidationError: 1 validation errors:
  {'type': 'model_attributes_type', 'loc': ('response',), 'msg': 'Input should be a valid dictionary or object to extract fields from', 'input': <coroutine object AdvertService.create_advert at 0x7f9352619a80>}

2025-11-18 20:47:11 - uvicorn.access - INFO - 172.29.0.1:59462 - "POST /api/v1/adverts/create HTTP/1.1" 500
2025-11-18 20:49:57 - uvicorn.error - INFO - Shutting down
2025-11-18 20:49:58 - uvicorn.error - INFO - Waiting for application shutdown.
2025-11-18 20:49:58 - uvicorn.error - INFO - Application shutdown complete.
2025-11-18 20:49:58 - uvicorn.error - INFO - Finished server process [1]
2025-11-18 20:51:06 - root - INFO - Logging configuration loaded successfully
2025-11-18 20:51:06 - uvicorn.error - INFO - Started server process [1]
2025-11-18 20:51:06 - uvicorn.error - INFO - Waiting for application startup.
2025-11-18 20:51:06 - uvicorn.error - INFO - Application startup complete.
2025-11-18 20:51:06 - uvicorn.error - INFO - Uvicorn running on http://0.0.0.0:8000 (Press CTRL+C to quit)
2025-11-18 20:51:51 - uvicorn.access - INFO - 172.30.0.1:36756 - "GET /docs HTTP/1.1" 200
2025-11-18 20:51:53 - uvicorn.access - INFO - 172.30.0.1:36756 - "GET /openapi.json HTTP/1.1" 200
2025-11-18 20:52:12 - uvicorn.access - INFO - 172.30.0.1:36764 - "POST /api/v1/users/login HTTP/1.1" 200
2025-11-18 20:52:52 - uvicorn.access - INFO - 172.30.0.1:41542 - "POST /api/v1/adverts/create HTTP/1.1" 201
2025-11-19 09:57:17 - root - INFO - Logging configuration loaded successfully
2025-11-19 09:57:17 - uvicorn.error - INFO - Started server process [1]
2025-11-19 09:57:17 - uvicorn.error - INFO - Waiting for application startup.
2025-11-19 09:57:17 - uvicorn.error - INFO - Application startup complete.
2025-11-19 09:57:17 - uvicorn.error - INFO - Uvicorn running on http://0.0.0.0:8000 (Press CTRL+C to quit)
2025-11-19 15:00:47 - root - INFO - Logging configuration loaded successfully
2025-11-19 15:00:47 - uvicorn.error - INFO - Started server process [1]
2025-11-19 15:00:47 - uvicorn.error - INFO - Waiting for application startup.
2025-11-19 15:00:47 - uvicorn.error - INFO - Application startup complete.
2025-11-19 15:00:47 - uvicorn.error - INFO - Uvicorn running on http://0.0.0.0:8000 (Press CTRL+C to quit)
2025-11-19 16:28:27 - uvicorn.error - INFO - Shutting down
2025-11-19 16:28:28 - uvicorn.error - INFO - Waiting for application shutdown.
2025-11-19 16:28:28 - uvicorn.error - INFO - Application shutdown complete.
2025-11-19 16:28:28 - uvicorn.error - INFO - Finished server process [1]
2025-11-19 16:42:50 - root - INFO - Logging configuration loaded successfully
2025-11-19 16:42:50 - uvicorn.error - INFO - Started server process [1]
2025-11-19 16:42:50 - uvicorn.error - INFO - Waiting for application startup.
2025-11-19 16:42:50 - uvicorn.error - INFO - Application startup complete.
2025-11-19 16:42:50 - uvicorn.error - INFO - Uvicorn running on http://0.0.0.0:8000 (Press CTRL+C to quit)
2025-11-19 16:50:06 - uvicorn.access - INFO - 172.20.0.1:49374 - "GET /docs HTTP/1.1" 200
2025-11-19 16:50:08 - uvicorn.access - INFO - 172.20.0.1:49374 - "GET /openapi.json HTTP/1.1" 200
2025-11-19 16:50:43 - uvicorn.access - INFO - 172.20.0.1:49378 - "POST /api/v1/users/login HTTP/1.1" 200
2025-11-19 16:51:13 - uvicorn.access - INFO - 172.20.0.1:52378 - "GET /api/v1/adverts/ HTTP/1.1" 500
2025-11-19 16:57:26 - uvicorn.error - INFO - Shutting down
2025-11-19 16:57:26 - uvicorn.error - INFO - Waiting for application shutdown.
2025-11-19 16:57:26 - uvicorn.error - INFO - Application shutdown complete.
2025-11-19 16:57:26 - uvicorn.error - INFO - Finished server process [1]
2025-11-19 17:01:07 - root - INFO - Logging configuration loaded successfully
2025-11-19 17:01:07 - uvicorn.error - INFO - Started server process [1]
2025-11-19 17:01:07 - uvicorn.error - INFO - Waiting for application startup.
2025-11-19 17:01:07 - uvicorn.error - INFO - Application startup complete.
2025-11-19 17:01:07 - uvicorn.error - INFO - Uvicorn running on http://0.0.0.0:8000 (Press CTRL+C to quit)
2025-11-19 17:03:11 - uvicorn.access - INFO - 172.21.0.1:37598 - "GET /docs HTTP/1.1" 200
2025-11-19 17:03:13 - uvicorn.access - INFO - 172.21.0.1:37598 - "GET /openapi.json HTTP/1.1" 200
2025-11-19 17:03:37 - uvicorn.access - INFO - 172.21.0.1:37602 - "GET /api/v1/adverts/ HTTP/1.1" 401
2025-11-19 17:07:34 - uvicorn.error - INFO - Shutting down
2025-11-19 17:07:35 - uvicorn.error - INFO - Waiting for application shutdown.
2025-11-19 17:07:35 - uvicorn.error - INFO - Application shutdown complete.
2025-11-19 17:07:35 - uvicorn.error - INFO - Finished server process [1]
2025-11-19 17:08:32 - root - INFO - Logging configuration loaded successfully
2025-11-19 17:08:32 - uvicorn.error - INFO - Started server process [1]
2025-11-19 17:08:32 - uvicorn.error - INFO - Waiting for application startup.
2025-11-19 17:08:33 - uvicorn.error - INFO - Application startup complete.
2025-11-19 17:08:33 - uvicorn.error - INFO - Uvicorn running on http://0.0.0.0:8000 (Press CTRL+C to quit)
2025-11-19 17:09:04 - uvicorn.access - INFO - 172.22.0.1:41714 - "GET /docs HTTP/1.1" 200
2025-11-19 17:09:06 - uvicorn.access - INFO - 172.22.0.1:41714 - "GET /openapi.json HTTP/1.1" 200
2025-11-19 17:09:14 - uvicorn.access - INFO - 172.22.0.1:41728 - "GET /api/v1/adverts/ HTTP/1.1" 403
2025-11-19 17:18:37 - uvicorn.error - INFO - Shutting down
2025-11-19 17:18:37 - uvicorn.error - INFO - Waiting for application shutdown.
2025-11-19 17:18:37 - uvicorn.error - INFO - Application shutdown complete.
2025-11-19 17:18:37 - uvicorn.error - INFO - Finished server process [1]
2025-11-19 17:21:12 - root - INFO - Logging configuration loaded successfully
2025-11-19 17:21:12 - uvicorn.error - INFO - Started server process [1]
2025-11-19 17:21:12 - uvicorn.error - INFO - Waiting for application startup.
2025-11-19 17:21:12 - uvicorn.error - INFO - Application startup complete.
2025-11-19 17:21:12 - uvicorn.error - INFO - Uvicorn running on http://0.0.0.0:8000 (Press CTRL+C to quit)
2025-11-19 17:21:47 - uvicorn.access - INFO - 172.23.0.1:44998 - "GET /docs HTTP/1.1" 200
2025-11-19 17:21:48 - uvicorn.access - INFO - 172.23.0.1:44998 - "GET /openapi.json HTTP/1.1" 200
2025-11-19 17:21:56 - uvicorn.access - INFO - 172.23.0.1:45004 - "GET /api/v1/adverts/ HTTP/1.1" 403
2025-11-19 17:24:52 - uvicorn.error - INFO - Shutting down
2025-11-19 17:24:52 - uvicorn.error - INFO - Waiting for application shutdown.
2025-11-19 17:24:52 - uvicorn.error - INFO - Application shutdown complete.
2025-11-19 17:24:52 - uvicorn.error - INFO - Finished server process [1]
2025-11-19 17:26:55 - root - INFO - Logging configuration loaded successfully
2025-11-19 17:26:55 - uvicorn.error - INFO - Started server process [1]
2025-11-19 17:26:55 - uvicorn.error - INFO - Waiting for application startup.
2025-11-19 17:26:55 - uvicorn.error - INFO - Application startup complete.
2025-11-19 17:26:55 - uvicorn.error - INFO - Uvicorn running on http://0.0.0.0:8000 (Press CTRL+C to quit)
2025-11-19 17:27:34 - uvicorn.access - INFO - 172.24.0.1:48270 - "GET /docs HTTP/1.1" 200
2025-11-19 17:27:34 - uvicorn.access - INFO - 172.24.0.1:48270 - "GET /openapi.json HTTP/1.1" 200
2025-11-19 17:27:41 - uvicorn.access - INFO - 172.24.0.1:48272 - "GET /api/v1/adverts/ HTTP/1.1" 500
2025-11-19 17:28:31 - uvicorn.error - INFO - Shutting down
2025-11-19 17:28:32 - uvicorn.error - INFO - Waiting for application shutdown.
2025-11-19 17:28:32 - uvicorn.error - INFO - Application shutdown complete.
2025-11-19 17:28:32 - uvicorn.error - INFO - Finished server process [1]
2025-11-19 17:32:59 - root - INFO - Logging configuration loaded successfully
2025-11-19 17:32:59 - uvicorn.error - INFO - Started server process [1]
2025-11-19 17:32:59 - uvicorn.error - INFO - Waiting for application startup.
2025-11-19 17:32:59 - uvicorn.error - INFO - Application startup complete.
2025-11-19 17:32:59 - uvicorn.error - INFO - Uvicorn running on http://0.0.0.0:8000 (Press CTRL+C to quit)
2025-11-19 17:33:34 - uvicorn.access - INFO - 172.25.0.1:40252 - "GET /docs HTTP/1.1" 200
2025-11-19 17:33:35 - uvicorn.access - INFO - 172.25.0.1:40252 - "GET /openapi.json HTTP/1.1" 200
2025-11-19 17:33:43 - uvicorn.access - INFO - 172.25.0.1:40258 - "GET /api/v1/adverts/ HTTP/1.1" 200
2025-11-19 18:20:35 - uvicorn.error - INFO - Shutting down
2025-11-19 18:20:36 - uvicorn.error - INFO - Waiting for application shutdown.
2025-11-19 18:20:36 - uvicorn.error - INFO - Application shutdown complete.
2025-11-19 18:20:36 - uvicorn.error - INFO - Finished server process [1]
2025-11-19 18:30:40 - root - INFO - Logging configuration loaded successfully
2025-11-19 18:30:40 - uvicorn.error - INFO - Started server process [1]
2025-11-19 18:30:40 - uvicorn.error - INFO - Waiting for application startup.
2025-11-19 18:30:40 - uvicorn.error - INFO - Application startup complete.
2025-11-19 18:30:40 - uvicorn.error - INFO - Uvicorn running on http://0.0.0.0:8000 (Press CTRL+C to quit)
2025-11-19 18:30:49 - uvicorn.access - INFO - 172.27.0.1:58696 - "GET /docs HTTP/1.1" 200
2025-11-19 18:30:52 - uvicorn.access - INFO - 172.27.0.1:58696 - "GET /openapi.json HTTP/1.1" 200
2025-11-19 18:31:26 - uvicorn.access - INFO - 172.27.0.1:58702 - "GET /api/v1/adverts/ HTTP/1.1" 200
2025-11-19 18:31:49 - uvicorn.access - INFO - 172.27.0.1:49462 - "GET /api/v1/adverts/my HTTP/1.1" 403
2025-11-19 18:32:12 - uvicorn.access - INFO - 172.27.0.1:60992 - "POST /api/v1/users/login HTTP/1.1" 200
2025-11-19 18:32:37 - uvicorn.access - INFO - 172.27.0.1:55792 - "GET /api/v1/adverts/my HTTP/1.1" 200
2025-11-19 18:32:43 - uvicorn.access - INFO - 172.27.0.1:49924 - "GET /api/v1/adverts/my HTTP/1.1" 200
2025-11-19 18:33:08 - uvicorn.error - INFO - Shutting down
2025-11-19 18:33:09 - uvicorn.error - INFO - Waiting for application shutdown.
2025-11-19 18:33:09 - uvicorn.error - INFO - Application shutdown complete.
2025-11-19 18:33:09 - uvicorn.error - INFO - Finished server process [1]
2025-11-19 19:04:45 - root - INFO - Logging configuration loaded successfully
2025-11-19 19:04:45 - uvicorn.error - INFO - Started server process [1]
2025-11-19 19:04:45 - uvicorn.error - INFO - Waiting for application startup.
2025-11-19 19:04:45 - uvicorn.error - INFO - Application startup complete.
2025-11-19 19:04:45 - uvicorn.error - INFO - Uvicorn running on http://0.0.0.0:8000 (Press CTRL+C to quit)
2025-11-19 19:05:43 - uvicorn.access - INFO - 172.28.0.1:57292 - "GET /docs HTTP/1.1" 200
2025-11-19 19:05:44 - uvicorn.access - INFO - 172.28.0.1:57292 - "GET /openapi.json HTTP/1.1" 200
2025-11-19 19:06:01 - uvicorn.access - INFO - 172.28.0.1:57302 - "GET /api/v1/adverts/ HTTP/1.1" 200
2025-11-19 19:06:24 - uvicorn.access - INFO - 172.28.0.1:49562 - "POST /api/v1/users/login HTTP/1.1" 200
2025-11-19 19:06:54 - uvicorn.access - INFO - 172.28.0.1:33294 - "GET /api/v1/adverts/my HTTP/1.1" 400
2025-11-19 19:07:40 - uvicorn.error - INFO - Shutting down
2025-11-19 19:07:40 - uvicorn.error - INFO - Waiting for application shutdown.
2025-11-19 19:07:40 - uvicorn.error - INFO - Application shutdown complete.
2025-11-19 19:07:40 - uvicorn.error - INFO - Finished server process [1]
2025-11-19 19:08:53 - root - INFO - Logging configuration loaded successfully
2025-11-19 19:08:53 - uvicorn.error - INFO - Started server process [1]
2025-11-19 19:08:53 - uvicorn.error - INFO - Waiting for application startup.
2025-11-19 19:08:53 - uvicorn.error - INFO - Application startup complete.
2025-11-19 19:08:53 - uvicorn.error - INFO - Uvicorn running on http://0.0.0.0:8000 (Press CTRL+C to quit)
2025-11-19 19:09:36 - uvicorn.access - INFO - 172.29.0.1:39130 - "GET /docs HTTP/1.1" 200
2025-11-19 19:09:37 - uvicorn.access - INFO - 172.29.0.1:39130 - "GET /openapi.json HTTP/1.1" 200
2025-11-19 19:09:55 - uvicorn.access - INFO - 172.29.0.1:39132 - "GET /api/v1/adverts/my HTTP/1.1" 200
2025-11-19 21:05:24 - uvicorn.error - INFO - Shutting down
2025-11-19 21:05:24 - uvicorn.error - INFO - Waiting for application shutdown.
2025-11-19 21:05:24 - uvicorn.error - INFO - Application shutdown complete.
2025-11-19 21:05:24 - uvicorn.error - INFO - Finished server process [1]
2025-11-19 21:32:07 - root - INFO - Logging configuration loaded successfully
2025-11-19 21:32:07 - uvicorn.error - INFO - Started server process [1]
2025-11-19 21:32:07 - uvicorn.error - INFO - Waiting for application startup.
2025-11-19 21:32:07 - uvicorn.error - INFO - Application startup complete.
2025-11-19 21:32:07 - uvicorn.error - INFO - Uvicorn running on http://0.0.0.0:8000 (Press CTRL+C to quit)
2025-11-19 21:33:52 - uvicorn.access - INFO - 172.30.0.1:34550 - "GET /docs HTTP/1.1" 200
2025-11-19 21:33:54 - uvicorn.access - INFO - 172.30.0.1:34550 - "GET /openapi.json HTTP/1.1" 200
2025-11-20 11:19:28 - uvicorn.error - INFO - Shutting down
2025-11-20 11:19:28 - uvicorn.error - INFO - Waiting for application shutdown.
2025-11-20 11:19:28 - uvicorn.error - INFO - Application shutdown complete.
2025-11-20 11:19:28 - uvicorn.error - INFO - Finished server process [1]
2025-11-20 15:31:56 - root - INFO - Logging configuration loaded successfully
2025-11-20 15:31:56 - uvicorn.error - INFO - Started server process [1]
2025-11-20 15:31:56 - uvicorn.error - INFO - Waiting for application startup.
2025-11-20 15:31:56 - uvicorn.error - INFO - Application startup complete.
2025-11-20 15:31:56 - uvicorn.error - INFO - Uvicorn running on http://0.0.0.0:8000 (Press CTRL+C to quit)
2025-11-20 15:32:02 - uvicorn.access - INFO - 172.31.0.1:34628 - "GET /docs HTTP/1.1" 200
2025-11-20 15:32:05 - uvicorn.access - INFO - 172.31.0.1:34628 - "GET /openapi.json HTTP/1.1" 200
2025-11-20 15:32:14 - uvicorn.access - INFO - 172.31.0.1:34642 - "GET /api/v1/adverts/liked HTTP/1.1" 422
2025-11-20 15:36:02 - uvicorn.error - INFO - Shutting down
2025-11-20 15:36:03 - uvicorn.error - INFO - Waiting for application shutdown.
2025-11-20 15:36:03 - uvicorn.error - INFO - Application shutdown complete.
2025-11-20 15:36:03 - uvicorn.error - INFO - Finished server process [1]
2025-11-20 15:37:04 - root - INFO - Logging configuration loaded successfully
2025-11-20 15:37:04 - uvicorn.error - INFO - Started server process [1]
2025-11-20 15:37:04 - uvicorn.error - INFO - Waiting for application startup.
2025-11-20 15:37:04 - uvicorn.error - INFO - Application startup complete.
2025-11-20 15:37:04 - uvicorn.error - INFO - Uvicorn running on http://0.0.0.0:8000 (Press CTRL+C to quit)
2025-11-20 15:37:45 - uvicorn.access - INFO - 192.168.0.1:32958 - "GET /docs HTTP/1.1" 200
2025-11-20 15:37:46 - uvicorn.access - INFO - 192.168.0.1:32958 - "GET /openapi.json HTTP/1.1" 200
2025-11-20 15:38:09 - uvicorn.access - INFO - 192.168.0.1:32974 - "POST /api/v1/adverts/search HTTP/1.1" 422
2025-11-20 15:40:42 - uvicorn.access - INFO - 192.168.0.1:58148 - "POST /api/v1/adverts/search HTTP/1.1" 200
2025-11-21 07:38:10 - root - INFO - Logging configuration loaded successfully
2025-11-21 07:38:10 - uvicorn.error - INFO - Started server process [1]
2025-11-21 07:38:10 - uvicorn.error - INFO - Waiting for application startup.
2025-11-21 07:38:10 - uvicorn.error - INFO - Application startup complete.
2025-11-21 07:38:10 - uvicorn.error - INFO - Uvicorn running on http://0.0.0.0:8000 (Press CTRL+C to quit)
2025-11-21 16:51:47 - uvicorn.error - INFO - Shutting down
2025-11-21 16:51:48 - uvicorn.error - INFO - Waiting for application shutdown.
2025-11-21 16:51:48 - uvicorn.error - INFO - Application shutdown complete.
2025-11-21 16:51:48 - uvicorn.error - INFO - Finished server process [1]
2025-11-21 17:11:16 - root - INFO - Logging configuration loaded successfully
2025-11-21 17:11:16 - uvicorn.error - INFO - Started server process [1]
2025-11-21 17:11:16 - uvicorn.error - INFO - Waiting for application startup.
2025-11-21 17:11:16 - uvicorn.error - INFO - Application startup complete.
2025-11-21 17:11:16 - uvicorn.error - INFO - Uvicorn running on http://0.0.0.0:8000 (Press CTRL+C to quit)
2025-11-21 17:17:08 - uvicorn.access - INFO - 172.20.0.1:54020 - "GET /docs HTTP/1.1" 200
2025-11-21 17:17:10 - uvicorn.access - INFO - 172.20.0.1:54020 - "GET /openapi.json HTTP/1.1" 200
2025-11-21 17:17:27 - uvicorn.access - INFO - 172.20.0.1:54036 - "GET /api/v1/categories/ HTTP/1.1" 500
2025-11-21 17:26:21 - uvicorn.error - INFO - Shutting down
2025-11-21 17:26:21 - uvicorn.error - INFO - Waiting for application shutdown.
2025-11-21 17:26:21 - uvicorn.error - INFO - Application shutdown complete.
2025-11-21 17:26:21 - uvicorn.error - INFO - Finished server process [1]
2025-11-21 17:46:27 - root - INFO - Logging configuration loaded successfully
2025-11-21 17:46:27 - uvicorn.error - INFO - Started server process [1]
2025-11-21 17:46:27 - uvicorn.error - INFO - Waiting for application startup.
2025-11-21 17:46:27 - uvicorn.error - INFO - Application startup complete.
2025-11-21 17:46:27 - uvicorn.error - INFO - Uvicorn running on http://0.0.0.0:8000 (Press CTRL+C to quit)
2025-11-21 17:46:33 - uvicorn.access - INFO - 172.21.0.1:33552 - "GET /docs HTTP/1.1" 200
2025-11-21 17:46:34 - uvicorn.access - INFO - 172.21.0.1:33552 - "GET /openapi.json HTTP/1.1" 200
2025-11-21 17:48:02 - uvicorn.access - INFO - 172.21.0.1:46912 - "GET /api/v1/categories/ HTTP/1.1" 200
2025-11-21 18:11:26 - uvicorn.access - INFO - 172.21.0.1:57506 - "GET /api/v1/categories/c3654c8b-f653-4cb1-99b0-18183e24c2d2 HTTP/1.1" 200
2025-11-21 18:12:03 - uvicorn.access - INFO - 172.21.0.1:39350 - "POST /api/v1/users/login HTTP/1.1" 200
2025-11-21 18:12:35 - uvicorn.access - INFO - 172.21.0.1:53496 - "GET /api/v1/adverts/ HTTP/1.1" 200
2025-11-21 18:13:03 - uvicorn.access - INFO - 172.21.0.1:54142 - "GET /api/v1/adverts/liked HTTP/1.1" 422
2025-11-21 18:13:24 - uvicorn.access - INFO - 172.21.0.1:33160 - "GET /api/v1/categories/ HTTP/1.1" 200
2025-11-21 18:13:38 - uvicorn.access - INFO - 172.21.0.1:41010 - "GET /api/v1/adverts/deals HTTP/1.1" 422
2025-11-21 18:14:27 - uvicorn.error - INFO - Shutting down
2025-11-21 18:14:27 - uvicorn.error - INFO - Waiting for application shutdown.
2025-11-21 18:14:27 - uvicorn.error - INFO - Application shutdown complete.
2025-11-21 18:14:27 - uvicorn.error - INFO - Finished server process [1]
2025-11-21 18:19:02 - root - INFO - Logging configuration loaded successfully
2025-11-21 18:19:02 - uvicorn.error - INFO - Started server process [1]
2025-11-21 18:19:02 - uvicorn.error - INFO - Waiting for application startup.
2025-11-21 18:19:02 - uvicorn.error - INFO - Application startup complete.
2025-11-21 18:19:02 - uvicorn.error - INFO - Uvicorn running on http://0.0.0.0:8000 (Press CTRL+C to quit)
2025-11-21 18:19:26 - uvicorn.access - INFO - 172.22.0.1:34714 - "GET /docs HTTP/1.1" 200
2025-11-21 18:19:28 - uvicorn.access - INFO - 172.22.0.1:34714 - "GET /openapi.json HTTP/1.1" 200
2025-11-21 18:19:40 - uvicorn.access - INFO - 172.22.0.1:34728 - "GET /api/v1/adverts/liked HTTP/1.1" 422
2025-11-21 18:22:00 - uvicorn.error - INFO - Shutting down
2025-11-21 18:22:00 - uvicorn.error - INFO - Waiting for application shutdown.
2025-11-21 18:22:00 - uvicorn.error - INFO - Application shutdown complete.
2025-11-21 18:22:00 - uvicorn.error - INFO - Finished server process [1]
2025-11-21 18:23:03 - root - INFO - Logging configuration loaded successfully
2025-11-21 18:23:03 - uvicorn.error - INFO - Started server process [1]
2025-11-21 18:23:03 - uvicorn.error - INFO - Waiting for application startup.
2025-11-21 18:23:03 - uvicorn.error - INFO - Application startup complete.
2025-11-21 18:23:03 - uvicorn.error - INFO - Uvicorn running on http://0.0.0.0:8000 (Press CTRL+C to quit)
2025-11-21 18:35:57 - uvicorn.access - INFO - 172.23.0.1:36708 - "GET /docs HTTP/1.1" 200
2025-11-21 18:35:59 - uvicorn.access - INFO - 172.23.0.1:36708 - "GET /openapi.json HTTP/1.1" 200
2025-11-21 18:36:12 - uvicorn.access - INFO - 172.23.0.1:36724 - "GET /api/v1/adverts/ HTTP/1.1" 200
2025-11-21 18:36:34 - uvicorn.access - INFO - 172.23.0.1:39368 - "POST /api/v1/users/login HTTP/1.1" 200
2025-11-21 18:37:08 - uvicorn.access - INFO - 172.23.0.1:49564 - "GET /api/v1/adverts/liked HTTP/1.1" 200
2025-11-21 18:41:45 - uvicorn.access - INFO - 172.23.0.1:42984 - "GET /api/v1/adverts/deals HTTP/1.1" 200
2025-11-21 18:42:13 - uvicorn.access - INFO - 172.23.0.1:45952 - "POST /api/v1/deals/ HTTP/1.1" 500
2025-11-21 18:44:17 - uvicorn.error - INFO - Shutting down
2025-11-21 18:44:17 - uvicorn.error - INFO - Waiting for application shutdown.
2025-11-21 18:44:17 - uvicorn.error - INFO - Application shutdown complete.
2025-11-21 18:44:17 - uvicorn.error - INFO - Finished server process [1]
2025-11-21 18:58:05 - root - INFO - Logging configuration loaded successfully
2025-11-21 18:58:05 - uvicorn.error - INFO - Started server process [1]
2025-11-21 18:58:05 - uvicorn.error - INFO - Waiting for application startup.
2025-11-21 18:58:05 - uvicorn.error - INFO - Application startup complete.
2025-11-21 18:58:05 - uvicorn.error - INFO - Uvicorn running on http://0.0.0.0:8000 (Press CTRL+C to quit)
2025-11-21 18:58:18 - uvicorn.access - INFO - 172.24.0.1:50106 - "GET /docs HTTP/1.1" 200
2025-11-21 18:58:19 - uvicorn.access - INFO - 172.24.0.1:50106 - "GET /openapi.json HTTP/1.1" 200
2025-11-21 19:05:48 - uvicorn.access - INFO - 172.24.0.1:37208 - "GET /docs HTTP/1.1" 200
2025-11-21 19:05:48 - uvicorn.access - INFO - 172.24.0.1:37208 - "GET /openapi.json HTTP/1.1" 200
2025-11-21 19:06:26 - uvicorn.access - INFO - 172.24.0.1:37210 - "POST /api/v1/users/login HTTP/1.1" 200
2025-11-21 19:07:00 - uvicorn.access - INFO - 172.24.0.1:41040 - "GET /api/v1/adverts/ HTTP/1.1" 200
2025-11-21 19:07:45 - uvicorn.access - INFO - 172.24.0.1:43866 - "POST /api/v1/deals/ HTTP/1.1" 500
2025-11-21 19:09:28 - uvicorn.error - INFO - Shutting down
2025-11-21 19:09:28 - uvicorn.error - INFO - Waiting for application shutdown.
2025-11-21 19:09:28 - uvicorn.error - INFO - Application shutdown complete.
2025-11-21 19:09:28 - uvicorn.error - INFO - Finished server process [1]
2025-11-21 19:10:32 - root - INFO - Logging configuration loaded successfully
2025-11-21 19:10:32 - uvicorn.error - INFO - Started server process [1]
2025-11-21 19:10:32 - uvicorn.error - INFO - Waiting for application startup.
2025-11-21 19:10:32 - uvicorn.error - INFO - Application startup complete.
2025-11-21 19:10:32 - uvicorn.error - INFO - Uvicorn running on http://0.0.0.0:8000 (Press CTRL+C to quit)
2025-11-21 19:11:00 - uvicorn.access - INFO - 172.25.0.1:40932 - "GET /docs HTTP/1.1" 200
2025-11-21 19:11:01 - uvicorn.access - INFO - 172.25.0.1:40932 - "GET /openapi.json HTTP/1.1" 200
2025-11-21 19:11:27 - uvicorn.access - INFO - 172.25.0.1:40946 - "POST /api/v1/deals/ HTTP/1.1" 403
2025-11-21 19:11:43 - uvicorn.access - INFO - 172.25.0.1:40312 - "POST /api/v1/users/login HTTP/1.1" 200
2025-11-21 19:13:04 - uvicorn.access - INFO - 172.25.0.1:39242 - "POST /api/v1/deals/ HTTP/1.1" 201
2025-11-21 19:13:28 - uvicorn.access - INFO - 172.25.0.1:58816 - "GET /api/v1/adverts/deals HTTP/1.1" 200
2025-11-21 19:25:39 - uvicorn.access - INFO - 172.25.0.1:50544 - "GET /docs HTTP/1.1" 200
2025-11-21 19:25:40 - uvicorn.access - INFO - 172.25.0.1:50544 - "GET /openapi.json HTTP/1.1" 200
2025-11-21 19:26:01 - uvicorn.access - INFO - 172.25.0.1:50558 - "GET /api/v1/adverts/liked HTTP/1.1" 403
2025-11-21 19:26:11 - uvicorn.access - INFO - 172.25.0.1:54406 - "GET /api/v1/adverts/ HTTP/1.1" 200
2025-11-21 19:27:14 - uvicorn.access - INFO - 172.25.0.1:44134 - "POST /api/v1/users/register HTTP/1.1" 422
2025-11-21 19:27:41 - uvicorn.error - INFO - Shutting down
2025-11-21 19:27:41 - uvicorn.error - INFO - Waiting for application shutdown.
2025-11-21 19:27:41 - uvicorn.error - INFO - Application shutdown complete.
2025-11-21 19:27:41 - uvicorn.error - INFO - Finished server process [1]
2025-11-22 00:06:56 - root - INFO - Logging configuration loaded successfully
2025-11-22 00:06:56 - uvicorn.error - INFO - Started server process [1]
2025-11-22 00:06:56 - uvicorn.error - INFO - Waiting for application startup.
2025-11-22 00:06:56 - uvicorn.error - INFO - Application startup complete.
2025-11-22 00:06:56 - uvicorn.error - INFO - Uvicorn running on http://0.0.0.0:8000 (Press CTRL+C to quit)
2025-11-22 00:07:35 - uvicorn.access - INFO - 172.20.0.1:60588 - "GET / HTTP/1.1" 404
2025-11-22 00:07:35 - uvicorn.access - INFO - 172.20.0.1:60588 - "GET /favicon.ico HTTP/1.1" 404
2025-11-22 00:28:14 - uvicorn.access - INFO - 172.20.0.5:51314 - "GET /docs HTTP/1.0" 200
2025-11-22 00:28:53 - uvicorn.access - INFO - 172.20.0.1:35684 - "GET /docs HTTP/1.1" 200
2025-11-22 00:28:54 - uvicorn.access - INFO - 172.20.0.1:35684 - "GET /openapi.json HTTP/1.1" 200
2025-11-22 00:29:27 - uvicorn.access - INFO - 172.20.0.1:50776 - "GET /openapi.json HTTP/1.1" 200
2025-11-22 00:31:38 - uvicorn.access - INFO - 172.20.0.5:56846 - "GET /docs HTTP/1.0" 200
2025-11-22 00:31:38 - uvicorn.access - INFO - 172.20.0.5:56856 - "GET /openapi.json HTTP/1.0" 200
2025-11-22 00:31:39 - uvicorn.access - INFO - 172.20.0.5:58958 - "GET /docs HTTP/1.0" 200
2025-11-22 00:31:40 - uvicorn.access - INFO - 172.20.0.5:58970 - "GET /openapi.json HTTP/1.0" 200
2025-11-22 00:31:42 - uvicorn.access - INFO - 172.20.0.5:58980 - "GET /docs HTTP/1.0" 200
2025-11-22 00:31:43 - uvicorn.access - INFO - 172.20.0.5:58986 - "GET /openapi.json HTTP/1.0" 200
2025-11-22 00:31:48 - uvicorn.access - INFO - 172.20.0.5:58988 - "GET /docs HTTP/1.0" 200
2025-11-22 00:31:49 - uvicorn.access - INFO - 172.20.0.5:58232 - "GET /openapi.json HTTP/1.0" 200
2025-11-22 00:31:51 - uvicorn.access - INFO - 172.20.0.5:58242 - "GET /docs HTTP/1.0" 200
2025-11-22 00:31:51 - uvicorn.access - INFO - 172.20.0.5:58246 - "GET /openapi.json HTTP/1.0" 200
2025-11-22 00:31:53 - uvicorn.access - INFO - 172.20.0.5:58252 - "GET /docs HTTP/1.0" 200
2025-11-22 00:31:54 - uvicorn.access - INFO - 172.20.0.5:58260 - "GET /openapi.json HTTP/1.0" 200
2025-11-22 00:46:50 - uvicorn.access - INFO - 172.20.0.5:55996 - "GET /adverts HTTP/1.0" 404
2025-11-22 00:47:23 - uvicorn.error - INFO - Shutting down
2025-11-22 00:47:23 - uvicorn.error - INFO - Waiting for application shutdown.
2025-11-22 00:47:23 - uvicorn.error - INFO - Application shutdown complete.
2025-11-22 00:47:23 - uvicorn.error - INFO - Finished server process [1]
2025-11-22 05:02:15 - root - INFO - Logging configuration loaded successfully
2025-11-22 05:02:15 - uvicorn.error - INFO - Started server process [1]
2025-11-22 05:02:15 - uvicorn.error - INFO - Waiting for application startup.
2025-11-22 05:02:15 - uvicorn.error - INFO - Application startup complete.
2025-11-22 05:02:15 - uvicorn.error - INFO - Uvicorn running on http://0.0.0.0:8000 (Press CTRL+C to quit)
2025-11-22 05:03:01 - uvicorn.error - INFO - Shutting down
2025-11-22 05:03:02 - uvicorn.error - INFO - Waiting for application shutdown.
2025-11-22 05:03:02 - uvicorn.error - INFO - Application shutdown complete.
2025-11-22 05:03:02 - uvicorn.error - INFO - Finished server process [1]
2025-11-22 05:04:03 - root - INFO - Logging configuration loaded successfully
2025-11-22 05:04:03 - uvicorn.error - INFO - Started server process [1]
2025-11-22 05:04:03 - uvicorn.error - INFO - Waiting for application startup.
2025-11-22 05:04:03 - uvicorn.error - INFO - Application startup complete.
2025-11-22 05:04:03 - uvicorn.error - INFO - Uvicorn running on http://0.0.0.0:8000 (Press CTRL+C to quit)
2025-11-22 05:06:01 - uvicorn.error - INFO - Shutting down
2025-11-22 05:06:01 - uvicorn.error - INFO - Waiting for application shutdown.
2025-11-22 05:06:01 - uvicorn.error - INFO - Application shutdown complete.
2025-11-22 05:06:01 - uvicorn.error - INFO - Finished server process [1]
2025-11-22 05:06:52 - root - INFO - Logging configuration loaded successfully
2025-11-22 05:06:52 - uvicorn.error - INFO - Started server process [1]
2025-11-22 05:06:52 - uvicorn.error - INFO - Waiting for application startup.
2025-11-22 05:06:52 - uvicorn.error - INFO - Application startup complete.
2025-11-22 05:06:52 - uvicorn.error - INFO - Uvicorn running on http://0.0.0.0:8000 (Press CTRL+C to quit)
2025-11-22 05:07:58 - uvicorn.error - INFO - Shutting down
2025-11-22 05:07:58 - uvicorn.error - INFO - Waiting for application shutdown.
2025-11-22 05:07:58 - uvicorn.error - INFO - Application shutdown complete.
2025-11-22 05:07:58 - uvicorn.error - INFO - Finished server process [1]
2025-11-22 05:09:03 - root - INFO - Logging configuration loaded successfully
2025-11-22 05:09:03 - uvicorn.error - INFO - Started server process [1]
2025-11-22 05:09:03 - uvicorn.error - INFO - Waiting for application startup.
2025-11-22 05:09:03 - uvicorn.error - INFO - Application startup complete.
2025-11-22 05:09:03 - uvicorn.error - INFO - Uvicorn running on http://0.0.0.0:8000 (Press CTRL+C to quit)
2025-11-22 05:09:25 - uvicorn.error - INFO - Shutting down
2025-11-22 05:09:25 - uvicorn.error - INFO - Waiting for application shutdown.
2025-11-22 05:09:25 - uvicorn.error - INFO - Application shutdown complete.
2025-11-22 05:09:25 - uvicorn.error - INFO - Finished server process [1]
2025-11-22 05:11:53 - root - INFO - Logging configuration loaded successfully
2025-11-22 05:11:53 - uvicorn.error - INFO - Started server process [1]
2025-11-22 05:11:53 - uvicorn.error - INFO - Waiting for application startup.
2025-11-22 05:11:53 - uvicorn.error - INFO - Application startup complete.
2025-11-22 05:11:53 - uvicorn.error - INFO - Uvicorn running on http://0.0.0.0:8000 (Press CTRL+C to quit)
2025-11-22 05:13:51 - uvicorn.error - INFO - Shutting down
2025-11-22 05:13:51 - uvicorn.error - INFO - Waiting for application shutdown.
2025-11-22 05:13:52 - uvicorn.error - INFO - Application shutdown complete.
2025-11-22 05:13:52 - uvicorn.error - INFO - Finished server process [1]
2025-11-22 05:15:07 - root - INFO - Logging configuration loaded successfully
2025-11-22 05:15:07 - uvicorn.error - INFO - Started server process [1]
2025-11-22 05:15:07 - uvicorn.error - INFO - Waiting for application startup.
2025-11-22 05:15:07 - uvicorn.error - INFO - Application startup complete.
2025-11-22 05:15:07 - uvicorn.error - INFO - Uvicorn running on http://0.0.0.0:8000 (Press CTRL+C to quit)
2025-11-22 05:15:14 - uvicorn.access - INFO - 172.26.0.5:48514 - "GET /docs HTTP/1.0" 200
2025-11-22 05:15:15 - uvicorn.access - INFO - 172.26.0.5:48516 - "GET /openapi.json HTTP/1.0" 200
2025-11-22 05:17:55 - uvicorn.error - INFO - Shutting down
2025-11-22 05:17:55 - uvicorn.error - INFO - Waiting for application shutdown.
2025-11-22 05:17:55 - uvicorn.error - INFO - Application shutdown complete.
2025-11-22 05:17:55 - uvicorn.error - INFO - Finished server process [1]
2025-11-22 05:18:53 - root - INFO - Logging configuration loaded successfully
2025-11-22 05:18:53 - uvicorn.error - INFO - Started server process [1]
2025-11-22 05:18:53 - uvicorn.error - INFO - Waiting for application startup.
2025-11-22 05:18:53 - uvicorn.error - INFO - Application startup complete.
2025-11-22 05:18:53 - uvicorn.error - INFO - Uvicorn running on http://0.0.0.0:8000 (Press CTRL+C to quit)
2025-11-22 05:19:16 - uvicorn.access - INFO - 172.27.0.5:40658 - "GET /docs HTTP/1.0" 200
2025-11-22 05:19:16 - uvicorn.access - INFO - 172.27.0.5:40674 - "GET /openapi.json HTTP/1.0" 200
2025-11-22 05:19:59 - uvicorn.access - INFO - 172.27.0.5:50326 - "GET /api/v1/aderts HTTP/1.0" 404
2025-11-22 06:54:26 - uvicorn.access - INFO - 172.27.0.5:36356 - "GET /api/v1/adverts HTTP/1.0" 307
2025-11-22 06:55:29 - uvicorn.error - INFO - Shutting down
2025-11-22 06:55:29 - uvicorn.error - INFO - Waiting for application shutdown.
2025-11-22 06:55:29 - uvicorn.error - INFO - Application shutdown complete.
2025-11-22 06:55:29 - uvicorn.error - INFO - Finished server process [1]
2025-11-22 06:57:03 - root - INFO - Logging configuration loaded successfully
2025-11-22 06:57:03 - uvicorn.error - INFO - Started server process [1]
2025-11-22 06:57:03 - uvicorn.error - INFO - Waiting for application startup.
2025-11-22 06:57:03 - uvicorn.error - INFO - Application startup complete.
2025-11-22 06:57:03 - uvicorn.error - INFO - Uvicorn running on http://0.0.0.0:8000 (Press CTRL+C to quit)
2025-11-22 06:57:10 - uvicorn.access - INFO - 172.28.0.5:57014 - "GET /api/v1/aderts HTTP/1.0" 404
2025-11-22 06:57:12 - uvicorn.access - INFO - 172.28.0.5:57030 - "GET /api/v1/aderts HTTP/1.0" 404
2025-11-22 06:57:14 - uvicorn.access - INFO - 172.28.0.5:57036 - "GET /api/v1/aderts HTTP/1.0" 404
2025-11-22 06:57:40 - uvicorn.access - INFO - 172.28.0.5:36380 - "GET /api/v1/adverts HTTP/1.0" 307
2025-11-22 06:57:40 - uvicorn.access - INFO - 172.28.0.5:36388 - "GET /api/v1/api/v1/adverts/ HTTP/1.0" 404
2025-11-22 06:57:58 - uvicorn.access - INFO - 172.28.0.5:57790 - "GET /api/v1/adverts/ HTTP/1.0" 200
2025-11-22 07:06:37 - uvicorn.error - INFO - Shutting down
2025-11-22 07:06:37 - uvicorn.error - INFO - Waiting for application shutdown.
2025-11-22 07:06:37 - uvicorn.error - INFO - Application shutdown complete.
2025-11-22 07:06:37 - uvicorn.error - INFO - Finished server process [1]
2025-11-22 07:29:12 - root - INFO - Logging configuration loaded successfully
2025-11-22 07:29:12 - uvicorn.error - INFO - Started server process [1]
2025-11-22 07:29:12 - uvicorn.error - INFO - Waiting for application startup.
2025-11-22 07:29:12 - uvicorn.error - INFO - Application startup complete.
2025-11-22 07:29:12 - uvicorn.error - INFO - Uvicorn running on http://0.0.0.0:8000 (Press CTRL+C to quit)
2025-11-22 07:29:19 - uvicorn.access - INFO - 172.29.0.5:54432 - "GET /api/v1/adverts/ HTTP/1.0" 200
2025-11-22 07:29:36 - uvicorn.access - INFO - 172.29.0.5:35286 - "GET /docs HTTP/1.0" 200
2025-11-22 07:29:37 - uvicorn.access - INFO - 172.29.0.5:35288 - "GET /openapi.json HTTP/1.0" 200
2025-11-22 07:30:05 - uvicorn.access - INFO - 172.29.0.1:53438 - "GET /docs HTTP/1.1" 200
2025-11-22 07:30:06 - uvicorn.access - INFO - 172.29.0.1:53438 - "GET /openapi.json HTTP/1.1" 200
2025-11-22 07:30:34 - uvicorn.access - INFO - 172.29.0.1:42748 - "GET /v0_1/main HTTP/1.1" 404
2025-11-22 07:30:47 - uvicorn.access - INFO - 172.29.0.1:42760 - "GET /v0_1/main/ HTTP/1.1" 404
2025-11-22 07:31:06 - uvicorn.access - INFO - 172.29.0.1:45108 - "GET /docs HTTP/1.1" 200
2025-11-22 07:31:06 - uvicorn.access - INFO - 172.29.0.1:45108 - "GET /openapi.json HTTP/1.1" 200
2025-11-22 07:35:18 - uvicorn.error - INFO - Shutting down
2025-11-22 07:35:18 - uvicorn.error - INFO - Waiting for application shutdown.
2025-11-22 07:35:18 - uvicorn.error - INFO - Application shutdown complete.
2025-11-22 07:35:18 - uvicorn.error - INFO - Finished server process [1]
2025-11-22 07:36:33 - root - INFO - Logging configuration loaded successfully
2025-11-22 07:36:33 - uvicorn.error - INFO - Started server process [1]
2025-11-22 07:36:33 - uvicorn.error - INFO - Waiting for application startup.
2025-11-22 07:36:33 - uvicorn.error - INFO - Application startup complete.
2025-11-22 07:36:33 - uvicorn.error - INFO - Uvicorn running on http://0.0.0.0:8000 (Press CTRL+C to quit)
2025-11-22 07:36:56 - uvicorn.access - INFO - 172.30.0.1:40986 - "GET /docs HTTP/1.1" 200
2025-11-22 07:36:58 - uvicorn.access - INFO - 172.30.0.1:40986 - "GET /openapi.json HTTP/1.1" 200
2025-11-22 07:37:35 - uvicorn.access - INFO - 172.30.0.1:40990 - "GET /docs HTTP/1.1" 200
2025-11-22 07:37:35 - uvicorn.access - INFO - 172.30.0.1:40990 - "GET /openapi.json HTTP/1.1" 200
2025-11-22 07:37:51 - uvicorn.access - INFO - 172.30.0.1:38382 - "GET /api/v0_1/main HTTP/1.1" 307
2025-11-22 07:37:52 - uvicorn.access - INFO - 172.30.0.1:38382 - "GET /api/v0_1/main/ HTTP/1.1" 200
2025-11-22 07:38:25 - uvicorn.access - INFO - 172.30.0.1:52114 - "GET /docs HTTP/1.1" 200
2025-11-22 07:38:26 - uvicorn.access - INFO - 172.30.0.1:52114 - "GET /openapi.json HTTP/1.1" 200
2025-11-22 07:42:58 - uvicorn.error - INFO - Shutting down
2025-11-22 07:42:58 - uvicorn.error - INFO - Waiting for application shutdown.
2025-11-22 07:42:58 - uvicorn.error - INFO - Application shutdown complete.
2025-11-22 07:42:58 - uvicorn.error - INFO - Finished server process [1]
2025-11-22 07:53:48 - root - INFO - Logging configuration loaded successfully
2025-11-22 07:53:48 - uvicorn.error - INFO - Started server process [1]
2025-11-22 07:53:48 - uvicorn.error - INFO - Waiting for application startup.
2025-11-22 07:53:48 - uvicorn.error - INFO - Application startup complete.
2025-11-22 07:53:48 - uvicorn.error - INFO - Uvicorn running on http://0.0.0.0:8000 (Press CTRL+C to quit)
2025-11-22 07:54:08 - uvicorn.access - INFO - 172.31.0.1:58682 - "GET /docs HTTP/1.1" 404
2025-11-22 07:54:21 - uvicorn.access - INFO - 172.31.0.1:58692 - "GET /api/v1/docs HTTP/1.1" 200
2025-11-22 07:54:22 - uvicorn.access - INFO - 172.31.0.1:58692 - "GET /api/v1/openapi.json HTTP/1.1" 200
2025-11-22 07:54:34 - uvicorn.access - INFO - 172.31.0.1:58202 - "GET /api/v0_1/docs HTTP/1.1" 200
2025-11-22 07:54:34 - uvicorn.access - INFO - 172.31.0.1:58202 - "GET /api/v0_1/openapi.json HTTP/1.1" 200
2025-11-22 07:54:50 - uvicorn.access - INFO - 172.31.0.1:55884 - "GET /api/v0_1/main HTTP/1.1" 404
2025-11-22 07:55:06 - uvicorn.access - INFO - 172.31.0.1:50438 - "GET /api/v0_1/api/v0_1/main/ HTTP/1.1" 200
2025-11-22 07:55:50 - uvicorn.access - INFO - 172.31.0.1:51132 - "GET / HTTP/1.1" 404
2025-11-22 08:00:09 - uvicorn.error - INFO - Shutting down
2025-11-22 08:00:09 - uvicorn.error - INFO - Waiting for application shutdown.
2025-11-22 08:00:09 - uvicorn.error - INFO - Application shutdown complete.
2025-11-22 08:00:09 - uvicorn.error - INFO - Finished server process [1]
2025-11-22 08:01:31 - root - INFO - Logging configuration loaded successfully
2025-11-22 08:01:31 - uvicorn.error - INFO - Started server process [1]
2025-11-22 08:01:31 - uvicorn.error - INFO - Waiting for application startup.
2025-11-22 08:01:31 - uvicorn.error - INFO - Application startup complete.
2025-11-22 08:01:31 - uvicorn.error - INFO - Uvicorn running on http://0.0.0.0:8000 (Press CTRL+C to quit)
2025-11-22 08:03:47 - uvicorn.error - INFO - Shutting down
2025-11-22 08:03:48 - uvicorn.error - INFO - Waiting for application shutdown.
2025-11-22 08:03:48 - uvicorn.error - INFO - Application shutdown complete.
2025-11-22 08:03:48 - uvicorn.error - INFO - Finished server process [1]
2025-11-22 08:05:12 - root - INFO - Logging configuration loaded successfully
2025-11-22 08:05:12 - uvicorn.error - INFO - Started server process [1]
2025-11-22 08:05:12 - uvicorn.error - INFO - Waiting for application startup.
2025-11-22 08:05:12 - uvicorn.error - INFO - Application startup complete.
2025-11-22 08:05:12 - uvicorn.error - INFO - Uvicorn running on http://0.0.0.0:8000 (Press CTRL+C to quit)
2025-11-22 08:05:34 - uvicorn.access - INFO - 192.168.16.1:44160 - "GET / HTTP/1.1" 404
2025-11-22 08:05:39 - uvicorn.access - INFO - 192.168.16.1:44174 - "GET / HTTP/1.1" 404
2025-11-22 08:05:54 - uvicorn.access - INFO - 192.168.16.1:36524 - "GET /api/v0_1/docs HTTP/1.1" 404
2025-11-22 08:05:59 - uvicorn.access - INFO - 192.168.16.1:36524 - "GET /api/v0_1/ HTTP/1.1" 404
2025-11-22 08:06:22 - uvicorn.access - INFO - 192.168.16.1:59188 - "GET /api/v0_1/main/ HTTP/1.1" 200
2025-11-22 08:06:45 - uvicorn.access - INFO - 192.168.16.1:38362 - "GET /docs HTTP/1.1" 200
2025-11-22 08:06:45 - uvicorn.access - INFO - 192.168.16.1:38362 - "GET /openapi.json HTTP/1.1" 200
2025-11-22 08:06:51 - uvicorn.access - INFO - 192.168.16.1:56254 - "GET /api/v1/docs HTTP/1.1" 404
2025-11-22 08:10:16 - uvicorn.error - INFO - Shutting down
2025-11-22 08:10:16 - uvicorn.error - INFO - Waiting for application shutdown.
2025-11-22 08:10:16 - uvicorn.error - INFO - Application shutdown complete.
2025-11-22 08:10:16 - uvicorn.error - INFO - Finished server process [1]
2025-11-22 08:11:11 - root - INFO - Logging configuration loaded successfully
2025-11-22 08:11:11 - uvicorn.error - INFO - Started server process [1]
2025-11-22 08:11:11 - uvicorn.error - INFO - Waiting for application startup.
2025-11-22 08:11:11 - uvicorn.error - INFO - Application startup complete.
2025-11-22 08:11:11 - uvicorn.error - INFO - Uvicorn running on http://0.0.0.0:8000 (Press CTRL+C to quit)
2025-11-22 08:11:22 - uvicorn.access - INFO - 192.168.32.1:36870 - "GET /api/v1/docs HTTP/1.1" 404
2025-11-22 08:11:37 - uvicorn.access - INFO - 192.168.32.1:36882 - "GET /api/v1-docs HTTP/1.1" 404
2025-11-22 08:11:52 - uvicorn.access - INFO - 192.168.32.1:51328 - "GET /v1-docs HTTP/1.1" 200
2025-11-22 08:11:53 - uvicorn.access - INFO - 192.168.32.1:51328 - "GET /v1-openapi.json HTTP/1.1" 200
2025-11-22 08:12:04 - uvicorn.access - INFO - 192.168.32.1:50306 - "GET /v0-docs HTTP/1.1" 200
2025-11-22 08:12:05 - uvicorn.access - INFO - 192.168.32.1:50306 - "GET /v0-openapi.json HTTP/1.1" 200
2025-11-22 08:12:40 - uvicorn.error - INFO - Shutting down
2025-11-22 08:12:40 - uvicorn.error - INFO - Waiting for application shutdown.
2025-11-22 08:12:40 - uvicorn.error - INFO - Application shutdown complete.
2025-11-22 08:12:40 - uvicorn.error - INFO - Finished server process [1]
2025-11-22 08:14:31 - root - INFO - Logging configuration loaded successfully
2025-11-22 08:14:31 - uvicorn.error - INFO - Started server process [1]
2025-11-22 08:14:31 - uvicorn.error - INFO - Waiting for application startup.
2025-11-22 08:14:31 - uvicorn.error - INFO - Application startup complete.
2025-11-22 08:14:31 - uvicorn.error - INFO - Uvicorn running on http://0.0.0.0:8000 (Press CTRL+C to quit)
2025-11-22 08:14:39 - uvicorn.access - INFO - 192.168.48.1:60062 - "GET /v0-docs HTTP/1.1" 404
2025-11-22 08:14:54 - uvicorn.access - INFO - 192.168.48.1:38814 - "GET /api/v1/docs HTTP/1.1" 200
2025-11-22 08:14:55 - uvicorn.access - INFO - 192.168.48.1:38814 - "GET /v1-openapi.json HTTP/1.1" 200
2025-11-22 08:15:07 - uvicorn.access - INFO - 192.168.48.1:42040 - "GET /api/v1/adverts/ HTTP/1.1" 200
2025-11-22 08:15:22 - uvicorn.access - INFO - 192.168.48.1:36084 - "POST /api/v1/users/login HTTP/1.1" 200
2025-11-22 08:15:42 - uvicorn.access - INFO - 192.168.48.1:35978 - "GET /api/v1/adverts/ HTTP/1.1" 200
2025-11-22 08:16:40 - uvicorn.error - INFO - Shutting down
2025-11-22 08:16:40 - uvicorn.error - INFO - Waiting for application shutdown.
2025-11-22 08:16:40 - uvicorn.error - INFO - Application shutdown complete.
2025-11-22 08:16:40 - uvicorn.error - INFO - Finished server process [1]
2025-11-22 08:24:01 - root - INFO - Logging configuration loaded successfully
2025-11-22 08:24:02 - uvicorn.error - INFO - Started server process [1]
2025-11-22 08:24:02 - uvicorn.error - INFO - Waiting for application startup.
2025-11-22 08:24:02 - uvicorn.error - INFO - Application startup complete.
2025-11-22 08:24:02 - uvicorn.error - INFO - Uvicorn running on http://0.0.0.0:8000 (Press CTRL+C to quit)
2025-11-22 08:24:23 - uvicorn.access - INFO - 192.168.64.1:55820 - "GET /api/v0_1/docs HTTP/1.1" 200
2025-11-22 08:24:23 - uvicorn.access - INFO - 192.168.64.1:55820 - "GET /v0-openapi.json HTTP/1.1" 200
2025-11-22 08:25:05 - uvicorn.error - INFO - Shutting down
2025-11-22 08:25:05 - uvicorn.error - INFO - Waiting for application shutdown.
2025-11-22 08:25:05 - uvicorn.error - INFO - Application shutdown complete.
2025-11-22 08:25:05 - uvicorn.error - INFO - Finished server process [1]
2025-11-22 08:26:07 - root - INFO - Logging configuration loaded successfully
2025-11-22 08:26:07 - uvicorn.error - INFO - Started server process [1]
2025-11-22 08:26:07 - uvicorn.error - INFO - Waiting for application startup.
2025-11-22 08:26:07 - uvicorn.error - INFO - Application startup complete.
2025-11-22 08:26:07 - uvicorn.error - INFO - Uvicorn running on http://0.0.0.0:8000 (Press CTRL+C to quit)
2025-11-22 08:26:21 - uvicorn.access - INFO - 192.168.80.1:46528 - "GET /api/v0_1/docs HTTP/1.1" 200
2025-11-22 08:26:22 - uvicorn.access - INFO - 192.168.80.1:46528 - "GET /v0-openapi.json HTTP/1.1" 200
2025-11-22 08:26:42 - uvicorn.access - INFO - 192.168.80.1:46542 - "GET /api/v0_1/main/ HTTP/1.1" 200
2025-11-22 08:26:45 - uvicorn.access - INFO - 192.168.80.1:46542 - "GET /login HTTP/1.1" 404
2025-11-22 08:26:58 - uvicorn.access - INFO - 192.168.80.1:44084 - "GET /category/bd29f255-50ab-4967-bc77-475a5fbe7952 HTTP/1.1" 404
2025-11-22 08:32:42 - uvicorn.error - INFO - Shutting down
2025-11-22 08:32:42 - uvicorn.error - INFO - Waiting for application shutdown.
2025-11-22 08:32:42 - uvicorn.error - INFO - Application shutdown complete.
2025-11-22 08:32:42 - uvicorn.error - INFO - Finished server process [1]
2025-11-22 08:33:43 - root - INFO - Logging configuration loaded successfully
2025-11-22 08:33:43 - uvicorn.error - INFO - Started server process [1]
2025-11-22 08:33:43 - uvicorn.error - INFO - Waiting for application startup.
2025-11-22 08:33:43 - uvicorn.error - INFO - Application startup complete.
2025-11-22 08:33:43 - uvicorn.error - INFO - Uvicorn running on http://0.0.0.0:8000 (Press CTRL+C to quit)
2025-11-22 08:34:01 - uvicorn.access - INFO - 192.168.96.1:51264 - "GET /api/v0_1/main/ HTTP/1.1" 200
2025-11-22 08:34:09 - uvicorn.access - INFO - 192.168.96.1:51266 - "GET /api/v0_1/main/profile HTTP/1.1" 303
2025-11-22 08:34:09 - uvicorn.access - INFO - 192.168.96.1:51266 - "GET /api/v0_1/main/login HTTP/1.1" 404
2025-11-22 08:35:08 - uvicorn.access - INFO - 192.168.96.1:51268 - "GET /api/v1/docs HTTP/1.1" 200
2025-11-22 08:35:09 - uvicorn.access - INFO - 192.168.96.1:51268 - "GET /v1-openapi.json HTTP/1.1" 200
2025-11-22 08:43:18 - uvicorn.error - INFO - Shutting down
2025-11-22 08:43:18 - uvicorn.error - INFO - Waiting for application shutdown.
2025-11-22 08:43:18 - uvicorn.error - INFO - Application shutdown complete.
2025-11-22 08:43:18 - uvicorn.error - INFO - Finished server process [1]
2025-11-22 08:44:19 - root - INFO - Logging configuration loaded successfully
2025-11-22 08:44:19 - uvicorn.error - INFO - Started server process [1]
2025-11-22 08:44:19 - uvicorn.error - INFO - Waiting for application startup.
2025-11-22 08:44:19 - uvicorn.error - INFO - Application startup complete.
2025-11-22 08:44:19 - uvicorn.error - INFO - Uvicorn running on http://0.0.0.0:8000 (Press CTRL+C to quit)
2025-11-22 08:44:24 - uvicorn.access - INFO - 192.168.112.1:45876 - "GET /api/v1/docs HTTP/1.1" 200
2025-11-22 08:44:25 - uvicorn.access - INFO - 192.168.112.1:45876 - "GET /v1-openapi.json HTTP/1.1" 200
2025-11-22 08:45:04 - uvicorn.access - INFO - 192.168.112.1:45892 - "POST /api/v1/users/register HTTP/1.1" 422
2025-11-22 08:47:11 - uvicorn.error - INFO - Shutting down
2025-11-22 08:47:12 - uvicorn.error - INFO - Waiting for application shutdown.
2025-11-22 08:47:12 - uvicorn.error - INFO - Application shutdown complete.
2025-11-22 08:47:12 - uvicorn.error - INFO - Finished server process [1]
2025-11-22 08:48:09 - root - INFO - Logging configuration loaded successfully
2025-11-22 08:48:09 - uvicorn.error - INFO - Started server process [1]
2025-11-22 08:48:09 - uvicorn.error - INFO - Waiting for application startup.
2025-11-22 08:48:09 - uvicorn.error - INFO - Application startup complete.
2025-11-22 08:48:09 - uvicorn.error - INFO - Uvicorn running on http://0.0.0.0:8000 (Press CTRL+C to quit)
2025-11-22 08:48:14 - uvicorn.access - INFO - 192.168.128.1:53066 - "GET /api/v1/docs HTTP/1.1" 200
2025-11-22 08:48:15 - uvicorn.access - INFO - 192.168.128.1:53066 - "GET /v1-openapi.json HTTP/1.1" 200
2025-11-22 08:48:51 - uvicorn.error - ERROR - Exception in ASGI application
  + Exception Group Traceback (most recent call last):
  |   File "/root/.cache/pypoetry/virtualenvs/src-il7asoJj-py3.13/lib/python3.13/site-packages/starlette/_utils.py", line 77, in collapse_excgroups
  |     yield
  |   File "/root/.cache/pypoetry/virtualenvs/src-il7asoJj-py3.13/lib/python3.13/site-packages/starlette/middleware/base.py", line 183, in __call__
  |     async with anyio.create_task_group() as task_group:
  |                ~~~~~~~~~~~~~~~~~~~~~~~^^
  |   File "/root/.cache/pypoetry/virtualenvs/src-il7asoJj-py3.13/lib/python3.13/site-packages/anyio/_backends/_asyncio.py", line 772, in __aexit__
  |     raise BaseExceptionGroup(
  |         "unhandled errors in a TaskGroup", self._exceptions
  |     ) from None
  | ExceptionGroup: unhandled errors in a TaskGroup (1 sub-exception)
  +-+---------------- 1 ----------------
    | Traceback (most recent call last):
    |   File "/root/.cache/pypoetry/virtualenvs/src-il7asoJj-py3.13/lib/python3.13/site-packages/uvicorn/protocols/http/h11_impl.py", line 403, in run_asgi
    |     result = await app(  # type: ignore[func-returns-value]
    |              ^^^^^^^^^^^^^^^^^^^^^^^^^^^^^^^^^^^^^^^^^^^^^^
    |         self.scope, self.receive, self.send
    |         ^^^^^^^^^^^^^^^^^^^^^^^^^^^^^^^^^^^
    |     )
    |     ^
    |   File "/root/.cache/pypoetry/virtualenvs/src-il7asoJj-py3.13/lib/python3.13/site-packages/uvicorn/middleware/proxy_headers.py", line 60, in __call__
    |     return await self.app(scope, receive, send)
    |            ^^^^^^^^^^^^^^^^^^^^^^^^^^^^^^^^^^^^
    |   File "/root/.cache/pypoetry/virtualenvs/src-il7asoJj-py3.13/lib/python3.13/site-packages/fastapi/applications.py", line 1054, in __call__
    |     await super().__call__(scope, receive, send)
    |   File "/root/.cache/pypoetry/virtualenvs/src-il7asoJj-py3.13/lib/python3.13/site-packages/starlette/applications.py", line 113, in __call__
    |     await self.middleware_stack(scope, receive, send)
    |   File "/root/.cache/pypoetry/virtualenvs/src-il7asoJj-py3.13/lib/python3.13/site-packages/starlette/middleware/errors.py", line 176, in __call__
    |     response = await self.handler(request, exc)
    |                ^^^^^^^^^^^^^^^^^^^^^^^^^^^^^^^^
    |   File "/main.py", line 116, in general_database_exception_handler
    |     raise exc
    |   File "/root/.cache/pypoetry/virtualenvs/src-il7asoJj-py3.13/lib/python3.13/site-packages/starlette/middleware/errors.py", line 164, in __call__
    |     await self.app(scope, receive, _send)
    |   File "/root/.cache/pypoetry/virtualenvs/src-il7asoJj-py3.13/lib/python3.13/site-packages/starlette/middleware/base.py", line 182, in __call__
    |     with recv_stream, send_stream, collapse_excgroups():
    |                                    ~~~~~~~~~~~~~~~~~~^^
    |   File "/usr/local/lib/python3.13/contextlib.py", line 162, in __exit__
    |     self.gen.throw(value)
    |     ~~~~~~~~~~~~~~^^^^^^^
    |   File "/root/.cache/pypoetry/virtualenvs/src-il7asoJj-py3.13/lib/python3.13/site-packages/starlette/_utils.py", line 83, in collapse_excgroups
    |     raise exc
    |   File "/root/.cache/pypoetry/virtualenvs/src-il7asoJj-py3.13/lib/python3.13/site-packages/starlette/middleware/base.py", line 184, in __call__
    |     response = await self.dispatch_func(request, call_next)
    |                ^^^^^^^^^^^^^^^^^^^^^^^^^^^^^^^^^^^^^^^^^^^^
    |   File "/main.py", line 134, in add_user_to_request
    |     response = await call_next(request)
    |                ^^^^^^^^^^^^^^^^^^^^^^^^
    |   File "/root/.cache/pypoetry/virtualenvs/src-il7asoJj-py3.13/lib/python3.13/site-packages/starlette/middleware/base.py", line 159, in call_next
    |     raise app_exc
    |   File "/root/.cache/pypoetry/virtualenvs/src-il7asoJj-py3.13/lib/python3.13/site-packages/starlette/middleware/base.py", line 144, in coro
    |     await self.app(scope, receive_or_disconnect, send_no_error)
    |   File "/root/.cache/pypoetry/virtualenvs/src-il7asoJj-py3.13/lib/python3.13/site-packages/starlette/middleware/exceptions.py", line 63, in __call__
    |     await wrap_app_handling_exceptions(self.app, conn)(scope, receive, send)
    |   File "/root/.cache/pypoetry/virtualenvs/src-il7asoJj-py3.13/lib/python3.13/site-packages/starlette/_exception_handler.py", line 53, in wrapped_app
    |     raise exc
    |   File "/root/.cache/pypoetry/virtualenvs/src-il7asoJj-py3.13/lib/python3.13/site-packages/starlette/_exception_handler.py", line 42, in wrapped_app
    |     await app(scope, receive, sender)
    |   File "/root/.cache/pypoetry/virtualenvs/src-il7asoJj-py3.13/lib/python3.13/site-packages/starlette/routing.py", line 716, in __call__
    |     await self.middleware_stack(scope, receive, send)
    |   File "/root/.cache/pypoetry/virtualenvs/src-il7asoJj-py3.13/lib/python3.13/site-packages/starlette/routing.py", line 736, in app
    |     await route.handle(scope, receive, send)
    |   File "/root/.cache/pypoetry/virtualenvs/src-il7asoJj-py3.13/lib/python3.13/site-packages/starlette/routing.py", line 290, in handle
    |     await self.app(scope, receive, send)
    |   File "/root/.cache/pypoetry/virtualenvs/src-il7asoJj-py3.13/lib/python3.13/site-packages/starlette/routing.py", line 78, in app
    |     await wrap_app_handling_exceptions(app, request)(scope, receive, send)
    |   File "/root/.cache/pypoetry/virtualenvs/src-il7asoJj-py3.13/lib/python3.13/site-packages/starlette/_exception_handler.py", line 53, in wrapped_app
    |     raise exc
    |   File "/root/.cache/pypoetry/virtualenvs/src-il7asoJj-py3.13/lib/python3.13/site-packages/starlette/_exception_handler.py", line 42, in wrapped_app
    |     await app(scope, receive, sender)
    |   File "/root/.cache/pypoetry/virtualenvs/src-il7asoJj-py3.13/lib/python3.13/site-packages/starlette/routing.py", line 75, in app
    |     response = await f(request)
    |                ^^^^^^^^^^^^^^^^
    |   File "/root/.cache/pypoetry/virtualenvs/src-il7asoJj-py3.13/lib/python3.13/site-packages/fastapi/routing.py", line 328, in app
    |     content = await serialize_response(
    |               ^^^^^^^^^^^^^^^^^^^^^^^^^
    |     ...<9 lines>...
    |     )
    |     ^
    |   File "/root/.cache/pypoetry/virtualenvs/src-il7asoJj-py3.13/lib/python3.13/site-packages/fastapi/routing.py", line 177, in serialize_response
    |     raise ResponseValidationError(
    |         errors=_normalize_errors(errors), body=response_content
    |     )
    | fastapi.exceptions.ResponseValidationError: 1 validation errors:
    |   {'type': 'model_attributes_type', 'loc': ('response',), 'msg': 'Input should be a valid dictionary or object to extract fields from', 'input': None}
    | 
    +------------------------------------

During handling of the above exception, another exception occurred:

Traceback (most recent call last):
  File "/root/.cache/pypoetry/virtualenvs/src-il7asoJj-py3.13/lib/python3.13/site-packages/uvicorn/protocols/http/h11_impl.py", line 403, in run_asgi
    result = await app(  # type: ignore[func-returns-value]
             ^^^^^^^^^^^^^^^^^^^^^^^^^^^^^^^^^^^^^^^^^^^^^^
        self.scope, self.receive, self.send
        ^^^^^^^^^^^^^^^^^^^^^^^^^^^^^^^^^^^
    )
    ^
  File "/root/.cache/pypoetry/virtualenvs/src-il7asoJj-py3.13/lib/python3.13/site-packages/uvicorn/middleware/proxy_headers.py", line 60, in __call__
    return await self.app(scope, receive, send)
           ^^^^^^^^^^^^^^^^^^^^^^^^^^^^^^^^^^^^
  File "/root/.cache/pypoetry/virtualenvs/src-il7asoJj-py3.13/lib/python3.13/site-packages/fastapi/applications.py", line 1054, in __call__
    await super().__call__(scope, receive, send)
  File "/root/.cache/pypoetry/virtualenvs/src-il7asoJj-py3.13/lib/python3.13/site-packages/starlette/applications.py", line 113, in __call__
    await self.middleware_stack(scope, receive, send)
  File "/root/.cache/pypoetry/virtualenvs/src-il7asoJj-py3.13/lib/python3.13/site-packages/starlette/middleware/errors.py", line 176, in __call__
    response = await self.handler(request, exc)
               ^^^^^^^^^^^^^^^^^^^^^^^^^^^^^^^^
  File "/main.py", line 116, in general_database_exception_handler
    raise exc
  File "/root/.cache/pypoetry/virtualenvs/src-il7asoJj-py3.13/lib/python3.13/site-packages/starlette/middleware/errors.py", line 164, in __call__
    await self.app(scope, receive, _send)
  File "/root/.cache/pypoetry/virtualenvs/src-il7asoJj-py3.13/lib/python3.13/site-packages/starlette/middleware/base.py", line 182, in __call__
    with recv_stream, send_stream, collapse_excgroups():
                                   ~~~~~~~~~~~~~~~~~~^^
  File "/usr/local/lib/python3.13/contextlib.py", line 162, in __exit__
    self.gen.throw(value)
    ~~~~~~~~~~~~~~^^^^^^^
  File "/root/.cache/pypoetry/virtualenvs/src-il7asoJj-py3.13/lib/python3.13/site-packages/starlette/_utils.py", line 83, in collapse_excgroups
    raise exc
  File "/root/.cache/pypoetry/virtualenvs/src-il7asoJj-py3.13/lib/python3.13/site-packages/starlette/middleware/base.py", line 184, in __call__
    response = await self.dispatch_func(request, call_next)
               ^^^^^^^^^^^^^^^^^^^^^^^^^^^^^^^^^^^^^^^^^^^^
  File "/main.py", line 134, in add_user_to_request
    response = await call_next(request)
               ^^^^^^^^^^^^^^^^^^^^^^^^
  File "/root/.cache/pypoetry/virtualenvs/src-il7asoJj-py3.13/lib/python3.13/site-packages/starlette/middleware/base.py", line 159, in call_next
    raise app_exc
  File "/root/.cache/pypoetry/virtualenvs/src-il7asoJj-py3.13/lib/python3.13/site-packages/starlette/middleware/base.py", line 144, in coro
    await self.app(scope, receive_or_disconnect, send_no_error)
  File "/root/.cache/pypoetry/virtualenvs/src-il7asoJj-py3.13/lib/python3.13/site-packages/starlette/middleware/exceptions.py", line 63, in __call__
    await wrap_app_handling_exceptions(self.app, conn)(scope, receive, send)
  File "/root/.cache/pypoetry/virtualenvs/src-il7asoJj-py3.13/lib/python3.13/site-packages/starlette/_exception_handler.py", line 53, in wrapped_app
    raise exc
  File "/root/.cache/pypoetry/virtualenvs/src-il7asoJj-py3.13/lib/python3.13/site-packages/starlette/_exception_handler.py", line 42, in wrapped_app
    await app(scope, receive, sender)
  File "/root/.cache/pypoetry/virtualenvs/src-il7asoJj-py3.13/lib/python3.13/site-packages/starlette/routing.py", line 716, in __call__
    await self.middleware_stack(scope, receive, send)
  File "/root/.cache/pypoetry/virtualenvs/src-il7asoJj-py3.13/lib/python3.13/site-packages/starlette/routing.py", line 736, in app
    await route.handle(scope, receive, send)
  File "/root/.cache/pypoetry/virtualenvs/src-il7asoJj-py3.13/lib/python3.13/site-packages/starlette/routing.py", line 290, in handle
    await self.app(scope, receive, send)
  File "/root/.cache/pypoetry/virtualenvs/src-il7asoJj-py3.13/lib/python3.13/site-packages/starlette/routing.py", line 78, in app
    await wrap_app_handling_exceptions(app, request)(scope, receive, send)
  File "/root/.cache/pypoetry/virtualenvs/src-il7asoJj-py3.13/lib/python3.13/site-packages/starlette/_exception_handler.py", line 53, in wrapped_app
    raise exc
  File "/root/.cache/pypoetry/virtualenvs/src-il7asoJj-py3.13/lib/python3.13/site-packages/starlette/_exception_handler.py", line 42, in wrapped_app
    await app(scope, receive, sender)
  File "/root/.cache/pypoetry/virtualenvs/src-il7asoJj-py3.13/lib/python3.13/site-packages/starlette/routing.py", line 75, in app
    response = await f(request)
               ^^^^^^^^^^^^^^^^
  File "/root/.cache/pypoetry/virtualenvs/src-il7asoJj-py3.13/lib/python3.13/site-packages/fastapi/routing.py", line 328, in app
    content = await serialize_response(
              ^^^^^^^^^^^^^^^^^^^^^^^^^
    ...<9 lines>...
    )
    ^
  File "/root/.cache/pypoetry/virtualenvs/src-il7asoJj-py3.13/lib/python3.13/site-packages/fastapi/routing.py", line 177, in serialize_response
    raise ResponseValidationError(
        errors=_normalize_errors(errors), body=response_content
    )
fastapi.exceptions.ResponseValidationError: 1 validation errors:
  {'type': 'model_attributes_type', 'loc': ('response',), 'msg': 'Input should be a valid dictionary or object to extract fields from', 'input': None}

2025-11-22 08:48:51 - uvicorn.access - INFO - 192.168.128.1:53076 - "POST /api/v1/users/register HTTP/1.1" 500
2025-11-22 08:53:43 - uvicorn.error - INFO - Shutting down
2025-11-22 08:53:43 - uvicorn.error - INFO - Waiting for application shutdown.
2025-11-22 08:53:43 - uvicorn.error - INFO - Application shutdown complete.
2025-11-22 08:53:43 - uvicorn.error - INFO - Finished server process [1]
2025-11-22 08:54:43 - root - INFO - Logging configuration loaded successfully
2025-11-22 08:54:43 - uvicorn.error - INFO - Started server process [1]
2025-11-22 08:54:43 - uvicorn.error - INFO - Waiting for application startup.
2025-11-22 08:54:43 - uvicorn.error - INFO - Application startup complete.
2025-11-22 08:54:43 - uvicorn.error - INFO - Uvicorn running on http://0.0.0.0:8000 (Press CTRL+C to quit)
2025-11-22 08:54:49 - uvicorn.access - INFO - 192.168.144.1:43064 - "POST /api/v1/users/register HTTP/1.1" 400
2025-11-22 08:55:33 - uvicorn.access - INFO - 192.168.144.1:59730 - "POST /api/v1/users/register HTTP/1.1" 400
2025-11-22 08:57:16 - uvicorn.error - INFO - Shutting down
2025-11-22 08:57:16 - uvicorn.error - INFO - Waiting for application shutdown.
2025-11-22 08:57:16 - uvicorn.error - INFO - Application shutdown complete.
2025-11-22 08:57:16 - uvicorn.error - INFO - Finished server process [1]
2025-11-22 08:58:09 - root - INFO - Logging configuration loaded successfully
2025-11-22 08:58:09 - uvicorn.error - INFO - Started server process [1]
2025-11-22 08:58:09 - uvicorn.error - INFO - Waiting for application startup.
2025-11-22 08:58:09 - uvicorn.error - INFO - Application startup complete.
2025-11-22 08:58:09 - uvicorn.error - INFO - Uvicorn running on http://0.0.0.0:8000 (Press CTRL+C to quit)
2025-11-22 08:58:22 - uvicorn.access - INFO - 192.168.160.1:46942 - "POST /api/v1/users/register HTTP/1.1" 201
2025-11-22 08:58:41 - uvicorn.access - INFO - 192.168.160.1:38090 - "GET /api/v1/adverts/created HTTP/1.1" 403
2025-11-22 08:59:29 - uvicorn.access - INFO - 192.168.160.1:33820 - "POST /api/v1/users/login HTTP/1.1" 200
2025-11-22 08:59:56 - uvicorn.access - INFO - 192.168.160.1:39350 - "GET /api/v1/adverts/created HTTP/1.1" 200
2025-11-22 09:05:55 - uvicorn.error - INFO - Shutting down
2025-11-22 09:05:55 - uvicorn.error - INFO - Waiting for application shutdown.
2025-11-22 09:05:55 - uvicorn.error - INFO - Application shutdown complete.
2025-11-22 09:05:55 - uvicorn.error - INFO - Finished server process [1]
2025-11-22 09:06:54 - root - INFO - Logging configuration loaded successfully
2025-11-22 09:06:54 - uvicorn.error - INFO - Started server process [1]
2025-11-22 09:06:54 - uvicorn.error - INFO - Waiting for application startup.
2025-11-22 09:06:54 - uvicorn.error - INFO - Application startup complete.
2025-11-22 09:06:54 - uvicorn.error - INFO - Uvicorn running on http://0.0.0.0:8000 (Press CTRL+C to quit)
2025-11-22 09:07:01 - uvicorn.access - INFO - 192.168.176.1:37158 - "GET /api/v1/docs HTTP/1.1" 200
2025-11-22 09:07:03 - uvicorn.access - INFO - 192.168.176.1:37158 - "GET /v1-openapi.json HTTP/1.1" 200
2025-11-22 09:07:20 - uvicorn.access - INFO - 192.168.176.1:37172 - "POST /api/v1/adverts/ HTTP/1.1" 403
2025-11-22 09:10:39 - uvicorn.access - INFO - 192.168.176.1:47054 - "POST /api/v1/users/logout HTTP/1.1" 200
2025-11-22 09:10:52 - uvicorn.access - INFO - 192.168.176.1:57138 - "GET /api/v1/adverts/liked HTTP/1.1" 403
2025-11-22 09:11:34 - uvicorn.access - INFO - 192.168.176.1:39688 - "GET /api/v1/adverts/created HTTP/1.1" 403
2025-11-22 09:11:57 - uvicorn.access - INFO - 192.168.176.1:36794 - "POST /api/v1/users/login HTTP/1.1" 200
2025-11-22 09:12:45 - uvicorn.access - INFO - 192.168.176.1:57800 - "GET /api/v1/adverts/created HTTP/1.1" 200
2025-11-22 09:14:02 - uvicorn.access - INFO - 192.168.176.1:52156 - "PATCH /api/v1/adverts/382bc714-2cf8-448f-9de6-43f1fe4a4b40 HTTP/1.1" 403
2025-11-22 09:14:13 - uvicorn.access - INFO - 192.168.176.1:55022 - "GET /api/v1/adverts/created HTTP/1.1" 200
2025-11-22 09:15:08 - uvicorn.access - INFO - 192.168.176.1:46644 - "PATCH /api/v1/adverts/382bc714-2cf8-448f-9de6-43f1fe4a4b40 HTTP/1.1" 403
2025-11-22 09:15:25 - uvicorn.access - INFO - 192.168.176.1:57802 - "DELETE /api/v1/adverts/382bc714-2cf8-448f-9de6-43f1fe4a4b40 HTTP/1.1" 403
2025-11-22 09:17:10 - uvicorn.access - INFO - 192.168.176.1:36656 - "GET /api/v1/adverts/created HTTP/1.1" 200
2025-11-22 09:17:43 - uvicorn.access - INFO - 192.168.176.1:60872 - "PATCH /api/v1/adverts/382bc714-2cf8-448f-9de6-43f1fe4a4b40 HTTP/1.1" 403
2025-11-22 09:19:39 - uvicorn.error - INFO - Shutting down
2025-11-22 09:19:39 - uvicorn.error - INFO - Waiting for application shutdown.
2025-11-22 09:19:39 - uvicorn.error - INFO - Application shutdown complete.
2025-11-22 09:19:39 - uvicorn.error - INFO - Finished server process [1]
2025-11-22 09:20:41 - root - INFO - Logging configuration loaded successfully
2025-11-22 09:20:41 - uvicorn.error - INFO - Started server process [1]
2025-11-22 09:20:41 - uvicorn.error - INFO - Waiting for application startup.
2025-11-22 09:20:41 - uvicorn.error - INFO - Application startup complete.
2025-11-22 09:20:41 - uvicorn.error - INFO - Uvicorn running on http://0.0.0.0:8000 (Press CTRL+C to quit)
2025-11-22 09:21:07 - uvicorn.access - INFO - 192.168.192.1:36722 - "GET /api/v1/adverts/created HTTP/1.1" 200
2025-11-22 09:21:18 - uvicorn.access - INFO - 192.168.192.1:38414 - "PATCH /api/v1/adverts/382bc714-2cf8-448f-9de6-43f1fe4a4b40 HTTP/1.1" 500
2025-11-22 09:22:37 - uvicorn.access - INFO - 192.168.192.1:60252 - "DELETE /api/v1/adverts/382bc714-2cf8-448f-9de6-43f1fe4a4b40 HTTP/1.1" 500
2025-11-22 09:24:44 - uvicorn.error - INFO - Shutting down
2025-11-22 09:24:44 - uvicorn.error - INFO - Waiting for application shutdown.
2025-11-22 09:24:44 - uvicorn.error - INFO - Application shutdown complete.
2025-11-22 09:24:44 - uvicorn.error - INFO - Finished server process [1]
2025-11-22 09:26:26 - root - INFO - Logging configuration loaded successfully
2025-11-22 09:26:26 - uvicorn.error - INFO - Started server process [1]
2025-11-22 09:26:26 - uvicorn.error - INFO - Waiting for application startup.
2025-11-22 09:26:26 - uvicorn.error - INFO - Application startup complete.
2025-11-22 09:26:26 - uvicorn.error - INFO - Uvicorn running on http://0.0.0.0:8000 (Press CTRL+C to quit)
2025-11-22 09:26:45 - uvicorn.error - INFO - Shutting down
2025-11-22 09:26:45 - uvicorn.error - INFO - Waiting for application shutdown.
2025-11-22 09:26:45 - uvicorn.error - INFO - Application shutdown complete.
2025-11-22 09:26:45 - uvicorn.error - INFO - Finished server process [1]
2025-11-22 09:27:41 - root - INFO - Logging configuration loaded successfully
2025-11-22 09:27:41 - uvicorn.error - INFO - Started server process [1]
2025-11-22 09:27:41 - uvicorn.error - INFO - Waiting for application startup.
2025-11-22 09:27:41 - uvicorn.error - INFO - Application startup complete.
2025-11-22 09:27:41 - uvicorn.error - INFO - Uvicorn running on http://0.0.0.0:8000 (Press CTRL+C to quit)
2025-11-22 09:27:56 - uvicorn.access - INFO - 192.168.224.1:40508 - "GET /api/v1/adverts/created HTTP/1.1" 200
2025-11-22 09:28:11 - uvicorn.access - INFO - 192.168.224.1:40540 - "DELETE /api/v1/adverts/382bc714-2cf8-448f-9de6-43f1fe4a4b40 HTTP/1.1" 204
2025-11-22 09:28:31 - uvicorn.access - INFO - 192.168.224.1:55676 - "GET /api/v1/adverts/created HTTP/1.1" 200
2025-11-22 09:28:41 - uvicorn.access - INFO - 192.168.224.1:57340 - "GET /api/v1/adverts/created HTTP/1.1" 200
2025-11-22 09:29:08 - uvicorn.access - INFO - 192.168.224.1:57342 - "PATCH /api/v1/adverts/cc01f6c2-eebe-43f0-aa8e-5d2938dee29b HTTP/1.1" 500
2025-11-22 09:29:30 - uvicorn.access - INFO - 192.168.224.1:41946 - "GET /api/v1/docs HTTP/1.1" 200
2025-11-22 09:29:32 - uvicorn.access - INFO - 192.168.224.1:41946 - "GET /v1-openapi.json HTTP/1.1" 200
2025-11-22 09:30:08 - uvicorn.access - INFO - 192.168.224.1:41952 - "POST /api/v1/users/login HTTP/1.1" 200
2025-11-22 09:30:31 - uvicorn.access - INFO - 192.168.224.1:42566 - "GET /api/v1/adverts/created HTTP/1.1" 200
2025-11-22 09:31:08 - uvicorn.access - INFO - 192.168.224.1:46796 - "GET /api/v1/adverts/382bc714-2cf8-448f-9de6-43f1fe4a4b40 HTTP/1.1" 200
2025-11-22 09:31:30 - uvicorn.access - INFO - 192.168.224.1:37298 - "PATCH /api/v1/adverts/382bc714-2cf8-448f-9de6-43f1fe4a4b40 HTTP/1.1" 500
2025-11-22 09:33:33 - uvicorn.error - INFO - Shutting down
2025-11-22 09:33:33 - uvicorn.error - INFO - Waiting for application shutdown.
2025-11-22 09:33:33 - uvicorn.error - INFO - Application shutdown complete.
2025-11-22 09:33:33 - uvicorn.error - INFO - Finished server process [1]
2025-11-22 09:34:36 - root - INFO - Logging configuration loaded successfully
2025-11-22 09:34:36 - uvicorn.error - INFO - Started server process [1]
2025-11-22 09:34:36 - uvicorn.error - INFO - Waiting for application startup.
2025-11-22 09:34:36 - uvicorn.error - INFO - Application startup complete.
2025-11-22 09:34:36 - uvicorn.error - INFO - Uvicorn running on http://0.0.0.0:8000 (Press CTRL+C to quit)
2025-11-22 09:35:05 - uvicorn.access - INFO - 192.168.240.1:57544 - "GET /api/v1/docs HTTP/1.1" 200
2025-11-22 09:35:07 - uvicorn.access - INFO - 192.168.240.1:57544 - "GET /v1-openapi.json HTTP/1.1" 200
2025-11-22 09:36:40 - uvicorn.access - INFO - 192.168.240.1:45706 - "GET /api/v1/adverts/created HTTP/1.1" 403
2025-11-22 09:36:54 - uvicorn.access - INFO - 192.168.240.1:36842 - "POST /api/v1/users/login HTTP/1.1" 200
2025-11-22 09:37:20 - uvicorn.access - INFO - 192.168.240.1:48902 - "GET /api/v1/adverts/created HTTP/1.1" 200
2025-11-22 09:49:31 - uvicorn.access - INFO - 192.168.240.1:41698 - "GET /api/v0_1/docs HTTP/1.1" 200
2025-11-22 09:49:33 - uvicorn.access - INFO - 192.168.240.1:41698 - "GET /v0-openapi.json HTTP/1.1" 200
2025-11-22 09:49:51 - uvicorn.access - INFO - 192.168.240.1:41700 - "GET /api/v0_1/main/ HTTP/1.1" 200
2025-11-22 09:50:15 - uvicorn.access - INFO - 192.168.240.1:42380 - "GET /api/v0_1/main/ HTTP/1.1" 200
2025-11-22 09:54:18 - uvicorn.error - INFO - Shutting down
2025-11-22 09:54:18 - uvicorn.error - INFO - Waiting for application shutdown.
2025-11-22 09:54:18 - uvicorn.error - INFO - Application shutdown complete.
2025-11-22 09:54:18 - uvicorn.error - INFO - Finished server process [1]
2025-11-22 10:27:56 - root - INFO - Logging configuration loaded successfully
2025-11-22 10:27:56 - uvicorn.error - INFO - Started server process [1]
2025-11-22 10:27:56 - uvicorn.error - INFO - Waiting for application startup.
2025-11-22 10:27:56 - uvicorn.error - INFO - Application startup complete.
2025-11-22 10:27:56 - uvicorn.error - INFO - Uvicorn running on http://0.0.0.0:8000 (Press CTRL+C to quit)
2025-11-23 08:49:36 - root - INFO - Logging configuration loaded successfully
2025-11-23 08:49:36 - uvicorn.error - INFO - Started server process [1]
2025-11-23 08:49:36 - uvicorn.error - INFO - Waiting for application startup.
2025-11-23 08:49:36 - uvicorn.error - INFO - Application startup complete.
2025-11-23 08:49:36 - uvicorn.error - INFO - Uvicorn running on http://0.0.0.0:8000 (Press CTRL+C to quit)
2025-11-23 09:36:51 - uvicorn.error - INFO - Shutting down
2025-11-23 09:36:51 - uvicorn.error - INFO - Waiting for application shutdown.
2025-11-23 09:36:52 - uvicorn.error - INFO - Application shutdown complete.
2025-11-23 09:36:52 - uvicorn.error - INFO - Finished server process [1]
2025-11-23 09:39:36 - root - INFO - Logging configuration loaded successfully
2025-11-23 09:39:37 - uvicorn.error - INFO - Started server process [1]
2025-11-23 09:39:37 - uvicorn.error - INFO - Waiting for application startup.
2025-11-23 09:39:37 - uvicorn.error - INFO - Application startup complete.
2025-11-23 09:39:37 - uvicorn.error - INFO - Uvicorn running on http://0.0.0.0:8000 (Press CTRL+C to quit)
2025-11-24 20:32:11 - root - INFO - Logging configuration loaded successfully
2025-11-24 20:32:11 - uvicorn.error - INFO - Started server process [1]
2025-11-24 20:32:11 - uvicorn.error - INFO - Waiting for application startup.
2025-11-24 20:32:11 - uvicorn.error - INFO - Application startup complete.
2025-11-24 20:32:11 - uvicorn.error - INFO - Uvicorn running on http://0.0.0.0:8000 (Press CTRL+C to quit)
2025-11-25 21:16:56 - root - INFO - Logging configuration loaded successfully
2025-11-25 21:16:56 - uvicorn.error - INFO - Started server process [1]
2025-11-25 21:16:56 - uvicorn.error - INFO - Waiting for application startup.
2025-11-25 21:16:56 - uvicorn.error - INFO - Application startup complete.
2025-11-25 21:16:56 - uvicorn.error - INFO - Uvicorn running on http://0.0.0.0:8000 (Press CTRL+C to quit)
2025-11-26 07:42:33 - root - INFO - Logging configuration loaded successfully
2025-11-26 07:42:33 - uvicorn.error - INFO - Started server process [1]
2025-11-26 07:42:33 - uvicorn.error - INFO - Waiting for application startup.
2025-11-26 07:42:33 - uvicorn.error - INFO - Application startup complete.
2025-11-26 07:42:33 - uvicorn.error - INFO - Uvicorn running on http://0.0.0.0:8000 (Press CTRL+C to quit)
2025-11-26 15:21:28 - root - INFO - Logging configuration loaded successfully
2025-11-26 15:21:28 - uvicorn.error - INFO - Started server process [1]
2025-11-26 15:21:28 - uvicorn.error - INFO - Waiting for application startup.
2025-11-26 15:21:28 - uvicorn.error - INFO - Application startup complete.
2025-11-26 15:21:28 - uvicorn.error - INFO - Uvicorn running on http://0.0.0.0:8000 (Press CTRL+C to quit)
2025-11-30 20:53:49 - root - INFO - Logging configuration loaded successfully
2025-11-30 20:53:49 - uvicorn.error - INFO - Started server process [1]
2025-11-30 20:53:49 - uvicorn.error - INFO - Waiting for application startup.
2025-11-30 20:53:49 - uvicorn.error - INFO - Application startup complete.
2025-11-30 20:53:49 - uvicorn.error - INFO - Uvicorn running on http://0.0.0.0:8000 (Press CTRL+C to quit)
2025-12-02 11:51:08 - root - INFO - Logging configuration loaded successfully
2025-12-02 11:51:08 - uvicorn.error - INFO - Started server process [1]
2025-12-02 11:51:08 - uvicorn.error - INFO - Waiting for application startup.
2025-12-02 11:51:08 - uvicorn.error - INFO - Application startup complete.
2025-12-02 11:51:08 - uvicorn.error - INFO - Uvicorn running on http://0.0.0.0:8000 (Press CTRL+C to quit)
2025-12-02 12:53:48 - uvicorn.error - INFO - Shutting down
2025-12-02 12:53:48 - uvicorn.error - INFO - Waiting for application shutdown.
2025-12-02 12:53:48 - uvicorn.error - INFO - Application shutdown complete.
2025-12-02 12:53:48 - uvicorn.error - INFO - Finished server process [1]
2025-12-02 12:54:10 - root - INFO - Logging configuration loaded successfully
2025-12-02 12:54:10 - uvicorn.error - INFO - Started server process [1]
2025-12-02 12:54:10 - uvicorn.error - INFO - Waiting for application startup.
2025-12-02 12:54:11 - uvicorn.error - INFO - Application startup complete.
2025-12-02 12:54:11 - uvicorn.error - INFO - Uvicorn running on http://0.0.0.0:8000 (Press CTRL+C to quit)
2025-12-02 12:58:28 - uvicorn.access - INFO - 172.20.0.1:36640 - "GET /docs HTTP/1.1" 200
2025-12-02 12:58:30 - uvicorn.access - INFO - 172.20.0.1:36640 - "GET /openapi.json HTTP/1.1" 200
2025-12-02 15:44:42 - uvicorn.access - INFO - 172.20.0.1:50540 - "PUT /api/v1/adverts/bd29f255-50ab-4967-bc77-475a5fbe7952 HTTP/1.1" 403
2025-12-02 16:45:13 - uvicorn.access - INFO - 172.20.0.1:37480 - "POST /api/v1/users/login HTTP/1.1" 200
2025-12-02 16:45:31 - uvicorn.access - INFO - 172.20.0.1:48110 - "POST /api/v1/users/login HTTP/1.1" 200
2025-12-02 16:47:01 - uvicorn.access - INFO - 172.20.0.1:54652 - "GET /api/v1/adverts/liked HTTP/1.1" 200
2025-12-02 16:50:44 - uvicorn.access - INFO - 172.20.0.1:46428 - "GET /api/v1/adverts/created HTTP/1.1" 200
2025-12-02 16:51:45 - uvicorn.access - INFO - 172.20.0.1:42440 - "PUT /api/v1/adverts/382bc714-2cf8-448f-9de6-43f1fe4a4b40 HTTP/1.1" 500
2025-12-02 16:53:05 - uvicorn.error - INFO - Shutting down
2025-12-02 16:53:05 - uvicorn.error - INFO - Waiting for application shutdown.
2025-12-02 16:53:05 - uvicorn.error - INFO - Application shutdown complete.
2025-12-02 16:53:05 - uvicorn.error - INFO - Finished server process [1]
2025-12-02 17:41:30 - root - INFO - Logging configuration loaded successfully
2025-12-02 17:41:30 - uvicorn.error - INFO - Started server process [1]
2025-12-02 17:41:30 - uvicorn.error - INFO - Waiting for application startup.
2025-12-02 17:41:30 - uvicorn.error - INFO - Application startup complete.
2025-12-02 17:41:30 - uvicorn.error - INFO - Uvicorn running on http://0.0.0.0:8000 (Press CTRL+C to quit)
2025-12-02 17:42:28 - uvicorn.access - INFO - 172.20.0.1:57624 - "PUT /api/v1/adverts/382bc714-2cf8-448f-9de6-43f1fe4a4b40 HTTP/1.1" 401
2025-12-02 17:43:42 - uvicorn.access - INFO - 172.20.0.1:38644 - "POST /api/v1/users/login HTTP/1.1" 200
2025-12-02 17:44:14 - uvicorn.access - INFO - 172.20.0.1:42350 - "GET /api/v1/adverts/created HTTP/1.1" 200
2025-12-02 17:44:25 - uvicorn.access - INFO - 172.20.0.1:46984 - "PUT /api/v1/adverts/382bc714-2cf8-448f-9de6-43f1fe4a4b40 HTTP/1.1" 500
2025-12-02 17:48:16 - uvicorn.error - INFO - Shutting down
2025-12-02 17:48:16 - uvicorn.error - INFO - Waiting for application shutdown.
2025-12-02 17:48:16 - uvicorn.error - INFO - Application shutdown complete.
2025-12-02 17:48:16 - uvicorn.error - INFO - Finished server process [1]
2025-12-02 17:49:48 - root - INFO - Logging configuration loaded successfully
2025-12-02 17:49:49 - uvicorn.error - INFO - Started server process [1]
2025-12-02 17:49:49 - uvicorn.error - INFO - Waiting for application startup.
2025-12-02 17:49:49 - uvicorn.error - INFO - Application startup complete.
2025-12-02 17:49:49 - uvicorn.error - INFO - Uvicorn running on http://0.0.0.0:8000 (Press CTRL+C to quit)
2025-12-02 17:53:19 - uvicorn.error - INFO - Shutting down
2025-12-02 17:53:19 - uvicorn.error - INFO - Waiting for application shutdown.
2025-12-02 17:53:19 - uvicorn.error - INFO - Application shutdown complete.
2025-12-02 17:53:19 - uvicorn.error - INFO - Finished server process [1]
2025-12-02 17:55:18 - root - INFO - Logging configuration loaded successfully
2025-12-02 17:55:18 - uvicorn.error - INFO - Started server process [1]
2025-12-02 17:55:18 - uvicorn.error - INFO - Waiting for application startup.
2025-12-02 17:55:18 - uvicorn.error - INFO - Application startup complete.
2025-12-02 17:55:18 - uvicorn.error - INFO - Uvicorn running on http://0.0.0.0:8000 (Press CTRL+C to quit)
2025-12-02 17:57:20 - uvicorn.access - INFO - 172.22.0.1:59822 - "POST /api/v1/users/login HTTP/1.1" 200
2025-12-02 17:58:07 - uvicorn.access - INFO - 172.22.0.1:40602 - "PUT /api/v1/adverts/382bc714-2cf8-448f-9de6-43f1fe4a4b40 HTTP/1.1" 500
2025-12-02 17:59:40 - uvicorn.error - INFO - Shutting down
2025-12-02 17:59:40 - uvicorn.error - INFO - Waiting for application shutdown.
2025-12-02 17:59:40 - uvicorn.error - INFO - Application shutdown complete.
2025-12-02 17:59:40 - uvicorn.error - INFO - Finished server process [1]
2025-12-02 18:03:17 - root - INFO - Logging configuration loaded successfully
2025-12-02 18:03:17 - uvicorn.error - INFO - Started server process [1]
2025-12-02 18:03:17 - uvicorn.error - INFO - Waiting for application startup.
2025-12-02 18:03:17 - uvicorn.error - INFO - Application startup complete.
2025-12-02 18:03:17 - uvicorn.error - INFO - Uvicorn running on http://0.0.0.0:8000 (Press CTRL+C to quit)
2025-12-02 18:04:02 - uvicorn.access - INFO - 172.23.0.1:38958 - "POST /api/v1/users/login HTTP/1.1" 200
2025-12-02 18:06:32 - uvicorn.access - INFO - 172.23.0.1:38526 - "PUT /api/v1/adverts/382bc714-2cf8-448f-9de6-43f1fe4a4b40 HTTP/1.1" 200
2025-12-02 18:06:43 - uvicorn.access - INFO - 172.23.0.1:59592 - "GET /api/v1/adverts/created HTTP/1.1" 200
2025-12-04 12:12:59 - root - INFO - Logging configuration loaded successfully
2025-12-04 12:13:00 - uvicorn.error - INFO - Started server process [1]
2025-12-04 12:13:00 - uvicorn.error - INFO - Waiting for application startup.
2025-12-04 12:13:00 - uvicorn.error - INFO - Application startup complete.
2025-12-04 12:13:00 - uvicorn.error - INFO - Uvicorn running on http://0.0.0.0:8000 (Press CTRL+C to quit)
2025-12-04 12:18:34 - uvicorn.error - INFO - Shutting down
2025-12-04 12:18:34 - uvicorn.error - INFO - Waiting for application shutdown.
2025-12-04 12:18:34 - uvicorn.error - INFO - Application shutdown complete.
2025-12-04 12:18:34 - uvicorn.error - INFO - Finished server process [1]
2025-12-04 12:23:08 - root - INFO - Logging configuration loaded successfully
2025-12-04 12:23:08 - uvicorn.error - INFO - Started server process [1]
2025-12-04 12:23:08 - uvicorn.error - INFO - Waiting for application startup.
2025-12-04 12:23:08 - uvicorn.error - INFO - Application startup complete.
2025-12-04 12:23:08 - uvicorn.error - INFO - Uvicorn running on http://0.0.0.0:8000 (Press CTRL+C to quit)
2025-12-04 12:24:54 - uvicorn.error - INFO - Shutting down
2025-12-04 12:24:54 - uvicorn.error - INFO - Waiting for application shutdown.
2025-12-04 12:24:54 - uvicorn.error - INFO - Application shutdown complete.
2025-12-04 12:24:54 - uvicorn.error - INFO - Finished server process [1]
2025-12-04 12:26:04 - root - INFO - Logging configuration loaded successfully
2025-12-04 12:26:04 - uvicorn.error - INFO - Started server process [1]
2025-12-04 12:26:04 - uvicorn.error - INFO - Waiting for application startup.
2025-12-04 12:26:04 - uvicorn.error - INFO - Application startup complete.
2025-12-04 12:26:04 - uvicorn.error - INFO - Uvicorn running on http://0.0.0.0:8000 (Press CTRL+C to quit)
2025-12-04 12:27:54 - uvicorn.access - INFO - 172.21.0.1:47248 - "GET /docs HTTP/1.1" 200
2025-12-04 12:27:56 - uvicorn.access - INFO - 172.21.0.1:47248 - "GET /openapi.json HTTP/1.1" 200
2025-12-04 12:28:05 - uvicorn.access - INFO - 172.21.0.1:47252 - "GET /openapi.json HTTP/1.1" 200
2025-12-04 12:28:06 - uvicorn.access - INFO - 172.21.0.1:47252 - "GET /favicon.ico HTTP/1.1" 404
2025-12-04 12:34:29 - uvicorn.access - INFO - 172.21.0.1:41676 - "GET /openapi.json HTTP/1.1" 200
2025-12-05 14:50:18 - uvicorn.access - INFO - 172.21.0.1:57310 - "GET /api/v1/adverts/ HTTP/1.1" 200
2025-12-05 14:50:18 - uvicorn.access - INFO - 172.21.0.1:57296 - "GET /api/v1/adverts/ HTTP/1.1" 200
2025-12-05 14:50:43 - uvicorn.access - INFO - 172.21.0.1:41280 - "GET /api/v1/adverts/ HTTP/1.1" 200
2025-12-05 14:51:33 - uvicorn.access - INFO - 172.21.0.1:60406 - "GET / HTTP/1.1" 404
2025-12-05 14:51:34 - uvicorn.access - INFO - 172.21.0.1:60416 - "GET /favicon.ico HTTP/1.1" 404
2025-12-05 14:51:49 - uvicorn.access - INFO - 172.21.0.1:45192 - "GET /docs HTTP/1.1" 200
2025-12-05 14:51:52 - uvicorn.access - INFO - 172.21.0.1:45192 - "GET /openapi.json HTTP/1.1" 200
2025-12-05 14:52:21 - uvicorn.access - INFO - 172.21.0.1:40766 - "GET /api/v1/adverts/ HTTP/1.1" 200
2025-12-05 14:52:21 - uvicorn.access - INFO - 172.21.0.1:40782 - "GET /api/v1/adverts/ HTTP/1.1" 200
2025-12-05 14:55:37 - uvicorn.error - INFO - Shutting down
2025-12-05 14:55:38 - uvicorn.error - INFO - Waiting for application shutdown.
2025-12-05 14:55:38 - uvicorn.error - INFO - Application shutdown complete.
2025-12-05 14:55:38 - uvicorn.error - INFO - Finished server process [1]
2025-12-05 14:58:10 - root - INFO - Logging configuration loaded successfully
2025-12-05 14:58:37 - root - INFO - Logging configuration loaded successfully
2025-12-05 14:58:51 - root - INFO - Logging configuration loaded successfully
2025-12-05 14:59:10 - root - INFO - Logging configuration loaded successfully
2025-12-05 15:00:53 - root - INFO - Logging configuration loaded successfully
2025-12-05 15:00:53 - uvicorn.error - INFO - Started server process [1]
2025-12-05 15:00:53 - uvicorn.error - INFO - Waiting for application startup.
2025-12-05 15:00:53 - uvicorn.error - INFO - Application startup complete.
2025-12-05 15:00:53 - uvicorn.error - INFO - Uvicorn running on http://0.0.0.0:8000 (Press CTRL+C to quit)
2025-12-05 15:01:22 - uvicorn.access - INFO - 172.23.0.1:44158 - "GET /api/v1/adverts/ HTTP/1.1" 200
2025-12-11 13:53:16 - root - INFO - Logging configuration loaded successfully
2025-12-11 13:53:16 - uvicorn.error - INFO - Started server process [1]
2025-12-11 13:53:16 - uvicorn.error - INFO - Waiting for application startup.
2025-12-11 13:53:16 - uvicorn.error - INFO - Application startup complete.
2025-12-11 13:53:16 - uvicorn.error - INFO - Uvicorn running on http://0.0.0.0:8000 (Press CTRL+C to quit)
2025-12-11 18:25:28 - root - INFO - Logging configuration loaded successfully
2025-12-11 18:25:28 - uvicorn.error - INFO - Started server process [1]
2025-12-11 18:25:28 - uvicorn.error - INFO - Waiting for application startup.
2025-12-11 18:25:28 - uvicorn.error - INFO - Application startup complete.
2025-12-11 18:25:28 - uvicorn.error - INFO - Uvicorn running on http://0.0.0.0:8000 (Press CTRL+C to quit)
2025-12-11 19:03:07 - uvicorn.access - INFO - 172.23.0.1:50150 - "GET /api/v1/adverts/ HTTP/1.1" 200
2025-12-11 19:03:08 - uvicorn.access - INFO - 172.23.0.1:50164 - "GET /api/v1/adverts/ HTTP/1.1" 200
2025-12-11 19:03:10 - uvicorn.access - INFO - 172.23.0.1:50164 - "GET /api/v1/adverts/ HTTP/1.1" 200
2025-12-12 17:02:37 - uvicorn.error - INFO - Shutting down
2025-12-12 17:02:38 - uvicorn.error - INFO - Waiting for application shutdown.
2025-12-12 17:02:38 - uvicorn.error - INFO - Application shutdown complete.
2025-12-12 17:02:38 - uvicorn.error - INFO - Finished server process [1]
2025-12-12 17:02:58 - root - INFO - Logging configuration loaded successfully
2025-12-12 17:02:58 - uvicorn.error - INFO - Started server process [1]
2025-12-12 17:02:58 - uvicorn.error - INFO - Waiting for application startup.
2025-12-12 17:02:58 - uvicorn.error - INFO - Application startup complete.
2025-12-12 17:02:58 - uvicorn.error - INFO - Uvicorn running on http://0.0.0.0:8000 (Press CTRL+C to quit)
2025-12-12 17:10:08 - uvicorn.access - INFO - 172.23.0.1:46848 - "GET /docs HTTP/1.1" 200
2025-12-12 17:10:11 - uvicorn.access - INFO - 172.23.0.1:46848 - "GET /openapi.json HTTP/1.1" 200
2025-12-12 17:13:43 - uvicorn.error - INFO - Shutting down
2025-12-12 17:13:43 - uvicorn.error - INFO - Waiting for application shutdown.
2025-12-12 17:13:43 - uvicorn.error - INFO - Application shutdown complete.
2025-12-12 17:13:43 - uvicorn.error - INFO - Finished server process [1]
2025-12-12 17:15:16 - root - INFO - Logging configuration loaded successfully
2025-12-12 17:15:16 - uvicorn.error - INFO - Started server process [1]
2025-12-12 17:15:16 - uvicorn.error - INFO - Waiting for application startup.
2025-12-12 17:15:16 - uvicorn.error - INFO - Application startup complete.
2025-12-12 17:15:16 - uvicorn.error - INFO - Uvicorn running on http://0.0.0.0:8000 (Press CTRL+C to quit)
2025-12-12 17:18:23 - uvicorn.access - INFO - 172.20.0.1:42642 - "GET /api/v1/adverts/ HTTP/1.1" 200
2025-12-12 17:18:39 - uvicorn.access - INFO - 172.20.0.1:54564 - "GET /api/v1/adverts/ HTTP/1.1" 200
2025-12-12 17:18:40 - uvicorn.access - INFO - 172.20.0.1:54564 - "GET /api/v1/adverts/ HTTP/1.1" 200
2025-12-12 19:37:11 - uvicorn.access - INFO - 172.20.0.1:34350 - "GET /api/v1/adverts/ HTTP/1.1" 200
2025-12-12 19:37:12 - uvicorn.access - INFO - 172.20.0.1:50690 - "GET /api/v1/adverts/ HTTP/1.1" 200
2025-12-12 19:37:22 - uvicorn.access - INFO - 172.20.0.1:49552 - "GET /api/v1/adverts/ HTTP/1.1" 200
2025-12-12 19:37:22 - uvicorn.access - INFO - 172.20.0.1:49558 - "GET /api/v1/adverts/ HTTP/1.1" 200
2025-12-12 19:37:42 - uvicorn.access - INFO - 172.20.0.1:47878 - "GET /api/v1/adverts/ HTTP/1.1" 200
2025-12-12 19:37:42 - uvicorn.access - INFO - 172.20.0.1:47878 - "GET /api/v1/adverts/ HTTP/1.1" 200
2025-12-12 19:37:50 - uvicorn.access - INFO - 172.20.0.1:60482 - "GET /api/v1/adverts/ HTTP/1.1" 200
2025-12-12 19:37:50 - uvicorn.access - INFO - 172.20.0.1:60482 - "GET /api/v1/adverts/ HTTP/1.1" 200
2025-12-12 19:43:24 - uvicorn.access - INFO - 172.20.0.1:49802 - "POST /api/v1/users/login HTTP/1.1" 200
2025-12-12 19:45:05 - uvicorn.access - INFO - 172.20.0.1:34868 - "GET /api/v1/adverts/ HTTP/1.1" 200
2025-12-12 19:45:07 - uvicorn.access - INFO - 172.20.0.1:34868 - "GET /api/v1/adverts/ HTTP/1.1" 200
2025-12-12 19:52:06 - uvicorn.error - INFO - Shutting down
2025-12-12 19:52:06 - uvicorn.error - INFO - Waiting for application shutdown.
2025-12-12 19:52:06 - uvicorn.error - INFO - Application shutdown complete.
2025-12-12 19:52:06 - uvicorn.error - INFO - Finished server process [1]
2025-12-12 19:53:47 - root - INFO - Logging configuration loaded successfully
2025-12-12 19:53:47 - uvicorn.error - INFO - Started server process [1]
2025-12-12 19:53:47 - uvicorn.error - INFO - Waiting for application startup.
2025-12-12 19:53:47 - uvicorn.error - INFO - Application startup complete.
2025-12-12 19:53:47 - uvicorn.error - INFO - Uvicorn running on http://0.0.0.0:8000 (Press CTRL+C to quit)
2025-12-12 20:02:11 - uvicorn.access - INFO - 172.21.0.1:56470 - "GET /api/v1/adverts/ HTTP/1.1" 200
2025-12-12 20:02:12 - uvicorn.access - INFO - 172.21.0.1:56474 - "GET /api/v1/adverts/ HTTP/1.1" 200
2025-12-12 20:06:24 - uvicorn.access - INFO - 172.21.0.1:56484 - "GET /api/v1/adverts/ HTTP/1.1" 200
2025-12-12 20:06:32 - uvicorn.access - INFO - 172.21.0.1:59024 - "GET /api/v1/adverts/ HTTP/1.1" 200
2025-12-12 20:06:33 - uvicorn.access - INFO - 172.21.0.1:59024 - "GET /api/v1/adverts/ HTTP/1.1" 200
2025-12-12 20:06:37 - uvicorn.access - INFO - 172.21.0.1:59024 - "GET /api/v1/adverts/ HTTP/1.1" 200
2025-12-12 20:06:42 - uvicorn.access - INFO - 172.21.0.1:59028 - "GET /api/v1/adverts/ HTTP/1.1" 200
2025-12-12 20:07:25 - uvicorn.access - INFO - 172.21.0.1:60472 - "OPTIONS /api/v1/users/me HTTP/1.1" 200
2025-12-12 20:07:25 - uvicorn.error - ERROR - Exception in ASGI application
  + Exception Group Traceback (most recent call last):
  |   File "/root/.cache/pypoetry/virtualenvs/src-il7asoJj-py3.13/lib/python3.13/site-packages/starlette/_utils.py", line 77, in collapse_excgroups
  |     yield
  |   File "/root/.cache/pypoetry/virtualenvs/src-il7asoJj-py3.13/lib/python3.13/site-packages/starlette/middleware/base.py", line 183, in __call__
  |     async with anyio.create_task_group() as task_group:
  |                ~~~~~~~~~~~~~~~~~~~~~~~^^
  |   File "/root/.cache/pypoetry/virtualenvs/src-il7asoJj-py3.13/lib/python3.13/site-packages/anyio/_backends/_asyncio.py", line 772, in __aexit__
  |     raise BaseExceptionGroup(
  |         "unhandled errors in a TaskGroup", self._exceptions
  |     ) from None
  | ExceptionGroup: unhandled errors in a TaskGroup (1 sub-exception)
  +-+---------------- 1 ----------------
    | Traceback (most recent call last):
    |   File "/root/.cache/pypoetry/virtualenvs/src-il7asoJj-py3.13/lib/python3.13/site-packages/uvicorn/protocols/http/h11_impl.py", line 403, in run_asgi
    |     result = await app(  # type: ignore[func-returns-value]
    |              ^^^^^^^^^^^^^^^^^^^^^^^^^^^^^^^^^^^^^^^^^^^^^^
    |         self.scope, self.receive, self.send
    |         ^^^^^^^^^^^^^^^^^^^^^^^^^^^^^^^^^^^
    |     )
    |     ^
    |   File "/root/.cache/pypoetry/virtualenvs/src-il7asoJj-py3.13/lib/python3.13/site-packages/uvicorn/middleware/proxy_headers.py", line 60, in __call__
    |     return await self.app(scope, receive, send)
    |            ^^^^^^^^^^^^^^^^^^^^^^^^^^^^^^^^^^^^
    |   File "/root/.cache/pypoetry/virtualenvs/src-il7asoJj-py3.13/lib/python3.13/site-packages/fastapi/applications.py", line 1054, in __call__
    |     await super().__call__(scope, receive, send)
    |   File "/root/.cache/pypoetry/virtualenvs/src-il7asoJj-py3.13/lib/python3.13/site-packages/starlette/applications.py", line 113, in __call__
    |     await self.middleware_stack(scope, receive, send)
    |   File "/root/.cache/pypoetry/virtualenvs/src-il7asoJj-py3.13/lib/python3.13/site-packages/starlette/middleware/errors.py", line 176, in __call__
    |     response = await self.handler(request, exc)
    |                ^^^^^^^^^^^^^^^^^^^^^^^^^^^^^^^^
    |   File "/main.py", line 144, in general_database_exception_handler
    |     raise exc
    |   File "/root/.cache/pypoetry/virtualenvs/src-il7asoJj-py3.13/lib/python3.13/site-packages/starlette/middleware/errors.py", line 164, in __call__
    |     await self.app(scope, receive, _send)
    |   File "/root/.cache/pypoetry/virtualenvs/src-il7asoJj-py3.13/lib/python3.13/site-packages/starlette/middleware/base.py", line 182, in __call__
    |     with recv_stream, send_stream, collapse_excgroups():
    |                                    ~~~~~~~~~~~~~~~~~~^^
    |   File "/usr/local/lib/python3.13/contextlib.py", line 162, in __exit__
    |     self.gen.throw(value)
    |     ~~~~~~~~~~~~~~^^^^^^^
    |   File "/root/.cache/pypoetry/virtualenvs/src-il7asoJj-py3.13/lib/python3.13/site-packages/starlette/_utils.py", line 83, in collapse_excgroups
    |     raise exc
    |   File "/root/.cache/pypoetry/virtualenvs/src-il7asoJj-py3.13/lib/python3.13/site-packages/starlette/middleware/base.py", line 184, in __call__
    |     response = await self.dispatch_func(request, call_next)
    |                ^^^^^^^^^^^^^^^^^^^^^^^^^^^^^^^^^^^^^^^^^^^^
    |   File "/main.py", line 162, in add_user_to_request
    |     response = await call_next(request)
    |                ^^^^^^^^^^^^^^^^^^^^^^^^
    |   File "/root/.cache/pypoetry/virtualenvs/src-il7asoJj-py3.13/lib/python3.13/site-packages/starlette/middleware/base.py", line 159, in call_next
    |     raise app_exc
    |   File "/root/.cache/pypoetry/virtualenvs/src-il7asoJj-py3.13/lib/python3.13/site-packages/starlette/middleware/base.py", line 144, in coro
    |     await self.app(scope, receive_or_disconnect, send_no_error)
    |   File "/root/.cache/pypoetry/virtualenvs/src-il7asoJj-py3.13/lib/python3.13/site-packages/starlette/middleware/cors.py", line 93, in __call__
    |     await self.simple_response(scope, receive, send, request_headers=headers)
    |   File "/root/.cache/pypoetry/virtualenvs/src-il7asoJj-py3.13/lib/python3.13/site-packages/starlette/middleware/cors.py", line 144, in simple_response
    |     await self.app(scope, receive, send)
    |   File "/root/.cache/pypoetry/virtualenvs/src-il7asoJj-py3.13/lib/python3.13/site-packages/starlette/middleware/base.py", line 182, in __call__
    |     with recv_stream, send_stream, collapse_excgroups():
    |                                    ~~~~~~~~~~~~~~~~~~^^
    |   File "/usr/local/lib/python3.13/contextlib.py", line 162, in __exit__
    |     self.gen.throw(value)
    |     ~~~~~~~~~~~~~~^^^^^^^
    |   File "/root/.cache/pypoetry/virtualenvs/src-il7asoJj-py3.13/lib/python3.13/site-packages/starlette/_utils.py", line 83, in collapse_excgroups
    |     raise exc
    |   File "/root/.cache/pypoetry/virtualenvs/src-il7asoJj-py3.13/lib/python3.13/site-packages/starlette/middleware/base.py", line 184, in __call__
    |     response = await self.dispatch_func(request, call_next)
    |                ^^^^^^^^^^^^^^^^^^^^^^^^^^^^^^^^^^^^^^^^^^^^
    |   File "/main.py", line 92, in add_cors_header
    |     response = JSONResponse(content={"message": "OK"})
    |                ^^^^^^^^^^^^
    | NameError: name 'JSONResponse' is not defined. Did you mean: 'HTMLResponse'?
    +------------------------------------

During handling of the above exception, another exception occurred:

Traceback (most recent call last):
  File "/root/.cache/pypoetry/virtualenvs/src-il7asoJj-py3.13/lib/python3.13/site-packages/uvicorn/protocols/http/h11_impl.py", line 403, in run_asgi
    result = await app(  # type: ignore[func-returns-value]
             ^^^^^^^^^^^^^^^^^^^^^^^^^^^^^^^^^^^^^^^^^^^^^^
        self.scope, self.receive, self.send
        ^^^^^^^^^^^^^^^^^^^^^^^^^^^^^^^^^^^
    )
    ^
  File "/root/.cache/pypoetry/virtualenvs/src-il7asoJj-py3.13/lib/python3.13/site-packages/uvicorn/middleware/proxy_headers.py", line 60, in __call__
    return await self.app(scope, receive, send)
           ^^^^^^^^^^^^^^^^^^^^^^^^^^^^^^^^^^^^
  File "/root/.cache/pypoetry/virtualenvs/src-il7asoJj-py3.13/lib/python3.13/site-packages/fastapi/applications.py", line 1054, in __call__
    await super().__call__(scope, receive, send)
  File "/root/.cache/pypoetry/virtualenvs/src-il7asoJj-py3.13/lib/python3.13/site-packages/starlette/applications.py", line 113, in __call__
    await self.middleware_stack(scope, receive, send)
  File "/root/.cache/pypoetry/virtualenvs/src-il7asoJj-py3.13/lib/python3.13/site-packages/starlette/middleware/errors.py", line 176, in __call__
    response = await self.handler(request, exc)
               ^^^^^^^^^^^^^^^^^^^^^^^^^^^^^^^^
  File "/main.py", line 144, in general_database_exception_handler
    raise exc
  File "/root/.cache/pypoetry/virtualenvs/src-il7asoJj-py3.13/lib/python3.13/site-packages/starlette/middleware/errors.py", line 164, in __call__
    await self.app(scope, receive, _send)
  File "/root/.cache/pypoetry/virtualenvs/src-il7asoJj-py3.13/lib/python3.13/site-packages/starlette/middleware/base.py", line 182, in __call__
    with recv_stream, send_stream, collapse_excgroups():
                                   ~~~~~~~~~~~~~~~~~~^^
  File "/usr/local/lib/python3.13/contextlib.py", line 162, in __exit__
    self.gen.throw(value)
    ~~~~~~~~~~~~~~^^^^^^^
  File "/root/.cache/pypoetry/virtualenvs/src-il7asoJj-py3.13/lib/python3.13/site-packages/starlette/_utils.py", line 83, in collapse_excgroups
    raise exc
  File "/root/.cache/pypoetry/virtualenvs/src-il7asoJj-py3.13/lib/python3.13/site-packages/starlette/middleware/base.py", line 184, in __call__
    response = await self.dispatch_func(request, call_next)
               ^^^^^^^^^^^^^^^^^^^^^^^^^^^^^^^^^^^^^^^^^^^^
  File "/main.py", line 162, in add_user_to_request
    response = await call_next(request)
               ^^^^^^^^^^^^^^^^^^^^^^^^
  File "/root/.cache/pypoetry/virtualenvs/src-il7asoJj-py3.13/lib/python3.13/site-packages/starlette/middleware/base.py", line 159, in call_next
    raise app_exc
  File "/root/.cache/pypoetry/virtualenvs/src-il7asoJj-py3.13/lib/python3.13/site-packages/starlette/middleware/base.py", line 144, in coro
    await self.app(scope, receive_or_disconnect, send_no_error)
  File "/root/.cache/pypoetry/virtualenvs/src-il7asoJj-py3.13/lib/python3.13/site-packages/starlette/middleware/cors.py", line 93, in __call__
    await self.simple_response(scope, receive, send, request_headers=headers)
  File "/root/.cache/pypoetry/virtualenvs/src-il7asoJj-py3.13/lib/python3.13/site-packages/starlette/middleware/cors.py", line 144, in simple_response
    await self.app(scope, receive, send)
  File "/root/.cache/pypoetry/virtualenvs/src-il7asoJj-py3.13/lib/python3.13/site-packages/starlette/middleware/base.py", line 182, in __call__
    with recv_stream, send_stream, collapse_excgroups():
                                   ~~~~~~~~~~~~~~~~~~^^
  File "/usr/local/lib/python3.13/contextlib.py", line 162, in __exit__
    self.gen.throw(value)
    ~~~~~~~~~~~~~~^^^^^^^
  File "/root/.cache/pypoetry/virtualenvs/src-il7asoJj-py3.13/lib/python3.13/site-packages/starlette/_utils.py", line 83, in collapse_excgroups
    raise exc
  File "/root/.cache/pypoetry/virtualenvs/src-il7asoJj-py3.13/lib/python3.13/site-packages/starlette/middleware/base.py", line 184, in __call__
    response = await self.dispatch_func(request, call_next)
               ^^^^^^^^^^^^^^^^^^^^^^^^^^^^^^^^^^^^^^^^^^^^
  File "/main.py", line 92, in add_cors_header
    response = JSONResponse(content={"message": "OK"})
               ^^^^^^^^^^^^
NameError: name 'JSONResponse' is not defined. Did you mean: 'HTMLResponse'?
2025-12-12 20:07:26 - uvicorn.access - INFO - 172.21.0.1:60478 - "OPTIONS /api/v1/users/me HTTP/1.1" 500
2025-12-12 20:15:28 - uvicorn.error - INFO - Shutting down
2025-12-12 20:15:28 - uvicorn.error - INFO - Waiting for application shutdown.
2025-12-12 20:15:28 - uvicorn.error - INFO - Application shutdown complete.
2025-12-12 20:15:28 - uvicorn.error - INFO - Finished server process [1]
2025-12-12 20:17:39 - root - INFO - Logging configuration loaded successfully
2025-12-12 20:17:39 - uvicorn.error - INFO - Started server process [1]
2025-12-12 20:17:39 - uvicorn.error - INFO - Waiting for application startup.
2025-12-12 20:17:39 - uvicorn.error - INFO - Application startup complete.
2025-12-12 20:17:39 - uvicorn.error - INFO - Uvicorn running on http://0.0.0.0:8000 (Press CTRL+C to quit)
2025-12-12 20:20:13 - uvicorn.access - INFO - 172.22.0.1:51942 - "GET /api/v1/adverts/ HTTP/1.1" 200
2025-12-12 20:20:15 - uvicorn.access - INFO - 172.22.0.1:51948 - "GET /api/v1/adverts/ HTTP/1.1" 200
2025-12-12 20:23:12 - uvicorn.access - INFO - 172.22.0.1:45598 - "OPTIONS /api/v1/users/login HTTP/1.1" 200
2025-12-12 20:23:12 - uvicorn.access - INFO - 172.22.0.1:45608 - "POST /api/v1/users/login HTTP/1.1" 200
2025-12-12 20:24:21 - uvicorn.access - INFO - 172.22.0.1:48900 - "OPTIONS /api/v1/users/me HTTP/1.1" 200
2025-12-12 20:24:21 - uvicorn.access - INFO - 172.22.0.1:48902 - "OPTIONS /api/v1/users/me HTTP/1.1" 405
2025-12-12 20:26:35 - uvicorn.access - INFO - 172.22.0.1:36890 - "OPTIONS /api/v1/users/me HTTP/1.1" 200
2025-12-12 20:26:35 - uvicorn.error - ERROR - Exception in ASGI application
  + Exception Group Traceback (most recent call last):
  |   File "/root/.cache/pypoetry/virtualenvs/src-il7asoJj-py3.13/lib/python3.13/site-packages/starlette/_utils.py", line 77, in collapse_excgroups
  |     yield
  |   File "/root/.cache/pypoetry/virtualenvs/src-il7asoJj-py3.13/lib/python3.13/site-packages/starlette/middleware/base.py", line 183, in __call__
  |     async with anyio.create_task_group() as task_group:
  |                ~~~~~~~~~~~~~~~~~~~~~~~^^
  |   File "/root/.cache/pypoetry/virtualenvs/src-il7asoJj-py3.13/lib/python3.13/site-packages/anyio/_backends/_asyncio.py", line 772, in __aexit__
  |     raise BaseExceptionGroup(
  |         "unhandled errors in a TaskGroup", self._exceptions
  |     ) from None
  | ExceptionGroup: unhandled errors in a TaskGroup (1 sub-exception)
  +-+---------------- 1 ----------------
    | Traceback (most recent call last):
    |   File "/root/.cache/pypoetry/virtualenvs/src-il7asoJj-py3.13/lib/python3.13/site-packages/uvicorn/protocols/http/h11_impl.py", line 403, in run_asgi
    |     result = await app(  # type: ignore[func-returns-value]
    |              ^^^^^^^^^^^^^^^^^^^^^^^^^^^^^^^^^^^^^^^^^^^^^^
    |         self.scope, self.receive, self.send
    |         ^^^^^^^^^^^^^^^^^^^^^^^^^^^^^^^^^^^
    |     )
    |     ^
    |   File "/root/.cache/pypoetry/virtualenvs/src-il7asoJj-py3.13/lib/python3.13/site-packages/uvicorn/middleware/proxy_headers.py", line 60, in __call__
    |     return await self.app(scope, receive, send)
    |            ^^^^^^^^^^^^^^^^^^^^^^^^^^^^^^^^^^^^
    |   File "/root/.cache/pypoetry/virtualenvs/src-il7asoJj-py3.13/lib/python3.13/site-packages/fastapi/applications.py", line 1054, in __call__
    |     await super().__call__(scope, receive, send)
    |   File "/root/.cache/pypoetry/virtualenvs/src-il7asoJj-py3.13/lib/python3.13/site-packages/starlette/applications.py", line 113, in __call__
    |     await self.middleware_stack(scope, receive, send)
    |   File "/root/.cache/pypoetry/virtualenvs/src-il7asoJj-py3.13/lib/python3.13/site-packages/starlette/middleware/errors.py", line 176, in __call__
    |     response = await self.handler(request, exc)
    |                ^^^^^^^^^^^^^^^^^^^^^^^^^^^^^^^^
    |   File "/main.py", line 146, in general_database_exception_handler
    |     raise exc
    |   File "/root/.cache/pypoetry/virtualenvs/src-il7asoJj-py3.13/lib/python3.13/site-packages/starlette/middleware/errors.py", line 164, in __call__
    |     await self.app(scope, receive, _send)
    |   File "/root/.cache/pypoetry/virtualenvs/src-il7asoJj-py3.13/lib/python3.13/site-packages/starlette/middleware/base.py", line 182, in __call__
    |     with recv_stream, send_stream, collapse_excgroups():
    |                                    ~~~~~~~~~~~~~~~~~~^^
    |   File "/usr/local/lib/python3.13/contextlib.py", line 162, in __exit__
    |     self.gen.throw(value)
    |     ~~~~~~~~~~~~~~^^^^^^^
    |   File "/root/.cache/pypoetry/virtualenvs/src-il7asoJj-py3.13/lib/python3.13/site-packages/starlette/_utils.py", line 83, in collapse_excgroups
    |     raise exc
    |   File "/root/.cache/pypoetry/virtualenvs/src-il7asoJj-py3.13/lib/python3.13/site-packages/starlette/middleware/base.py", line 184, in __call__
    |     response = await self.dispatch_func(request, call_next)
    |                ^^^^^^^^^^^^^^^^^^^^^^^^^^^^^^^^^^^^^^^^^^^^
    |   File "/main.py", line 164, in add_user_to_request
    |     response = await call_next(request)
    |                ^^^^^^^^^^^^^^^^^^^^^^^^
    |   File "/root/.cache/pypoetry/virtualenvs/src-il7asoJj-py3.13/lib/python3.13/site-packages/starlette/middleware/base.py", line 159, in call_next
    |     raise app_exc
    |   File "/root/.cache/pypoetry/virtualenvs/src-il7asoJj-py3.13/lib/python3.13/site-packages/starlette/middleware/base.py", line 144, in coro
    |     await self.app(scope, receive_or_disconnect, send_no_error)
    |   File "/root/.cache/pypoetry/virtualenvs/src-il7asoJj-py3.13/lib/python3.13/site-packages/starlette/middleware/cors.py", line 93, in __call__
    |     await self.simple_response(scope, receive, send, request_headers=headers)
    |   File "/root/.cache/pypoetry/virtualenvs/src-il7asoJj-py3.13/lib/python3.13/site-packages/starlette/middleware/cors.py", line 144, in simple_response
    |     await self.app(scope, receive, send)
    |   File "/root/.cache/pypoetry/virtualenvs/src-il7asoJj-py3.13/lib/python3.13/site-packages/starlette/middleware/exceptions.py", line 63, in __call__
    |     await wrap_app_handling_exceptions(self.app, conn)(scope, receive, send)
    |   File "/root/.cache/pypoetry/virtualenvs/src-il7asoJj-py3.13/lib/python3.13/site-packages/starlette/_exception_handler.py", line 53, in wrapped_app
    |     raise exc
    |   File "/root/.cache/pypoetry/virtualenvs/src-il7asoJj-py3.13/lib/python3.13/site-packages/starlette/_exception_handler.py", line 42, in wrapped_app
    |     await app(scope, receive, sender)
    |   File "/root/.cache/pypoetry/virtualenvs/src-il7asoJj-py3.13/lib/python3.13/site-packages/starlette/routing.py", line 716, in __call__
    |     await self.middleware_stack(scope, receive, send)
    |   File "/root/.cache/pypoetry/virtualenvs/src-il7asoJj-py3.13/lib/python3.13/site-packages/starlette/routing.py", line 736, in app
    |     await route.handle(scope, receive, send)
    |   File "/root/.cache/pypoetry/virtualenvs/src-il7asoJj-py3.13/lib/python3.13/site-packages/starlette/routing.py", line 290, in handle
    |     await self.app(scope, receive, send)
    |   File "/root/.cache/pypoetry/virtualenvs/src-il7asoJj-py3.13/lib/python3.13/site-packages/starlette/routing.py", line 78, in app
    |     await wrap_app_handling_exceptions(app, request)(scope, receive, send)
    |   File "/root/.cache/pypoetry/virtualenvs/src-il7asoJj-py3.13/lib/python3.13/site-packages/starlette/_exception_handler.py", line 53, in wrapped_app
    |     raise exc
    |   File "/root/.cache/pypoetry/virtualenvs/src-il7asoJj-py3.13/lib/python3.13/site-packages/starlette/_exception_handler.py", line 42, in wrapped_app
    |     await app(scope, receive, sender)
    |   File "/root/.cache/pypoetry/virtualenvs/src-il7asoJj-py3.13/lib/python3.13/site-packages/starlette/routing.py", line 75, in app
    |     response = await f(request)
    |                ^^^^^^^^^^^^^^^^
    |   File "/root/.cache/pypoetry/virtualenvs/src-il7asoJj-py3.13/lib/python3.13/site-packages/fastapi/routing.py", line 302, in app
    |     raw_response = await run_endpoint_function(
    |                    ^^^^^^^^^^^^^^^^^^^^^^^^^^^^
    |     ...<3 lines>...
    |     )
    |     ^
    |   File "/root/.cache/pypoetry/virtualenvs/src-il7asoJj-py3.13/lib/python3.13/site-packages/fastapi/routing.py", line 213, in run_endpoint_function
    |     return await dependant.call(**values)
    |            ^^^^^^^^^^^^^^^^^^^^^^^^^^^^^^
    |   File "/api_v1/routers/users.py", line 160, in get_current_user_profile
    |     created_at=datetime.now()
    |                ^^^^^^^^
    | NameError: name 'datetime' is not defined. Did you forget to import 'datetime'?
    +------------------------------------

During handling of the above exception, another exception occurred:

Traceback (most recent call last):
  File "/root/.cache/pypoetry/virtualenvs/src-il7asoJj-py3.13/lib/python3.13/site-packages/uvicorn/protocols/http/h11_impl.py", line 403, in run_asgi
    result = await app(  # type: ignore[func-returns-value]
             ^^^^^^^^^^^^^^^^^^^^^^^^^^^^^^^^^^^^^^^^^^^^^^
        self.scope, self.receive, self.send
        ^^^^^^^^^^^^^^^^^^^^^^^^^^^^^^^^^^^
    )
    ^
  File "/root/.cache/pypoetry/virtualenvs/src-il7asoJj-py3.13/lib/python3.13/site-packages/uvicorn/middleware/proxy_headers.py", line 60, in __call__
    return await self.app(scope, receive, send)
           ^^^^^^^^^^^^^^^^^^^^^^^^^^^^^^^^^^^^
  File "/root/.cache/pypoetry/virtualenvs/src-il7asoJj-py3.13/lib/python3.13/site-packages/fastapi/applications.py", line 1054, in __call__
    await super().__call__(scope, receive, send)
  File "/root/.cache/pypoetry/virtualenvs/src-il7asoJj-py3.13/lib/python3.13/site-packages/starlette/applications.py", line 113, in __call__
    await self.middleware_stack(scope, receive, send)
  File "/root/.cache/pypoetry/virtualenvs/src-il7asoJj-py3.13/lib/python3.13/site-packages/starlette/middleware/errors.py", line 176, in __call__
    response = await self.handler(request, exc)
               ^^^^^^^^^^^^^^^^^^^^^^^^^^^^^^^^
  File "/main.py", line 146, in general_database_exception_handler
    raise exc
  File "/root/.cache/pypoetry/virtualenvs/src-il7asoJj-py3.13/lib/python3.13/site-packages/starlette/middleware/errors.py", line 164, in __call__
    await self.app(scope, receive, _send)
  File "/root/.cache/pypoetry/virtualenvs/src-il7asoJj-py3.13/lib/python3.13/site-packages/starlette/middleware/base.py", line 182, in __call__
    with recv_stream, send_stream, collapse_excgroups():
                                   ~~~~~~~~~~~~~~~~~~^^
  File "/usr/local/lib/python3.13/contextlib.py", line 162, in __exit__
    self.gen.throw(value)
    ~~~~~~~~~~~~~~^^^^^^^
  File "/root/.cache/pypoetry/virtualenvs/src-il7asoJj-py3.13/lib/python3.13/site-packages/starlette/_utils.py", line 83, in collapse_excgroups
    raise exc
  File "/root/.cache/pypoetry/virtualenvs/src-il7asoJj-py3.13/lib/python3.13/site-packages/starlette/middleware/base.py", line 184, in __call__
    response = await self.dispatch_func(request, call_next)
               ^^^^^^^^^^^^^^^^^^^^^^^^^^^^^^^^^^^^^^^^^^^^
  File "/main.py", line 164, in add_user_to_request
    response = await call_next(request)
               ^^^^^^^^^^^^^^^^^^^^^^^^
  File "/root/.cache/pypoetry/virtualenvs/src-il7asoJj-py3.13/lib/python3.13/site-packages/starlette/middleware/base.py", line 159, in call_next
    raise app_exc
  File "/root/.cache/pypoetry/virtualenvs/src-il7asoJj-py3.13/lib/python3.13/site-packages/starlette/middleware/base.py", line 144, in coro
    await self.app(scope, receive_or_disconnect, send_no_error)
  File "/root/.cache/pypoetry/virtualenvs/src-il7asoJj-py3.13/lib/python3.13/site-packages/starlette/middleware/cors.py", line 93, in __call__
    await self.simple_response(scope, receive, send, request_headers=headers)
  File "/root/.cache/pypoetry/virtualenvs/src-il7asoJj-py3.13/lib/python3.13/site-packages/starlette/middleware/cors.py", line 144, in simple_response
    await self.app(scope, receive, send)
  File "/root/.cache/pypoetry/virtualenvs/src-il7asoJj-py3.13/lib/python3.13/site-packages/starlette/middleware/exceptions.py", line 63, in __call__
    await wrap_app_handling_exceptions(self.app, conn)(scope, receive, send)
  File "/root/.cache/pypoetry/virtualenvs/src-il7asoJj-py3.13/lib/python3.13/site-packages/starlette/_exception_handler.py", line 53, in wrapped_app
    raise exc
  File "/root/.cache/pypoetry/virtualenvs/src-il7asoJj-py3.13/lib/python3.13/site-packages/starlette/_exception_handler.py", line 42, in wrapped_app
    await app(scope, receive, sender)
  File "/root/.cache/pypoetry/virtualenvs/src-il7asoJj-py3.13/lib/python3.13/site-packages/starlette/routing.py", line 716, in __call__
    await self.middleware_stack(scope, receive, send)
  File "/root/.cache/pypoetry/virtualenvs/src-il7asoJj-py3.13/lib/python3.13/site-packages/starlette/routing.py", line 736, in app
    await route.handle(scope, receive, send)
  File "/root/.cache/pypoetry/virtualenvs/src-il7asoJj-py3.13/lib/python3.13/site-packages/starlette/routing.py", line 290, in handle
    await self.app(scope, receive, send)
  File "/root/.cache/pypoetry/virtualenvs/src-il7asoJj-py3.13/lib/python3.13/site-packages/starlette/routing.py", line 78, in app
    await wrap_app_handling_exceptions(app, request)(scope, receive, send)
  File "/root/.cache/pypoetry/virtualenvs/src-il7asoJj-py3.13/lib/python3.13/site-packages/starlette/_exception_handler.py", line 53, in wrapped_app
    raise exc
  File "/root/.cache/pypoetry/virtualenvs/src-il7asoJj-py3.13/lib/python3.13/site-packages/starlette/_exception_handler.py", line 42, in wrapped_app
    await app(scope, receive, sender)
  File "/root/.cache/pypoetry/virtualenvs/src-il7asoJj-py3.13/lib/python3.13/site-packages/starlette/routing.py", line 75, in app
    response = await f(request)
               ^^^^^^^^^^^^^^^^
  File "/root/.cache/pypoetry/virtualenvs/src-il7asoJj-py3.13/lib/python3.13/site-packages/fastapi/routing.py", line 302, in app
    raw_response = await run_endpoint_function(
                   ^^^^^^^^^^^^^^^^^^^^^^^^^^^^
    ...<3 lines>...
    )
    ^
  File "/root/.cache/pypoetry/virtualenvs/src-il7asoJj-py3.13/lib/python3.13/site-packages/fastapi/routing.py", line 213, in run_endpoint_function
    return await dependant.call(**values)
           ^^^^^^^^^^^^^^^^^^^^^^^^^^^^^^
  File "/api_v1/routers/users.py", line 160, in get_current_user_profile
    created_at=datetime.now()
               ^^^^^^^^
NameError: name 'datetime' is not defined. Did you forget to import 'datetime'?
2025-12-12 20:26:36 - uvicorn.access - INFO - 172.22.0.1:36894 - "GET /api/v1/users/me HTTP/1.1" 500
2025-12-12 20:26:36 - uvicorn.error - ERROR - Exception in ASGI application
  + Exception Group Traceback (most recent call last):
  |   File "/root/.cache/pypoetry/virtualenvs/src-il7asoJj-py3.13/lib/python3.13/site-packages/starlette/_utils.py", line 77, in collapse_excgroups
  |     yield
  |   File "/root/.cache/pypoetry/virtualenvs/src-il7asoJj-py3.13/lib/python3.13/site-packages/starlette/middleware/base.py", line 183, in __call__
  |     async with anyio.create_task_group() as task_group:
  |                ~~~~~~~~~~~~~~~~~~~~~~~^^
  |   File "/root/.cache/pypoetry/virtualenvs/src-il7asoJj-py3.13/lib/python3.13/site-packages/anyio/_backends/_asyncio.py", line 772, in __aexit__
  |     raise BaseExceptionGroup(
  |         "unhandled errors in a TaskGroup", self._exceptions
  |     ) from None
  | ExceptionGroup: unhandled errors in a TaskGroup (1 sub-exception)
  +-+---------------- 1 ----------------
    | Traceback (most recent call last):
    |   File "/root/.cache/pypoetry/virtualenvs/src-il7asoJj-py3.13/lib/python3.13/site-packages/uvicorn/protocols/http/h11_impl.py", line 403, in run_asgi
    |     result = await app(  # type: ignore[func-returns-value]
    |              ^^^^^^^^^^^^^^^^^^^^^^^^^^^^^^^^^^^^^^^^^^^^^^
    |         self.scope, self.receive, self.send
    |         ^^^^^^^^^^^^^^^^^^^^^^^^^^^^^^^^^^^
    |     )
    |     ^
    |   File "/root/.cache/pypoetry/virtualenvs/src-il7asoJj-py3.13/lib/python3.13/site-packages/uvicorn/middleware/proxy_headers.py", line 60, in __call__
    |     return await self.app(scope, receive, send)
    |            ^^^^^^^^^^^^^^^^^^^^^^^^^^^^^^^^^^^^
    |   File "/root/.cache/pypoetry/virtualenvs/src-il7asoJj-py3.13/lib/python3.13/site-packages/fastapi/applications.py", line 1054, in __call__
    |     await super().__call__(scope, receive, send)
    |   File "/root/.cache/pypoetry/virtualenvs/src-il7asoJj-py3.13/lib/python3.13/site-packages/starlette/applications.py", line 113, in __call__
    |     await self.middleware_stack(scope, receive, send)
    |   File "/root/.cache/pypoetry/virtualenvs/src-il7asoJj-py3.13/lib/python3.13/site-packages/starlette/middleware/errors.py", line 176, in __call__
    |     response = await self.handler(request, exc)
    |                ^^^^^^^^^^^^^^^^^^^^^^^^^^^^^^^^
    |   File "/main.py", line 146, in general_database_exception_handler
    |     raise exc
    |   File "/root/.cache/pypoetry/virtualenvs/src-il7asoJj-py3.13/lib/python3.13/site-packages/starlette/middleware/errors.py", line 164, in __call__
    |     await self.app(scope, receive, _send)
    |   File "/root/.cache/pypoetry/virtualenvs/src-il7asoJj-py3.13/lib/python3.13/site-packages/starlette/middleware/base.py", line 182, in __call__
    |     with recv_stream, send_stream, collapse_excgroups():
    |                                    ~~~~~~~~~~~~~~~~~~^^
    |   File "/usr/local/lib/python3.13/contextlib.py", line 162, in __exit__
    |     self.gen.throw(value)
    |     ~~~~~~~~~~~~~~^^^^^^^
    |   File "/root/.cache/pypoetry/virtualenvs/src-il7asoJj-py3.13/lib/python3.13/site-packages/starlette/_utils.py", line 83, in collapse_excgroups
    |     raise exc
    |   File "/root/.cache/pypoetry/virtualenvs/src-il7asoJj-py3.13/lib/python3.13/site-packages/starlette/middleware/base.py", line 184, in __call__
    |     response = await self.dispatch_func(request, call_next)
    |                ^^^^^^^^^^^^^^^^^^^^^^^^^^^^^^^^^^^^^^^^^^^^
    |   File "/main.py", line 164, in add_user_to_request
    |     response = await call_next(request)
    |                ^^^^^^^^^^^^^^^^^^^^^^^^
    |   File "/root/.cache/pypoetry/virtualenvs/src-il7asoJj-py3.13/lib/python3.13/site-packages/starlette/middleware/base.py", line 159, in call_next
    |     raise app_exc
    |   File "/root/.cache/pypoetry/virtualenvs/src-il7asoJj-py3.13/lib/python3.13/site-packages/starlette/middleware/base.py", line 144, in coro
    |     await self.app(scope, receive_or_disconnect, send_no_error)
    |   File "/root/.cache/pypoetry/virtualenvs/src-il7asoJj-py3.13/lib/python3.13/site-packages/starlette/middleware/cors.py", line 93, in __call__
    |     await self.simple_response(scope, receive, send, request_headers=headers)
    |   File "/root/.cache/pypoetry/virtualenvs/src-il7asoJj-py3.13/lib/python3.13/site-packages/starlette/middleware/cors.py", line 144, in simple_response
    |     await self.app(scope, receive, send)
    |   File "/root/.cache/pypoetry/virtualenvs/src-il7asoJj-py3.13/lib/python3.13/site-packages/starlette/middleware/exceptions.py", line 63, in __call__
    |     await wrap_app_handling_exceptions(self.app, conn)(scope, receive, send)
    |   File "/root/.cache/pypoetry/virtualenvs/src-il7asoJj-py3.13/lib/python3.13/site-packages/starlette/_exception_handler.py", line 53, in wrapped_app
    |     raise exc
    |   File "/root/.cache/pypoetry/virtualenvs/src-il7asoJj-py3.13/lib/python3.13/site-packages/starlette/_exception_handler.py", line 42, in wrapped_app
    |     await app(scope, receive, sender)
    |   File "/root/.cache/pypoetry/virtualenvs/src-il7asoJj-py3.13/lib/python3.13/site-packages/starlette/routing.py", line 716, in __call__
    |     await self.middleware_stack(scope, receive, send)
    |   File "/root/.cache/pypoetry/virtualenvs/src-il7asoJj-py3.13/lib/python3.13/site-packages/starlette/routing.py", line 736, in app
    |     await route.handle(scope, receive, send)
    |   File "/root/.cache/pypoetry/virtualenvs/src-il7asoJj-py3.13/lib/python3.13/site-packages/starlette/routing.py", line 290, in handle
    |     await self.app(scope, receive, send)
    |   File "/root/.cache/pypoetry/virtualenvs/src-il7asoJj-py3.13/lib/python3.13/site-packages/starlette/routing.py", line 78, in app
    |     await wrap_app_handling_exceptions(app, request)(scope, receive, send)
    |   File "/root/.cache/pypoetry/virtualenvs/src-il7asoJj-py3.13/lib/python3.13/site-packages/starlette/_exception_handler.py", line 53, in wrapped_app
    |     raise exc
    |   File "/root/.cache/pypoetry/virtualenvs/src-il7asoJj-py3.13/lib/python3.13/site-packages/starlette/_exception_handler.py", line 42, in wrapped_app
    |     await app(scope, receive, sender)
    |   File "/root/.cache/pypoetry/virtualenvs/src-il7asoJj-py3.13/lib/python3.13/site-packages/starlette/routing.py", line 75, in app
    |     response = await f(request)
    |                ^^^^^^^^^^^^^^^^
    |   File "/root/.cache/pypoetry/virtualenvs/src-il7asoJj-py3.13/lib/python3.13/site-packages/fastapi/routing.py", line 302, in app
    |     raw_response = await run_endpoint_function(
    |                    ^^^^^^^^^^^^^^^^^^^^^^^^^^^^
    |     ...<3 lines>...
    |     )
    |     ^
    |   File "/root/.cache/pypoetry/virtualenvs/src-il7asoJj-py3.13/lib/python3.13/site-packages/fastapi/routing.py", line 213, in run_endpoint_function
    |     return await dependant.call(**values)
    |            ^^^^^^^^^^^^^^^^^^^^^^^^^^^^^^
    |   File "/api_v1/routers/users.py", line 160, in get_current_user_profile
    |     created_at=datetime.now()
    |                ^^^^^^^^
    | NameError: name 'datetime' is not defined. Did you forget to import 'datetime'?
    +------------------------------------

During handling of the above exception, another exception occurred:

Traceback (most recent call last):
  File "/root/.cache/pypoetry/virtualenvs/src-il7asoJj-py3.13/lib/python3.13/site-packages/uvicorn/protocols/http/h11_impl.py", line 403, in run_asgi
    result = await app(  # type: ignore[func-returns-value]
             ^^^^^^^^^^^^^^^^^^^^^^^^^^^^^^^^^^^^^^^^^^^^^^
        self.scope, self.receive, self.send
        ^^^^^^^^^^^^^^^^^^^^^^^^^^^^^^^^^^^
    )
    ^
  File "/root/.cache/pypoetry/virtualenvs/src-il7asoJj-py3.13/lib/python3.13/site-packages/uvicorn/middleware/proxy_headers.py", line 60, in __call__
    return await self.app(scope, receive, send)
           ^^^^^^^^^^^^^^^^^^^^^^^^^^^^^^^^^^^^
  File "/root/.cache/pypoetry/virtualenvs/src-il7asoJj-py3.13/lib/python3.13/site-packages/fastapi/applications.py", line 1054, in __call__
    await super().__call__(scope, receive, send)
  File "/root/.cache/pypoetry/virtualenvs/src-il7asoJj-py3.13/lib/python3.13/site-packages/starlette/applications.py", line 113, in __call__
    await self.middleware_stack(scope, receive, send)
  File "/root/.cache/pypoetry/virtualenvs/src-il7asoJj-py3.13/lib/python3.13/site-packages/starlette/middleware/errors.py", line 176, in __call__
    response = await self.handler(request, exc)
               ^^^^^^^^^^^^^^^^^^^^^^^^^^^^^^^^
  File "/main.py", line 146, in general_database_exception_handler
    raise exc
  File "/root/.cache/pypoetry/virtualenvs/src-il7asoJj-py3.13/lib/python3.13/site-packages/starlette/middleware/errors.py", line 164, in __call__
    await self.app(scope, receive, _send)
  File "/root/.cache/pypoetry/virtualenvs/src-il7asoJj-py3.13/lib/python3.13/site-packages/starlette/middleware/base.py", line 182, in __call__
    with recv_stream, send_stream, collapse_excgroups():
                                   ~~~~~~~~~~~~~~~~~~^^
  File "/usr/local/lib/python3.13/contextlib.py", line 162, in __exit__
    self.gen.throw(value)
    ~~~~~~~~~~~~~~^^^^^^^
  File "/root/.cache/pypoetry/virtualenvs/src-il7asoJj-py3.13/lib/python3.13/site-packages/starlette/_utils.py", line 83, in collapse_excgroups
    raise exc
  File "/root/.cache/pypoetry/virtualenvs/src-il7asoJj-py3.13/lib/python3.13/site-packages/starlette/middleware/base.py", line 184, in __call__
    response = await self.dispatch_func(request, call_next)
               ^^^^^^^^^^^^^^^^^^^^^^^^^^^^^^^^^^^^^^^^^^^^
  File "/main.py", line 164, in add_user_to_request
    response = await call_next(request)
               ^^^^^^^^^^^^^^^^^^^^^^^^
  File "/root/.cache/pypoetry/virtualenvs/src-il7asoJj-py3.13/lib/python3.13/site-packages/starlette/middleware/base.py", line 159, in call_next
    raise app_exc
  File "/root/.cache/pypoetry/virtualenvs/src-il7asoJj-py3.13/lib/python3.13/site-packages/starlette/middleware/base.py", line 144, in coro
    await self.app(scope, receive_or_disconnect, send_no_error)
  File "/root/.cache/pypoetry/virtualenvs/src-il7asoJj-py3.13/lib/python3.13/site-packages/starlette/middleware/cors.py", line 93, in __call__
    await self.simple_response(scope, receive, send, request_headers=headers)
  File "/root/.cache/pypoetry/virtualenvs/src-il7asoJj-py3.13/lib/python3.13/site-packages/starlette/middleware/cors.py", line 144, in simple_response
    await self.app(scope, receive, send)
  File "/root/.cache/pypoetry/virtualenvs/src-il7asoJj-py3.13/lib/python3.13/site-packages/starlette/middleware/exceptions.py", line 63, in __call__
    await wrap_app_handling_exceptions(self.app, conn)(scope, receive, send)
  File "/root/.cache/pypoetry/virtualenvs/src-il7asoJj-py3.13/lib/python3.13/site-packages/starlette/_exception_handler.py", line 53, in wrapped_app
    raise exc
  File "/root/.cache/pypoetry/virtualenvs/src-il7asoJj-py3.13/lib/python3.13/site-packages/starlette/_exception_handler.py", line 42, in wrapped_app
    await app(scope, receive, sender)
  File "/root/.cache/pypoetry/virtualenvs/src-il7asoJj-py3.13/lib/python3.13/site-packages/starlette/routing.py", line 716, in __call__
    await self.middleware_stack(scope, receive, send)
  File "/root/.cache/pypoetry/virtualenvs/src-il7asoJj-py3.13/lib/python3.13/site-packages/starlette/routing.py", line 736, in app
    await route.handle(scope, receive, send)
  File "/root/.cache/pypoetry/virtualenvs/src-il7asoJj-py3.13/lib/python3.13/site-packages/starlette/routing.py", line 290, in handle
    await self.app(scope, receive, send)
  File "/root/.cache/pypoetry/virtualenvs/src-il7asoJj-py3.13/lib/python3.13/site-packages/starlette/routing.py", line 78, in app
    await wrap_app_handling_exceptions(app, request)(scope, receive, send)
  File "/root/.cache/pypoetry/virtualenvs/src-il7asoJj-py3.13/lib/python3.13/site-packages/starlette/_exception_handler.py", line 53, in wrapped_app
    raise exc
  File "/root/.cache/pypoetry/virtualenvs/src-il7asoJj-py3.13/lib/python3.13/site-packages/starlette/_exception_handler.py", line 42, in wrapped_app
    await app(scope, receive, sender)
  File "/root/.cache/pypoetry/virtualenvs/src-il7asoJj-py3.13/lib/python3.13/site-packages/starlette/routing.py", line 75, in app
    response = await f(request)
               ^^^^^^^^^^^^^^^^
  File "/root/.cache/pypoetry/virtualenvs/src-il7asoJj-py3.13/lib/python3.13/site-packages/fastapi/routing.py", line 302, in app
    raw_response = await run_endpoint_function(
                   ^^^^^^^^^^^^^^^^^^^^^^^^^^^^
    ...<3 lines>...
    )
    ^
  File "/root/.cache/pypoetry/virtualenvs/src-il7asoJj-py3.13/lib/python3.13/site-packages/fastapi/routing.py", line 213, in run_endpoint_function
    return await dependant.call(**values)
           ^^^^^^^^^^^^^^^^^^^^^^^^^^^^^^
  File "/api_v1/routers/users.py", line 160, in get_current_user_profile
    created_at=datetime.now()
               ^^^^^^^^
NameError: name 'datetime' is not defined. Did you forget to import 'datetime'?
2025-12-12 20:26:36 - uvicorn.access - INFO - 172.22.0.1:36890 - "GET /api/v1/users/me HTTP/1.1" 500
2025-12-12 20:26:36 - uvicorn.error - ERROR - Exception in ASGI application
  + Exception Group Traceback (most recent call last):
  |   File "/root/.cache/pypoetry/virtualenvs/src-il7asoJj-py3.13/lib/python3.13/site-packages/starlette/_utils.py", line 77, in collapse_excgroups
  |     yield
  |   File "/root/.cache/pypoetry/virtualenvs/src-il7asoJj-py3.13/lib/python3.13/site-packages/starlette/middleware/base.py", line 183, in __call__
  |     async with anyio.create_task_group() as task_group:
  |                ~~~~~~~~~~~~~~~~~~~~~~~^^
  |   File "/root/.cache/pypoetry/virtualenvs/src-il7asoJj-py3.13/lib/python3.13/site-packages/anyio/_backends/_asyncio.py", line 772, in __aexit__
  |     raise BaseExceptionGroup(
  |         "unhandled errors in a TaskGroup", self._exceptions
  |     ) from None
  | ExceptionGroup: unhandled errors in a TaskGroup (1 sub-exception)
  +-+---------------- 1 ----------------
    | Traceback (most recent call last):
    |   File "/root/.cache/pypoetry/virtualenvs/src-il7asoJj-py3.13/lib/python3.13/site-packages/uvicorn/protocols/http/h11_impl.py", line 403, in run_asgi
    |     result = await app(  # type: ignore[func-returns-value]
    |              ^^^^^^^^^^^^^^^^^^^^^^^^^^^^^^^^^^^^^^^^^^^^^^
    |         self.scope, self.receive, self.send
    |         ^^^^^^^^^^^^^^^^^^^^^^^^^^^^^^^^^^^
    |     )
    |     ^
    |   File "/root/.cache/pypoetry/virtualenvs/src-il7asoJj-py3.13/lib/python3.13/site-packages/uvicorn/middleware/proxy_headers.py", line 60, in __call__
    |     return await self.app(scope, receive, send)
    |            ^^^^^^^^^^^^^^^^^^^^^^^^^^^^^^^^^^^^
    |   File "/root/.cache/pypoetry/virtualenvs/src-il7asoJj-py3.13/lib/python3.13/site-packages/fastapi/applications.py", line 1054, in __call__
    |     await super().__call__(scope, receive, send)
    |   File "/root/.cache/pypoetry/virtualenvs/src-il7asoJj-py3.13/lib/python3.13/site-packages/starlette/applications.py", line 113, in __call__
    |     await self.middleware_stack(scope, receive, send)
    |   File "/root/.cache/pypoetry/virtualenvs/src-il7asoJj-py3.13/lib/python3.13/site-packages/starlette/middleware/errors.py", line 176, in __call__
    |     response = await self.handler(request, exc)
    |                ^^^^^^^^^^^^^^^^^^^^^^^^^^^^^^^^
    |   File "/main.py", line 146, in general_database_exception_handler
    |     raise exc
    |   File "/root/.cache/pypoetry/virtualenvs/src-il7asoJj-py3.13/lib/python3.13/site-packages/starlette/middleware/errors.py", line 164, in __call__
    |     await self.app(scope, receive, _send)
    |   File "/root/.cache/pypoetry/virtualenvs/src-il7asoJj-py3.13/lib/python3.13/site-packages/starlette/middleware/base.py", line 182, in __call__
    |     with recv_stream, send_stream, collapse_excgroups():
    |                                    ~~~~~~~~~~~~~~~~~~^^
    |   File "/usr/local/lib/python3.13/contextlib.py", line 162, in __exit__
    |     self.gen.throw(value)
    |     ~~~~~~~~~~~~~~^^^^^^^
    |   File "/root/.cache/pypoetry/virtualenvs/src-il7asoJj-py3.13/lib/python3.13/site-packages/starlette/_utils.py", line 83, in collapse_excgroups
    |     raise exc
    |   File "/root/.cache/pypoetry/virtualenvs/src-il7asoJj-py3.13/lib/python3.13/site-packages/starlette/middleware/base.py", line 184, in __call__
    |     response = await self.dispatch_func(request, call_next)
    |                ^^^^^^^^^^^^^^^^^^^^^^^^^^^^^^^^^^^^^^^^^^^^
    |   File "/main.py", line 164, in add_user_to_request
    |     response = await call_next(request)
    |                ^^^^^^^^^^^^^^^^^^^^^^^^
    |   File "/root/.cache/pypoetry/virtualenvs/src-il7asoJj-py3.13/lib/python3.13/site-packages/starlette/middleware/base.py", line 159, in call_next
    |     raise app_exc
    |   File "/root/.cache/pypoetry/virtualenvs/src-il7asoJj-py3.13/lib/python3.13/site-packages/starlette/middleware/base.py", line 144, in coro
    |     await self.app(scope, receive_or_disconnect, send_no_error)
    |   File "/root/.cache/pypoetry/virtualenvs/src-il7asoJj-py3.13/lib/python3.13/site-packages/starlette/middleware/cors.py", line 93, in __call__
    |     await self.simple_response(scope, receive, send, request_headers=headers)
    |   File "/root/.cache/pypoetry/virtualenvs/src-il7asoJj-py3.13/lib/python3.13/site-packages/starlette/middleware/cors.py", line 144, in simple_response
    |     await self.app(scope, receive, send)
    |   File "/root/.cache/pypoetry/virtualenvs/src-il7asoJj-py3.13/lib/python3.13/site-packages/starlette/middleware/exceptions.py", line 63, in __call__
    |     await wrap_app_handling_exceptions(self.app, conn)(scope, receive, send)
    |   File "/root/.cache/pypoetry/virtualenvs/src-il7asoJj-py3.13/lib/python3.13/site-packages/starlette/_exception_handler.py", line 53, in wrapped_app
    |     raise exc
    |   File "/root/.cache/pypoetry/virtualenvs/src-il7asoJj-py3.13/lib/python3.13/site-packages/starlette/_exception_handler.py", line 42, in wrapped_app
    |     await app(scope, receive, sender)
    |   File "/root/.cache/pypoetry/virtualenvs/src-il7asoJj-py3.13/lib/python3.13/site-packages/starlette/routing.py", line 716, in __call__
    |     await self.middleware_stack(scope, receive, send)
    |   File "/root/.cache/pypoetry/virtualenvs/src-il7asoJj-py3.13/lib/python3.13/site-packages/starlette/routing.py", line 736, in app
    |     await route.handle(scope, receive, send)
    |   File "/root/.cache/pypoetry/virtualenvs/src-il7asoJj-py3.13/lib/python3.13/site-packages/starlette/routing.py", line 290, in handle
    |     await self.app(scope, receive, send)
    |   File "/root/.cache/pypoetry/virtualenvs/src-il7asoJj-py3.13/lib/python3.13/site-packages/starlette/routing.py", line 78, in app
    |     await wrap_app_handling_exceptions(app, request)(scope, receive, send)
    |   File "/root/.cache/pypoetry/virtualenvs/src-il7asoJj-py3.13/lib/python3.13/site-packages/starlette/_exception_handler.py", line 53, in wrapped_app
    |     raise exc
    |   File "/root/.cache/pypoetry/virtualenvs/src-il7asoJj-py3.13/lib/python3.13/site-packages/starlette/_exception_handler.py", line 42, in wrapped_app
    |     await app(scope, receive, sender)
    |   File "/root/.cache/pypoetry/virtualenvs/src-il7asoJj-py3.13/lib/python3.13/site-packages/starlette/routing.py", line 75, in app
    |     response = await f(request)
    |                ^^^^^^^^^^^^^^^^
    |   File "/root/.cache/pypoetry/virtualenvs/src-il7asoJj-py3.13/lib/python3.13/site-packages/fastapi/routing.py", line 302, in app
    |     raw_response = await run_endpoint_function(
    |                    ^^^^^^^^^^^^^^^^^^^^^^^^^^^^
    |     ...<3 lines>...
    |     )
    |     ^
    |   File "/root/.cache/pypoetry/virtualenvs/src-il7asoJj-py3.13/lib/python3.13/site-packages/fastapi/routing.py", line 213, in run_endpoint_function
    |     return await dependant.call(**values)
    |            ^^^^^^^^^^^^^^^^^^^^^^^^^^^^^^
    |   File "/api_v1/routers/users.py", line 160, in get_current_user_profile
    |     created_at=datetime.now()
    |                ^^^^^^^^
    | NameError: name 'datetime' is not defined. Did you forget to import 'datetime'?
    +------------------------------------

During handling of the above exception, another exception occurred:

Traceback (most recent call last):
  File "/root/.cache/pypoetry/virtualenvs/src-il7asoJj-py3.13/lib/python3.13/site-packages/uvicorn/protocols/http/h11_impl.py", line 403, in run_asgi
    result = await app(  # type: ignore[func-returns-value]
             ^^^^^^^^^^^^^^^^^^^^^^^^^^^^^^^^^^^^^^^^^^^^^^
        self.scope, self.receive, self.send
        ^^^^^^^^^^^^^^^^^^^^^^^^^^^^^^^^^^^
    )
    ^
  File "/root/.cache/pypoetry/virtualenvs/src-il7asoJj-py3.13/lib/python3.13/site-packages/uvicorn/middleware/proxy_headers.py", line 60, in __call__
    return await self.app(scope, receive, send)
           ^^^^^^^^^^^^^^^^^^^^^^^^^^^^^^^^^^^^
  File "/root/.cache/pypoetry/virtualenvs/src-il7asoJj-py3.13/lib/python3.13/site-packages/fastapi/applications.py", line 1054, in __call__
    await super().__call__(scope, receive, send)
  File "/root/.cache/pypoetry/virtualenvs/src-il7asoJj-py3.13/lib/python3.13/site-packages/starlette/applications.py", line 113, in __call__
    await self.middleware_stack(scope, receive, send)
  File "/root/.cache/pypoetry/virtualenvs/src-il7asoJj-py3.13/lib/python3.13/site-packages/starlette/middleware/errors.py", line 176, in __call__
    response = await self.handler(request, exc)
               ^^^^^^^^^^^^^^^^^^^^^^^^^^^^^^^^
  File "/main.py", line 146, in general_database_exception_handler
    raise exc
  File "/root/.cache/pypoetry/virtualenvs/src-il7asoJj-py3.13/lib/python3.13/site-packages/starlette/middleware/errors.py", line 164, in __call__
    await self.app(scope, receive, _send)
  File "/root/.cache/pypoetry/virtualenvs/src-il7asoJj-py3.13/lib/python3.13/site-packages/starlette/middleware/base.py", line 182, in __call__
    with recv_stream, send_stream, collapse_excgroups():
                                   ~~~~~~~~~~~~~~~~~~^^
  File "/usr/local/lib/python3.13/contextlib.py", line 162, in __exit__
    self.gen.throw(value)
    ~~~~~~~~~~~~~~^^^^^^^
  File "/root/.cache/pypoetry/virtualenvs/src-il7asoJj-py3.13/lib/python3.13/site-packages/starlette/_utils.py", line 83, in collapse_excgroups
    raise exc
  File "/root/.cache/pypoetry/virtualenvs/src-il7asoJj-py3.13/lib/python3.13/site-packages/starlette/middleware/base.py", line 184, in __call__
    response = await self.dispatch_func(request, call_next)
               ^^^^^^^^^^^^^^^^^^^^^^^^^^^^^^^^^^^^^^^^^^^^
  File "/main.py", line 164, in add_user_to_request
    response = await call_next(request)
               ^^^^^^^^^^^^^^^^^^^^^^^^
  File "/root/.cache/pypoetry/virtualenvs/src-il7asoJj-py3.13/lib/python3.13/site-packages/starlette/middleware/base.py", line 159, in call_next
    raise app_exc
  File "/root/.cache/pypoetry/virtualenvs/src-il7asoJj-py3.13/lib/python3.13/site-packages/starlette/middleware/base.py", line 144, in coro
    await self.app(scope, receive_or_disconnect, send_no_error)
  File "/root/.cache/pypoetry/virtualenvs/src-il7asoJj-py3.13/lib/python3.13/site-packages/starlette/middleware/cors.py", line 93, in __call__
    await self.simple_response(scope, receive, send, request_headers=headers)
  File "/root/.cache/pypoetry/virtualenvs/src-il7asoJj-py3.13/lib/python3.13/site-packages/starlette/middleware/cors.py", line 144, in simple_response
    await self.app(scope, receive, send)
  File "/root/.cache/pypoetry/virtualenvs/src-il7asoJj-py3.13/lib/python3.13/site-packages/starlette/middleware/exceptions.py", line 63, in __call__
    await wrap_app_handling_exceptions(self.app, conn)(scope, receive, send)
  File "/root/.cache/pypoetry/virtualenvs/src-il7asoJj-py3.13/lib/python3.13/site-packages/starlette/_exception_handler.py", line 53, in wrapped_app
    raise exc
  File "/root/.cache/pypoetry/virtualenvs/src-il7asoJj-py3.13/lib/python3.13/site-packages/starlette/_exception_handler.py", line 42, in wrapped_app
    await app(scope, receive, sender)
  File "/root/.cache/pypoetry/virtualenvs/src-il7asoJj-py3.13/lib/python3.13/site-packages/starlette/routing.py", line 716, in __call__
    await self.middleware_stack(scope, receive, send)
  File "/root/.cache/pypoetry/virtualenvs/src-il7asoJj-py3.13/lib/python3.13/site-packages/starlette/routing.py", line 736, in app
    await route.handle(scope, receive, send)
  File "/root/.cache/pypoetry/virtualenvs/src-il7asoJj-py3.13/lib/python3.13/site-packages/starlette/routing.py", line 290, in handle
    await self.app(scope, receive, send)
  File "/root/.cache/pypoetry/virtualenvs/src-il7asoJj-py3.13/lib/python3.13/site-packages/starlette/routing.py", line 78, in app
    await wrap_app_handling_exceptions(app, request)(scope, receive, send)
  File "/root/.cache/pypoetry/virtualenvs/src-il7asoJj-py3.13/lib/python3.13/site-packages/starlette/_exception_handler.py", line 53, in wrapped_app
    raise exc
  File "/root/.cache/pypoetry/virtualenvs/src-il7asoJj-py3.13/lib/python3.13/site-packages/starlette/_exception_handler.py", line 42, in wrapped_app
    await app(scope, receive, sender)
  File "/root/.cache/pypoetry/virtualenvs/src-il7asoJj-py3.13/lib/python3.13/site-packages/starlette/routing.py", line 75, in app
    response = await f(request)
               ^^^^^^^^^^^^^^^^
  File "/root/.cache/pypoetry/virtualenvs/src-il7asoJj-py3.13/lib/python3.13/site-packages/fastapi/routing.py", line 302, in app
    raw_response = await run_endpoint_function(
                   ^^^^^^^^^^^^^^^^^^^^^^^^^^^^
    ...<3 lines>...
    )
    ^
  File "/root/.cache/pypoetry/virtualenvs/src-il7asoJj-py3.13/lib/python3.13/site-packages/fastapi/routing.py", line 213, in run_endpoint_function
    return await dependant.call(**values)
           ^^^^^^^^^^^^^^^^^^^^^^^^^^^^^^
  File "/api_v1/routers/users.py", line 160, in get_current_user_profile
    created_at=datetime.now()
               ^^^^^^^^
NameError: name 'datetime' is not defined. Did you forget to import 'datetime'?
2025-12-12 20:26:36 - uvicorn.access - INFO - 172.22.0.1:36898 - "GET /api/v1/users/me HTTP/1.1" 500
2025-12-12 20:26:36 - uvicorn.error - ERROR - Exception in ASGI application
  + Exception Group Traceback (most recent call last):
  |   File "/root/.cache/pypoetry/virtualenvs/src-il7asoJj-py3.13/lib/python3.13/site-packages/starlette/_utils.py", line 77, in collapse_excgroups
  |     yield
  |   File "/root/.cache/pypoetry/virtualenvs/src-il7asoJj-py3.13/lib/python3.13/site-packages/starlette/middleware/base.py", line 183, in __call__
  |     async with anyio.create_task_group() as task_group:
  |                ~~~~~~~~~~~~~~~~~~~~~~~^^
  |   File "/root/.cache/pypoetry/virtualenvs/src-il7asoJj-py3.13/lib/python3.13/site-packages/anyio/_backends/_asyncio.py", line 772, in __aexit__
  |     raise BaseExceptionGroup(
  |         "unhandled errors in a TaskGroup", self._exceptions
  |     ) from None
  | ExceptionGroup: unhandled errors in a TaskGroup (1 sub-exception)
  +-+---------------- 1 ----------------
    | Traceback (most recent call last):
    |   File "/root/.cache/pypoetry/virtualenvs/src-il7asoJj-py3.13/lib/python3.13/site-packages/uvicorn/protocols/http/h11_impl.py", line 403, in run_asgi
    |     result = await app(  # type: ignore[func-returns-value]
    |              ^^^^^^^^^^^^^^^^^^^^^^^^^^^^^^^^^^^^^^^^^^^^^^
    |         self.scope, self.receive, self.send
    |         ^^^^^^^^^^^^^^^^^^^^^^^^^^^^^^^^^^^
    |     )
    |     ^
    |   File "/root/.cache/pypoetry/virtualenvs/src-il7asoJj-py3.13/lib/python3.13/site-packages/uvicorn/middleware/proxy_headers.py", line 60, in __call__
    |     return await self.app(scope, receive, send)
    |            ^^^^^^^^^^^^^^^^^^^^^^^^^^^^^^^^^^^^
    |   File "/root/.cache/pypoetry/virtualenvs/src-il7asoJj-py3.13/lib/python3.13/site-packages/fastapi/applications.py", line 1054, in __call__
    |     await super().__call__(scope, receive, send)
    |   File "/root/.cache/pypoetry/virtualenvs/src-il7asoJj-py3.13/lib/python3.13/site-packages/starlette/applications.py", line 113, in __call__
    |     await self.middleware_stack(scope, receive, send)
    |   File "/root/.cache/pypoetry/virtualenvs/src-il7asoJj-py3.13/lib/python3.13/site-packages/starlette/middleware/errors.py", line 176, in __call__
    |     response = await self.handler(request, exc)
    |                ^^^^^^^^^^^^^^^^^^^^^^^^^^^^^^^^
    |   File "/main.py", line 146, in general_database_exception_handler
    |     raise exc
    |   File "/root/.cache/pypoetry/virtualenvs/src-il7asoJj-py3.13/lib/python3.13/site-packages/starlette/middleware/errors.py", line 164, in __call__
    |     await self.app(scope, receive, _send)
    |   File "/root/.cache/pypoetry/virtualenvs/src-il7asoJj-py3.13/lib/python3.13/site-packages/starlette/middleware/base.py", line 182, in __call__
    |     with recv_stream, send_stream, collapse_excgroups():
    |                                    ~~~~~~~~~~~~~~~~~~^^
    |   File "/usr/local/lib/python3.13/contextlib.py", line 162, in __exit__
    |     self.gen.throw(value)
    |     ~~~~~~~~~~~~~~^^^^^^^
    |   File "/root/.cache/pypoetry/virtualenvs/src-il7asoJj-py3.13/lib/python3.13/site-packages/starlette/_utils.py", line 83, in collapse_excgroups
    |     raise exc
    |   File "/root/.cache/pypoetry/virtualenvs/src-il7asoJj-py3.13/lib/python3.13/site-packages/starlette/middleware/base.py", line 184, in __call__
    |     response = await self.dispatch_func(request, call_next)
    |                ^^^^^^^^^^^^^^^^^^^^^^^^^^^^^^^^^^^^^^^^^^^^
    |   File "/main.py", line 164, in add_user_to_request
    |     response = await call_next(request)
    |                ^^^^^^^^^^^^^^^^^^^^^^^^
    |   File "/root/.cache/pypoetry/virtualenvs/src-il7asoJj-py3.13/lib/python3.13/site-packages/starlette/middleware/base.py", line 159, in call_next
    |     raise app_exc
    |   File "/root/.cache/pypoetry/virtualenvs/src-il7asoJj-py3.13/lib/python3.13/site-packages/starlette/middleware/base.py", line 144, in coro
    |     await self.app(scope, receive_or_disconnect, send_no_error)
    |   File "/root/.cache/pypoetry/virtualenvs/src-il7asoJj-py3.13/lib/python3.13/site-packages/starlette/middleware/cors.py", line 93, in __call__
    |     await self.simple_response(scope, receive, send, request_headers=headers)
    |   File "/root/.cache/pypoetry/virtualenvs/src-il7asoJj-py3.13/lib/python3.13/site-packages/starlette/middleware/cors.py", line 144, in simple_response
    |     await self.app(scope, receive, send)
    |   File "/root/.cache/pypoetry/virtualenvs/src-il7asoJj-py3.13/lib/python3.13/site-packages/starlette/middleware/exceptions.py", line 63, in __call__
    |     await wrap_app_handling_exceptions(self.app, conn)(scope, receive, send)
    |   File "/root/.cache/pypoetry/virtualenvs/src-il7asoJj-py3.13/lib/python3.13/site-packages/starlette/_exception_handler.py", line 53, in wrapped_app
    |     raise exc
    |   File "/root/.cache/pypoetry/virtualenvs/src-il7asoJj-py3.13/lib/python3.13/site-packages/starlette/_exception_handler.py", line 42, in wrapped_app
    |     await app(scope, receive, sender)
    |   File "/root/.cache/pypoetry/virtualenvs/src-il7asoJj-py3.13/lib/python3.13/site-packages/starlette/routing.py", line 716, in __call__
    |     await self.middleware_stack(scope, receive, send)
    |   File "/root/.cache/pypoetry/virtualenvs/src-il7asoJj-py3.13/lib/python3.13/site-packages/starlette/routing.py", line 736, in app
    |     await route.handle(scope, receive, send)
    |   File "/root/.cache/pypoetry/virtualenvs/src-il7asoJj-py3.13/lib/python3.13/site-packages/starlette/routing.py", line 290, in handle
    |     await self.app(scope, receive, send)
    |   File "/root/.cache/pypoetry/virtualenvs/src-il7asoJj-py3.13/lib/python3.13/site-packages/starlette/routing.py", line 78, in app
    |     await wrap_app_handling_exceptions(app, request)(scope, receive, send)
    |   File "/root/.cache/pypoetry/virtualenvs/src-il7asoJj-py3.13/lib/python3.13/site-packages/starlette/_exception_handler.py", line 53, in wrapped_app
    |     raise exc
    |   File "/root/.cache/pypoetry/virtualenvs/src-il7asoJj-py3.13/lib/python3.13/site-packages/starlette/_exception_handler.py", line 42, in wrapped_app
    |     await app(scope, receive, sender)
    |   File "/root/.cache/pypoetry/virtualenvs/src-il7asoJj-py3.13/lib/python3.13/site-packages/starlette/routing.py", line 75, in app
    |     response = await f(request)
    |                ^^^^^^^^^^^^^^^^
    |   File "/root/.cache/pypoetry/virtualenvs/src-il7asoJj-py3.13/lib/python3.13/site-packages/fastapi/routing.py", line 302, in app
    |     raw_response = await run_endpoint_function(
    |                    ^^^^^^^^^^^^^^^^^^^^^^^^^^^^
    |     ...<3 lines>...
    |     )
    |     ^
    |   File "/root/.cache/pypoetry/virtualenvs/src-il7asoJj-py3.13/lib/python3.13/site-packages/fastapi/routing.py", line 213, in run_endpoint_function
    |     return await dependant.call(**values)
    |            ^^^^^^^^^^^^^^^^^^^^^^^^^^^^^^
    |   File "/api_v1/routers/users.py", line 160, in get_current_user_profile
    |     created_at=datetime.now()
    |                ^^^^^^^^
    | NameError: name 'datetime' is not defined. Did you forget to import 'datetime'?
    +------------------------------------

During handling of the above exception, another exception occurred:

Traceback (most recent call last):
  File "/root/.cache/pypoetry/virtualenvs/src-il7asoJj-py3.13/lib/python3.13/site-packages/uvicorn/protocols/http/h11_impl.py", line 403, in run_asgi
    result = await app(  # type: ignore[func-returns-value]
             ^^^^^^^^^^^^^^^^^^^^^^^^^^^^^^^^^^^^^^^^^^^^^^
        self.scope, self.receive, self.send
        ^^^^^^^^^^^^^^^^^^^^^^^^^^^^^^^^^^^
    )
    ^
  File "/root/.cache/pypoetry/virtualenvs/src-il7asoJj-py3.13/lib/python3.13/site-packages/uvicorn/middleware/proxy_headers.py", line 60, in __call__
    return await self.app(scope, receive, send)
           ^^^^^^^^^^^^^^^^^^^^^^^^^^^^^^^^^^^^
  File "/root/.cache/pypoetry/virtualenvs/src-il7asoJj-py3.13/lib/python3.13/site-packages/fastapi/applications.py", line 1054, in __call__
    await super().__call__(scope, receive, send)
  File "/root/.cache/pypoetry/virtualenvs/src-il7asoJj-py3.13/lib/python3.13/site-packages/starlette/applications.py", line 113, in __call__
    await self.middleware_stack(scope, receive, send)
  File "/root/.cache/pypoetry/virtualenvs/src-il7asoJj-py3.13/lib/python3.13/site-packages/starlette/middleware/errors.py", line 176, in __call__
    response = await self.handler(request, exc)
               ^^^^^^^^^^^^^^^^^^^^^^^^^^^^^^^^
  File "/main.py", line 146, in general_database_exception_handler
    raise exc
  File "/root/.cache/pypoetry/virtualenvs/src-il7asoJj-py3.13/lib/python3.13/site-packages/starlette/middleware/errors.py", line 164, in __call__
    await self.app(scope, receive, _send)
  File "/root/.cache/pypoetry/virtualenvs/src-il7asoJj-py3.13/lib/python3.13/site-packages/starlette/middleware/base.py", line 182, in __call__
    with recv_stream, send_stream, collapse_excgroups():
                                   ~~~~~~~~~~~~~~~~~~^^
  File "/usr/local/lib/python3.13/contextlib.py", line 162, in __exit__
    self.gen.throw(value)
    ~~~~~~~~~~~~~~^^^^^^^
  File "/root/.cache/pypoetry/virtualenvs/src-il7asoJj-py3.13/lib/python3.13/site-packages/starlette/_utils.py", line 83, in collapse_excgroups
    raise exc
  File "/root/.cache/pypoetry/virtualenvs/src-il7asoJj-py3.13/lib/python3.13/site-packages/starlette/middleware/base.py", line 184, in __call__
    response = await self.dispatch_func(request, call_next)
               ^^^^^^^^^^^^^^^^^^^^^^^^^^^^^^^^^^^^^^^^^^^^
  File "/main.py", line 164, in add_user_to_request
    response = await call_next(request)
               ^^^^^^^^^^^^^^^^^^^^^^^^
  File "/root/.cache/pypoetry/virtualenvs/src-il7asoJj-py3.13/lib/python3.13/site-packages/starlette/middleware/base.py", line 159, in call_next
    raise app_exc
  File "/root/.cache/pypoetry/virtualenvs/src-il7asoJj-py3.13/lib/python3.13/site-packages/starlette/middleware/base.py", line 144, in coro
    await self.app(scope, receive_or_disconnect, send_no_error)
  File "/root/.cache/pypoetry/virtualenvs/src-il7asoJj-py3.13/lib/python3.13/site-packages/starlette/middleware/cors.py", line 93, in __call__
    await self.simple_response(scope, receive, send, request_headers=headers)
  File "/root/.cache/pypoetry/virtualenvs/src-il7asoJj-py3.13/lib/python3.13/site-packages/starlette/middleware/cors.py", line 144, in simple_response
    await self.app(scope, receive, send)
  File "/root/.cache/pypoetry/virtualenvs/src-il7asoJj-py3.13/lib/python3.13/site-packages/starlette/middleware/exceptions.py", line 63, in __call__
    await wrap_app_handling_exceptions(self.app, conn)(scope, receive, send)
  File "/root/.cache/pypoetry/virtualenvs/src-il7asoJj-py3.13/lib/python3.13/site-packages/starlette/_exception_handler.py", line 53, in wrapped_app
    raise exc
  File "/root/.cache/pypoetry/virtualenvs/src-il7asoJj-py3.13/lib/python3.13/site-packages/starlette/_exception_handler.py", line 42, in wrapped_app
    await app(scope, receive, sender)
  File "/root/.cache/pypoetry/virtualenvs/src-il7asoJj-py3.13/lib/python3.13/site-packages/starlette/routing.py", line 716, in __call__
    await self.middleware_stack(scope, receive, send)
  File "/root/.cache/pypoetry/virtualenvs/src-il7asoJj-py3.13/lib/python3.13/site-packages/starlette/routing.py", line 736, in app
    await route.handle(scope, receive, send)
  File "/root/.cache/pypoetry/virtualenvs/src-il7asoJj-py3.13/lib/python3.13/site-packages/starlette/routing.py", line 290, in handle
    await self.app(scope, receive, send)
  File "/root/.cache/pypoetry/virtualenvs/src-il7asoJj-py3.13/lib/python3.13/site-packages/starlette/routing.py", line 78, in app
    await wrap_app_handling_exceptions(app, request)(scope, receive, send)
  File "/root/.cache/pypoetry/virtualenvs/src-il7asoJj-py3.13/lib/python3.13/site-packages/starlette/_exception_handler.py", line 53, in wrapped_app
    raise exc
  File "/root/.cache/pypoetry/virtualenvs/src-il7asoJj-py3.13/lib/python3.13/site-packages/starlette/_exception_handler.py", line 42, in wrapped_app
    await app(scope, receive, sender)
  File "/root/.cache/pypoetry/virtualenvs/src-il7asoJj-py3.13/lib/python3.13/site-packages/starlette/routing.py", line 75, in app
    response = await f(request)
               ^^^^^^^^^^^^^^^^
  File "/root/.cache/pypoetry/virtualenvs/src-il7asoJj-py3.13/lib/python3.13/site-packages/fastapi/routing.py", line 302, in app
    raw_response = await run_endpoint_function(
                   ^^^^^^^^^^^^^^^^^^^^^^^^^^^^
    ...<3 lines>...
    )
    ^
  File "/root/.cache/pypoetry/virtualenvs/src-il7asoJj-py3.13/lib/python3.13/site-packages/fastapi/routing.py", line 213, in run_endpoint_function
    return await dependant.call(**values)
           ^^^^^^^^^^^^^^^^^^^^^^^^^^^^^^
  File "/api_v1/routers/users.py", line 160, in get_current_user_profile
    created_at=datetime.now()
               ^^^^^^^^
NameError: name 'datetime' is not defined. Did you forget to import 'datetime'?
2025-12-12 20:26:36 - uvicorn.access - INFO - 172.22.0.1:36900 - "GET /api/v1/users/me HTTP/1.1" 500
2025-12-12 20:26:37 - uvicorn.access - INFO - 172.22.0.1:36876 - "GET /api/v1/adverts/ HTTP/1.1" 200
2025-12-12 20:26:39 - uvicorn.access - INFO - 172.22.0.1:36902 - "GET /api/v1/adverts/ HTTP/1.1" 200
2025-12-12 20:27:39 - uvicorn.error - INFO - Shutting down
2025-12-12 20:27:39 - uvicorn.error - INFO - Waiting for application shutdown.
2025-12-12 20:27:39 - uvicorn.error - INFO - Application shutdown complete.
2025-12-12 20:27:39 - uvicorn.error - INFO - Finished server process [1]
2025-12-12 20:34:37 - root - INFO - Logging configuration loaded successfully
2025-12-12 20:34:38 - uvicorn.error - INFO - Started server process [1]
2025-12-12 20:34:38 - uvicorn.error - INFO - Waiting for application startup.
2025-12-12 20:34:38 - uvicorn.error - INFO - Application startup complete.
2025-12-12 20:34:38 - uvicorn.error - INFO - Uvicorn running on http://0.0.0.0:8000 (Press CTRL+C to quit)
2025-12-12 20:35:00 - uvicorn.access - INFO - 172.23.0.1:44258 - "GET /api/v1/adverts/ HTTP/1.1" 200
2025-12-12 20:35:01 - uvicorn.access - INFO - 172.23.0.1:44268 - "GET /api/v1/adverts/ HTTP/1.1" 200
2025-12-12 20:36:43 - uvicorn.access - INFO - 172.23.0.1:46258 - "OPTIONS /api/v1/users/login HTTP/1.1" 200
2025-12-12 20:36:44 - uvicorn.error - ERROR - Exception in ASGI application
  + Exception Group Traceback (most recent call last):
  |   File "/root/.cache/pypoetry/virtualenvs/src-il7asoJj-py3.13/lib/python3.13/site-packages/starlette/_utils.py", line 77, in collapse_excgroups
  |     yield
  |   File "/root/.cache/pypoetry/virtualenvs/src-il7asoJj-py3.13/lib/python3.13/site-packages/starlette/middleware/base.py", line 183, in __call__
  |     async with anyio.create_task_group() as task_group:
  |                ~~~~~~~~~~~~~~~~~~~~~~~^^
  |   File "/root/.cache/pypoetry/virtualenvs/src-il7asoJj-py3.13/lib/python3.13/site-packages/anyio/_backends/_asyncio.py", line 772, in __aexit__
  |     raise BaseExceptionGroup(
  |         "unhandled errors in a TaskGroup", self._exceptions
  |     ) from None
  | ExceptionGroup: unhandled errors in a TaskGroup (1 sub-exception)
  +-+---------------- 1 ----------------
    | Traceback (most recent call last):
    |   File "/root/.cache/pypoetry/virtualenvs/src-il7asoJj-py3.13/lib/python3.13/site-packages/uvicorn/protocols/http/h11_impl.py", line 403, in run_asgi
    |     result = await app(  # type: ignore[func-returns-value]
    |              ^^^^^^^^^^^^^^^^^^^^^^^^^^^^^^^^^^^^^^^^^^^^^^
    |         self.scope, self.receive, self.send
    |         ^^^^^^^^^^^^^^^^^^^^^^^^^^^^^^^^^^^
    |     )
    |     ^
    |   File "/root/.cache/pypoetry/virtualenvs/src-il7asoJj-py3.13/lib/python3.13/site-packages/uvicorn/middleware/proxy_headers.py", line 60, in __call__
    |     return await self.app(scope, receive, send)
    |            ^^^^^^^^^^^^^^^^^^^^^^^^^^^^^^^^^^^^
    |   File "/root/.cache/pypoetry/virtualenvs/src-il7asoJj-py3.13/lib/python3.13/site-packages/fastapi/applications.py", line 1054, in __call__
    |     await super().__call__(scope, receive, send)
    |   File "/root/.cache/pypoetry/virtualenvs/src-il7asoJj-py3.13/lib/python3.13/site-packages/starlette/applications.py", line 113, in __call__
    |     await self.middleware_stack(scope, receive, send)
    |   File "/root/.cache/pypoetry/virtualenvs/src-il7asoJj-py3.13/lib/python3.13/site-packages/starlette/middleware/errors.py", line 176, in __call__
    |     response = await self.handler(request, exc)
    |                ^^^^^^^^^^^^^^^^^^^^^^^^^^^^^^^^
    |   File "/main.py", line 146, in general_database_exception_handler
    |     raise exc
    |   File "/root/.cache/pypoetry/virtualenvs/src-il7asoJj-py3.13/lib/python3.13/site-packages/starlette/middleware/errors.py", line 164, in __call__
    |     await self.app(scope, receive, _send)
    |   File "/root/.cache/pypoetry/virtualenvs/src-il7asoJj-py3.13/lib/python3.13/site-packages/starlette/middleware/base.py", line 182, in __call__
    |     with recv_stream, send_stream, collapse_excgroups():
    |                                    ~~~~~~~~~~~~~~~~~~^^
    |   File "/usr/local/lib/python3.13/contextlib.py", line 162, in __exit__
    |     self.gen.throw(value)
    |     ~~~~~~~~~~~~~~^^^^^^^
    |   File "/root/.cache/pypoetry/virtualenvs/src-il7asoJj-py3.13/lib/python3.13/site-packages/starlette/_utils.py", line 83, in collapse_excgroups
    |     raise exc
    |   File "/root/.cache/pypoetry/virtualenvs/src-il7asoJj-py3.13/lib/python3.13/site-packages/starlette/middleware/base.py", line 184, in __call__
    |     response = await self.dispatch_func(request, call_next)
    |                ^^^^^^^^^^^^^^^^^^^^^^^^^^^^^^^^^^^^^^^^^^^^
    |   File "/main.py", line 164, in add_user_to_request
    |     response = await call_next(request)
    |                ^^^^^^^^^^^^^^^^^^^^^^^^
    |   File "/root/.cache/pypoetry/virtualenvs/src-il7asoJj-py3.13/lib/python3.13/site-packages/starlette/middleware/base.py", line 159, in call_next
    |     raise app_exc
    |   File "/root/.cache/pypoetry/virtualenvs/src-il7asoJj-py3.13/lib/python3.13/site-packages/starlette/middleware/base.py", line 144, in coro
    |     await self.app(scope, receive_or_disconnect, send_no_error)
    |   File "/root/.cache/pypoetry/virtualenvs/src-il7asoJj-py3.13/lib/python3.13/site-packages/starlette/middleware/cors.py", line 93, in __call__
    |     await self.simple_response(scope, receive, send, request_headers=headers)
    |   File "/root/.cache/pypoetry/virtualenvs/src-il7asoJj-py3.13/lib/python3.13/site-packages/starlette/middleware/cors.py", line 144, in simple_response
    |     await self.app(scope, receive, send)
    |   File "/root/.cache/pypoetry/virtualenvs/src-il7asoJj-py3.13/lib/python3.13/site-packages/starlette/middleware/exceptions.py", line 63, in __call__
    |     await wrap_app_handling_exceptions(self.app, conn)(scope, receive, send)
    |   File "/root/.cache/pypoetry/virtualenvs/src-il7asoJj-py3.13/lib/python3.13/site-packages/starlette/_exception_handler.py", line 53, in wrapped_app
    |     raise exc
    |   File "/root/.cache/pypoetry/virtualenvs/src-il7asoJj-py3.13/lib/python3.13/site-packages/starlette/_exception_handler.py", line 42, in wrapped_app
    |     await app(scope, receive, sender)
    |   File "/root/.cache/pypoetry/virtualenvs/src-il7asoJj-py3.13/lib/python3.13/site-packages/starlette/routing.py", line 716, in __call__
    |     await self.middleware_stack(scope, receive, send)
    |   File "/root/.cache/pypoetry/virtualenvs/src-il7asoJj-py3.13/lib/python3.13/site-packages/starlette/routing.py", line 736, in app
    |     await route.handle(scope, receive, send)
    |   File "/root/.cache/pypoetry/virtualenvs/src-il7asoJj-py3.13/lib/python3.13/site-packages/starlette/routing.py", line 290, in handle
    |     await self.app(scope, receive, send)
    |   File "/root/.cache/pypoetry/virtualenvs/src-il7asoJj-py3.13/lib/python3.13/site-packages/starlette/routing.py", line 78, in app
    |     await wrap_app_handling_exceptions(app, request)(scope, receive, send)
    |   File "/root/.cache/pypoetry/virtualenvs/src-il7asoJj-py3.13/lib/python3.13/site-packages/starlette/_exception_handler.py", line 53, in wrapped_app
    |     raise exc
    |   File "/root/.cache/pypoetry/virtualenvs/src-il7asoJj-py3.13/lib/python3.13/site-packages/starlette/_exception_handler.py", line 42, in wrapped_app
    |     await app(scope, receive, sender)
    |   File "/root/.cache/pypoetry/virtualenvs/src-il7asoJj-py3.13/lib/python3.13/site-packages/starlette/routing.py", line 75, in app
    |     response = await f(request)
    |                ^^^^^^^^^^^^^^^^
    |   File "/root/.cache/pypoetry/virtualenvs/src-il7asoJj-py3.13/lib/python3.13/site-packages/fastapi/routing.py", line 328, in app
    |     content = await serialize_response(
    |               ^^^^^^^^^^^^^^^^^^^^^^^^^
    |     ...<9 lines>...
    |     )
    |     ^
    |   File "/root/.cache/pypoetry/virtualenvs/src-il7asoJj-py3.13/lib/python3.13/site-packages/fastapi/routing.py", line 177, in serialize_response
    |     raise ResponseValidationError(
    |         errors=_normalize_errors(errors), body=response_content
    |     )
    | fastapi.exceptions.ResponseValidationError: 1 validation errors:
    |   {'type': 'model_attributes_type', 'loc': ('response',), 'msg': 'Input should be a valid dictionary or object to extract fields from', 'input': None}
    | 
    +------------------------------------

During handling of the above exception, another exception occurred:

Traceback (most recent call last):
  File "/root/.cache/pypoetry/virtualenvs/src-il7asoJj-py3.13/lib/python3.13/site-packages/uvicorn/protocols/http/h11_impl.py", line 403, in run_asgi
    result = await app(  # type: ignore[func-returns-value]
             ^^^^^^^^^^^^^^^^^^^^^^^^^^^^^^^^^^^^^^^^^^^^^^
        self.scope, self.receive, self.send
        ^^^^^^^^^^^^^^^^^^^^^^^^^^^^^^^^^^^
    )
    ^
  File "/root/.cache/pypoetry/virtualenvs/src-il7asoJj-py3.13/lib/python3.13/site-packages/uvicorn/middleware/proxy_headers.py", line 60, in __call__
    return await self.app(scope, receive, send)
           ^^^^^^^^^^^^^^^^^^^^^^^^^^^^^^^^^^^^
  File "/root/.cache/pypoetry/virtualenvs/src-il7asoJj-py3.13/lib/python3.13/site-packages/fastapi/applications.py", line 1054, in __call__
    await super().__call__(scope, receive, send)
  File "/root/.cache/pypoetry/virtualenvs/src-il7asoJj-py3.13/lib/python3.13/site-packages/starlette/applications.py", line 113, in __call__
    await self.middleware_stack(scope, receive, send)
  File "/root/.cache/pypoetry/virtualenvs/src-il7asoJj-py3.13/lib/python3.13/site-packages/starlette/middleware/errors.py", line 176, in __call__
    response = await self.handler(request, exc)
               ^^^^^^^^^^^^^^^^^^^^^^^^^^^^^^^^
  File "/main.py", line 146, in general_database_exception_handler
    raise exc
  File "/root/.cache/pypoetry/virtualenvs/src-il7asoJj-py3.13/lib/python3.13/site-packages/starlette/middleware/errors.py", line 164, in __call__
    await self.app(scope, receive, _send)
  File "/root/.cache/pypoetry/virtualenvs/src-il7asoJj-py3.13/lib/python3.13/site-packages/starlette/middleware/base.py", line 182, in __call__
    with recv_stream, send_stream, collapse_excgroups():
                                   ~~~~~~~~~~~~~~~~~~^^
  File "/usr/local/lib/python3.13/contextlib.py", line 162, in __exit__
    self.gen.throw(value)
    ~~~~~~~~~~~~~~^^^^^^^
  File "/root/.cache/pypoetry/virtualenvs/src-il7asoJj-py3.13/lib/python3.13/site-packages/starlette/_utils.py", line 83, in collapse_excgroups
    raise exc
  File "/root/.cache/pypoetry/virtualenvs/src-il7asoJj-py3.13/lib/python3.13/site-packages/starlette/middleware/base.py", line 184, in __call__
    response = await self.dispatch_func(request, call_next)
               ^^^^^^^^^^^^^^^^^^^^^^^^^^^^^^^^^^^^^^^^^^^^
  File "/main.py", line 164, in add_user_to_request
    response = await call_next(request)
               ^^^^^^^^^^^^^^^^^^^^^^^^
  File "/root/.cache/pypoetry/virtualenvs/src-il7asoJj-py3.13/lib/python3.13/site-packages/starlette/middleware/base.py", line 159, in call_next
    raise app_exc
  File "/root/.cache/pypoetry/virtualenvs/src-il7asoJj-py3.13/lib/python3.13/site-packages/starlette/middleware/base.py", line 144, in coro
    await self.app(scope, receive_or_disconnect, send_no_error)
  File "/root/.cache/pypoetry/virtualenvs/src-il7asoJj-py3.13/lib/python3.13/site-packages/starlette/middleware/cors.py", line 93, in __call__
    await self.simple_response(scope, receive, send, request_headers=headers)
  File "/root/.cache/pypoetry/virtualenvs/src-il7asoJj-py3.13/lib/python3.13/site-packages/starlette/middleware/cors.py", line 144, in simple_response
    await self.app(scope, receive, send)
  File "/root/.cache/pypoetry/virtualenvs/src-il7asoJj-py3.13/lib/python3.13/site-packages/starlette/middleware/exceptions.py", line 63, in __call__
    await wrap_app_handling_exceptions(self.app, conn)(scope, receive, send)
  File "/root/.cache/pypoetry/virtualenvs/src-il7asoJj-py3.13/lib/python3.13/site-packages/starlette/_exception_handler.py", line 53, in wrapped_app
    raise exc
  File "/root/.cache/pypoetry/virtualenvs/src-il7asoJj-py3.13/lib/python3.13/site-packages/starlette/_exception_handler.py", line 42, in wrapped_app
    await app(scope, receive, sender)
  File "/root/.cache/pypoetry/virtualenvs/src-il7asoJj-py3.13/lib/python3.13/site-packages/starlette/routing.py", line 716, in __call__
    await self.middleware_stack(scope, receive, send)
  File "/root/.cache/pypoetry/virtualenvs/src-il7asoJj-py3.13/lib/python3.13/site-packages/starlette/routing.py", line 736, in app
    await route.handle(scope, receive, send)
  File "/root/.cache/pypoetry/virtualenvs/src-il7asoJj-py3.13/lib/python3.13/site-packages/starlette/routing.py", line 290, in handle
    await self.app(scope, receive, send)
  File "/root/.cache/pypoetry/virtualenvs/src-il7asoJj-py3.13/lib/python3.13/site-packages/starlette/routing.py", line 78, in app
    await wrap_app_handling_exceptions(app, request)(scope, receive, send)
  File "/root/.cache/pypoetry/virtualenvs/src-il7asoJj-py3.13/lib/python3.13/site-packages/starlette/_exception_handler.py", line 53, in wrapped_app
    raise exc
  File "/root/.cache/pypoetry/virtualenvs/src-il7asoJj-py3.13/lib/python3.13/site-packages/starlette/_exception_handler.py", line 42, in wrapped_app
    await app(scope, receive, sender)
  File "/root/.cache/pypoetry/virtualenvs/src-il7asoJj-py3.13/lib/python3.13/site-packages/starlette/routing.py", line 75, in app
    response = await f(request)
               ^^^^^^^^^^^^^^^^
  File "/root/.cache/pypoetry/virtualenvs/src-il7asoJj-py3.13/lib/python3.13/site-packages/fastapi/routing.py", line 328, in app
    content = await serialize_response(
              ^^^^^^^^^^^^^^^^^^^^^^^^^
    ...<9 lines>...
    )
    ^
  File "/root/.cache/pypoetry/virtualenvs/src-il7asoJj-py3.13/lib/python3.13/site-packages/fastapi/routing.py", line 177, in serialize_response
    raise ResponseValidationError(
        errors=_normalize_errors(errors), body=response_content
    )
fastapi.exceptions.ResponseValidationError: 1 validation errors:
  {'type': 'model_attributes_type', 'loc': ('response',), 'msg': 'Input should be a valid dictionary or object to extract fields from', 'input': None}

2025-12-12 20:36:44 - uvicorn.access - INFO - 172.23.0.1:46272 - "POST /api/v1/users/login HTTP/1.1" 500
2025-12-12 20:38:46 - uvicorn.access - INFO - 172.23.0.1:51346 - "POST /api/v1/users/login HTTP/1.1" 200
2025-12-12 20:39:25 - uvicorn.access - INFO - 172.23.0.1:57152 - "OPTIONS /api/v1/adverts/created HTTP/1.1" 200
2025-12-12 20:39:25 - uvicorn.access - INFO - 172.23.0.1:57152 - "OPTIONS /api/v1/adverts/created HTTP/1.1" 405
2025-12-12 20:48:14 - uvicorn.error - INFO - Shutting down
2025-12-12 20:48:14 - uvicorn.error - INFO - Waiting for application shutdown.
2025-12-12 20:48:14 - uvicorn.error - INFO - Application shutdown complete.
2025-12-12 20:48:14 - uvicorn.error - INFO - Finished server process [1]
2025-12-12 20:50:36 - root - INFO - Logging configuration loaded successfully
2025-12-12 20:50:36 - uvicorn.error - INFO - Started server process [1]
2025-12-12 20:50:36 - uvicorn.error - INFO - Waiting for application startup.
2025-12-12 20:50:36 - uvicorn.error - INFO - Application startup complete.
2025-12-12 20:50:36 - uvicorn.error - INFO - Uvicorn running on http://0.0.0.0:8000 (Press CTRL+C to quit)
2025-12-12 20:51:34 - uvicorn.access - INFO - 172.24.0.1:44914 - "OPTIONS /api/v1/adverts/created HTTP/1.1" 200
2025-12-12 20:51:35 - uvicorn.access - INFO - 172.24.0.1:44928 - "OPTIONS /api/v1/adverts/created HTTP/1.1" 200
2025-12-12 20:52:16 - uvicorn.access - INFO - 172.24.0.1:57790 - "OPTIONS /api/v1/users/login HTTP/1.1" 200
2025-12-12 20:52:16 - uvicorn.access - INFO - 172.24.0.1:57790 - "POST /api/v1/users/login HTTP/1.1" 200
2025-12-12 20:52:39 - uvicorn.access - INFO - 172.24.0.1:57804 - "OPTIONS /api/v1/adverts/created HTTP/1.1" 200
2025-12-12 20:55:04 - uvicorn.error - INFO - Shutting down
2025-12-12 20:55:04 - uvicorn.error - INFO - Waiting for application shutdown.
2025-12-12 20:55:04 - uvicorn.error - INFO - Application shutdown complete.
2025-12-12 20:55:04 - uvicorn.error - INFO - Finished server process [1]
2025-12-12 21:14:28 - root - INFO - Logging configuration loaded successfully
2025-12-12 21:14:28 - uvicorn.error - INFO - Started server process [1]
2025-12-12 21:14:28 - uvicorn.error - INFO - Waiting for application startup.
2025-12-12 21:14:28 - uvicorn.error - INFO - Application startup complete.
2025-12-12 21:14:28 - uvicorn.error - INFO - Uvicorn running on http://0.0.0.0:8000 (Press CTRL+C to quit)
2025-12-12 21:19:56 - uvicorn.access - INFO - 172.26.0.1:34698 - "OPTIONS /api/v1/users/me HTTP/1.1" 200
2025-12-12 21:19:56 - uvicorn.access - INFO - 172.26.0.1:34712 - "OPTIONS /api/v1/users/me HTTP/1.1" 200
2025-12-12 21:19:56 - uvicorn.error - ERROR - Exception in ASGI application
  + Exception Group Traceback (most recent call last):
  |   File "/root/.cache/pypoetry/virtualenvs/src-il7asoJj-py3.13/lib/python3.13/site-packages/starlette/_utils.py", line 77, in collapse_excgroups
  |     yield
  |   File "/root/.cache/pypoetry/virtualenvs/src-il7asoJj-py3.13/lib/python3.13/site-packages/starlette/middleware/base.py", line 183, in __call__
  |     async with anyio.create_task_group() as task_group:
  |                ~~~~~~~~~~~~~~~~~~~~~~~^^
  |   File "/root/.cache/pypoetry/virtualenvs/src-il7asoJj-py3.13/lib/python3.13/site-packages/anyio/_backends/_asyncio.py", line 772, in __aexit__
  |     raise BaseExceptionGroup(
  |         "unhandled errors in a TaskGroup", self._exceptions
  |     ) from None
  | ExceptionGroup: unhandled errors in a TaskGroup (1 sub-exception)
  +-+---------------- 1 ----------------
    | Traceback (most recent call last):
    |   File "/root/.cache/pypoetry/virtualenvs/src-il7asoJj-py3.13/lib/python3.13/site-packages/uvicorn/protocols/http/h11_impl.py", line 403, in run_asgi
    |     result = await app(  # type: ignore[func-returns-value]
    |              ^^^^^^^^^^^^^^^^^^^^^^^^^^^^^^^^^^^^^^^^^^^^^^
    |         self.scope, self.receive, self.send
    |         ^^^^^^^^^^^^^^^^^^^^^^^^^^^^^^^^^^^
    |     )
    |     ^
    |   File "/root/.cache/pypoetry/virtualenvs/src-il7asoJj-py3.13/lib/python3.13/site-packages/uvicorn/middleware/proxy_headers.py", line 60, in __call__
    |     return await self.app(scope, receive, send)
    |            ^^^^^^^^^^^^^^^^^^^^^^^^^^^^^^^^^^^^
    |   File "/root/.cache/pypoetry/virtualenvs/src-il7asoJj-py3.13/lib/python3.13/site-packages/fastapi/applications.py", line 1054, in __call__
    |     await super().__call__(scope, receive, send)
    |   File "/root/.cache/pypoetry/virtualenvs/src-il7asoJj-py3.13/lib/python3.13/site-packages/starlette/applications.py", line 113, in __call__
    |     await self.middleware_stack(scope, receive, send)
    |   File "/root/.cache/pypoetry/virtualenvs/src-il7asoJj-py3.13/lib/python3.13/site-packages/starlette/middleware/errors.py", line 176, in __call__
    |     response = await self.handler(request, exc)
    |                ^^^^^^^^^^^^^^^^^^^^^^^^^^^^^^^^
    |   File "/main.py", line 146, in general_database_exception_handler
    |     raise exc
    |   File "/root/.cache/pypoetry/virtualenvs/src-il7asoJj-py3.13/lib/python3.13/site-packages/starlette/middleware/errors.py", line 164, in __call__
    |     await self.app(scope, receive, _send)
    |   File "/root/.cache/pypoetry/virtualenvs/src-il7asoJj-py3.13/lib/python3.13/site-packages/starlette/middleware/base.py", line 182, in __call__
    |     with recv_stream, send_stream, collapse_excgroups():
    |                                    ~~~~~~~~~~~~~~~~~~^^
    |   File "/usr/local/lib/python3.13/contextlib.py", line 162, in __exit__
    |     self.gen.throw(value)
    |     ~~~~~~~~~~~~~~^^^^^^^
    |   File "/root/.cache/pypoetry/virtualenvs/src-il7asoJj-py3.13/lib/python3.13/site-packages/starlette/_utils.py", line 83, in collapse_excgroups
    |     raise exc
    |   File "/root/.cache/pypoetry/virtualenvs/src-il7asoJj-py3.13/lib/python3.13/site-packages/starlette/middleware/base.py", line 184, in __call__
    |     response = await self.dispatch_func(request, call_next)
    |                ^^^^^^^^^^^^^^^^^^^^^^^^^^^^^^^^^^^^^^^^^^^^
    |   File "/main.py", line 164, in add_user_to_request
    |     response = await call_next(request)
    |                ^^^^^^^^^^^^^^^^^^^^^^^^
    |   File "/root/.cache/pypoetry/virtualenvs/src-il7asoJj-py3.13/lib/python3.13/site-packages/starlette/middleware/base.py", line 159, in call_next
    |     raise app_exc
    |   File "/root/.cache/pypoetry/virtualenvs/src-il7asoJj-py3.13/lib/python3.13/site-packages/starlette/middleware/base.py", line 144, in coro
    |     await self.app(scope, receive_or_disconnect, send_no_error)
    |   File "/root/.cache/pypoetry/virtualenvs/src-il7asoJj-py3.13/lib/python3.13/site-packages/starlette/middleware/cors.py", line 93, in __call__
    |     await self.simple_response(scope, receive, send, request_headers=headers)
    |   File "/root/.cache/pypoetry/virtualenvs/src-il7asoJj-py3.13/lib/python3.13/site-packages/starlette/middleware/cors.py", line 144, in simple_response
    |     await self.app(scope, receive, send)
    |   File "/root/.cache/pypoetry/virtualenvs/src-il7asoJj-py3.13/lib/python3.13/site-packages/starlette/middleware/exceptions.py", line 63, in __call__
    |     await wrap_app_handling_exceptions(self.app, conn)(scope, receive, send)
    |   File "/root/.cache/pypoetry/virtualenvs/src-il7asoJj-py3.13/lib/python3.13/site-packages/starlette/_exception_handler.py", line 53, in wrapped_app
    |     raise exc
    |   File "/root/.cache/pypoetry/virtualenvs/src-il7asoJj-py3.13/lib/python3.13/site-packages/starlette/_exception_handler.py", line 42, in wrapped_app
    |     await app(scope, receive, sender)
    |   File "/root/.cache/pypoetry/virtualenvs/src-il7asoJj-py3.13/lib/python3.13/site-packages/starlette/routing.py", line 716, in __call__
    |     await self.middleware_stack(scope, receive, send)
    |   File "/root/.cache/pypoetry/virtualenvs/src-il7asoJj-py3.13/lib/python3.13/site-packages/starlette/routing.py", line 736, in app
    |     await route.handle(scope, receive, send)
    |   File "/root/.cache/pypoetry/virtualenvs/src-il7asoJj-py3.13/lib/python3.13/site-packages/starlette/routing.py", line 290, in handle
    |     await self.app(scope, receive, send)
    |   File "/root/.cache/pypoetry/virtualenvs/src-il7asoJj-py3.13/lib/python3.13/site-packages/starlette/routing.py", line 78, in app
    |     await wrap_app_handling_exceptions(app, request)(scope, receive, send)
    |   File "/root/.cache/pypoetry/virtualenvs/src-il7asoJj-py3.13/lib/python3.13/site-packages/starlette/_exception_handler.py", line 53, in wrapped_app
    |     raise exc
    |   File "/root/.cache/pypoetry/virtualenvs/src-il7asoJj-py3.13/lib/python3.13/site-packages/starlette/_exception_handler.py", line 42, in wrapped_app
    |     await app(scope, receive, sender)
    |   File "/root/.cache/pypoetry/virtualenvs/src-il7asoJj-py3.13/lib/python3.13/site-packages/starlette/routing.py", line 75, in app
    |     response = await f(request)
    |                ^^^^^^^^^^^^^^^^
    |   File "/root/.cache/pypoetry/virtualenvs/src-il7asoJj-py3.13/lib/python3.13/site-packages/fastapi/routing.py", line 302, in app
    |     raw_response = await run_endpoint_function(
    |                    ^^^^^^^^^^^^^^^^^^^^^^^^^^^^
    |     ...<3 lines>...
    |     )
    |     ^
    |   File "/root/.cache/pypoetry/virtualenvs/src-il7asoJj-py3.13/lib/python3.13/site-packages/fastapi/routing.py", line 213, in run_endpoint_function
    |     return await dependant.call(**values)
    |            ^^^^^^^^^^^^^^^^^^^^^^^^^^^^^^
    |   File "/api_v1/routers/users.py", line 160, in get_current_user_profile
    |     created_at=datetime.now()
    |                ^^^^^^^^
    | NameError: name 'datetime' is not defined. Did you forget to import 'datetime'?
    +------------------------------------

During handling of the above exception, another exception occurred:

Traceback (most recent call last):
  File "/root/.cache/pypoetry/virtualenvs/src-il7asoJj-py3.13/lib/python3.13/site-packages/uvicorn/protocols/http/h11_impl.py", line 403, in run_asgi
    result = await app(  # type: ignore[func-returns-value]
             ^^^^^^^^^^^^^^^^^^^^^^^^^^^^^^^^^^^^^^^^^^^^^^
        self.scope, self.receive, self.send
        ^^^^^^^^^^^^^^^^^^^^^^^^^^^^^^^^^^^
    )
    ^
  File "/root/.cache/pypoetry/virtualenvs/src-il7asoJj-py3.13/lib/python3.13/site-packages/uvicorn/middleware/proxy_headers.py", line 60, in __call__
    return await self.app(scope, receive, send)
           ^^^^^^^^^^^^^^^^^^^^^^^^^^^^^^^^^^^^
  File "/root/.cache/pypoetry/virtualenvs/src-il7asoJj-py3.13/lib/python3.13/site-packages/fastapi/applications.py", line 1054, in __call__
    await super().__call__(scope, receive, send)
  File "/root/.cache/pypoetry/virtualenvs/src-il7asoJj-py3.13/lib/python3.13/site-packages/starlette/applications.py", line 113, in __call__
    await self.middleware_stack(scope, receive, send)
  File "/root/.cache/pypoetry/virtualenvs/src-il7asoJj-py3.13/lib/python3.13/site-packages/starlette/middleware/errors.py", line 176, in __call__
    response = await self.handler(request, exc)
               ^^^^^^^^^^^^^^^^^^^^^^^^^^^^^^^^
  File "/main.py", line 146, in general_database_exception_handler
    raise exc
  File "/root/.cache/pypoetry/virtualenvs/src-il7asoJj-py3.13/lib/python3.13/site-packages/starlette/middleware/errors.py", line 164, in __call__
    await self.app(scope, receive, _send)
  File "/root/.cache/pypoetry/virtualenvs/src-il7asoJj-py3.13/lib/python3.13/site-packages/starlette/middleware/base.py", line 182, in __call__
    with recv_stream, send_stream, collapse_excgroups():
                                   ~~~~~~~~~~~~~~~~~~^^
  File "/usr/local/lib/python3.13/contextlib.py", line 162, in __exit__
    self.gen.throw(value)
    ~~~~~~~~~~~~~~^^^^^^^
  File "/root/.cache/pypoetry/virtualenvs/src-il7asoJj-py3.13/lib/python3.13/site-packages/starlette/_utils.py", line 83, in collapse_excgroups
    raise exc
  File "/root/.cache/pypoetry/virtualenvs/src-il7asoJj-py3.13/lib/python3.13/site-packages/starlette/middleware/base.py", line 184, in __call__
    response = await self.dispatch_func(request, call_next)
               ^^^^^^^^^^^^^^^^^^^^^^^^^^^^^^^^^^^^^^^^^^^^
  File "/main.py", line 164, in add_user_to_request
    response = await call_next(request)
               ^^^^^^^^^^^^^^^^^^^^^^^^
  File "/root/.cache/pypoetry/virtualenvs/src-il7asoJj-py3.13/lib/python3.13/site-packages/starlette/middleware/base.py", line 159, in call_next
    raise app_exc
  File "/root/.cache/pypoetry/virtualenvs/src-il7asoJj-py3.13/lib/python3.13/site-packages/starlette/middleware/base.py", line 144, in coro
    await self.app(scope, receive_or_disconnect, send_no_error)
  File "/root/.cache/pypoetry/virtualenvs/src-il7asoJj-py3.13/lib/python3.13/site-packages/starlette/middleware/cors.py", line 93, in __call__
    await self.simple_response(scope, receive, send, request_headers=headers)
  File "/root/.cache/pypoetry/virtualenvs/src-il7asoJj-py3.13/lib/python3.13/site-packages/starlette/middleware/cors.py", line 144, in simple_response
    await self.app(scope, receive, send)
  File "/root/.cache/pypoetry/virtualenvs/src-il7asoJj-py3.13/lib/python3.13/site-packages/starlette/middleware/exceptions.py", line 63, in __call__
    await wrap_app_handling_exceptions(self.app, conn)(scope, receive, send)
  File "/root/.cache/pypoetry/virtualenvs/src-il7asoJj-py3.13/lib/python3.13/site-packages/starlette/_exception_handler.py", line 53, in wrapped_app
    raise exc
  File "/root/.cache/pypoetry/virtualenvs/src-il7asoJj-py3.13/lib/python3.13/site-packages/starlette/_exception_handler.py", line 42, in wrapped_app
    await app(scope, receive, sender)
  File "/root/.cache/pypoetry/virtualenvs/src-il7asoJj-py3.13/lib/python3.13/site-packages/starlette/routing.py", line 716, in __call__
    await self.middleware_stack(scope, receive, send)
  File "/root/.cache/pypoetry/virtualenvs/src-il7asoJj-py3.13/lib/python3.13/site-packages/starlette/routing.py", line 736, in app
    await route.handle(scope, receive, send)
  File "/root/.cache/pypoetry/virtualenvs/src-il7asoJj-py3.13/lib/python3.13/site-packages/starlette/routing.py", line 290, in handle
    await self.app(scope, receive, send)
  File "/root/.cache/pypoetry/virtualenvs/src-il7asoJj-py3.13/lib/python3.13/site-packages/starlette/routing.py", line 78, in app
    await wrap_app_handling_exceptions(app, request)(scope, receive, send)
  File "/root/.cache/pypoetry/virtualenvs/src-il7asoJj-py3.13/lib/python3.13/site-packages/starlette/_exception_handler.py", line 53, in wrapped_app
    raise exc
  File "/root/.cache/pypoetry/virtualenvs/src-il7asoJj-py3.13/lib/python3.13/site-packages/starlette/_exception_handler.py", line 42, in wrapped_app
    await app(scope, receive, sender)
  File "/root/.cache/pypoetry/virtualenvs/src-il7asoJj-py3.13/lib/python3.13/site-packages/starlette/routing.py", line 75, in app
    response = await f(request)
               ^^^^^^^^^^^^^^^^
  File "/root/.cache/pypoetry/virtualenvs/src-il7asoJj-py3.13/lib/python3.13/site-packages/fastapi/routing.py", line 302, in app
    raw_response = await run_endpoint_function(
                   ^^^^^^^^^^^^^^^^^^^^^^^^^^^^
    ...<3 lines>...
    )
    ^
  File "/root/.cache/pypoetry/virtualenvs/src-il7asoJj-py3.13/lib/python3.13/site-packages/fastapi/routing.py", line 213, in run_endpoint_function
    return await dependant.call(**values)
           ^^^^^^^^^^^^^^^^^^^^^^^^^^^^^^
  File "/api_v1/routers/users.py", line 160, in get_current_user_profile
    created_at=datetime.now()
               ^^^^^^^^
NameError: name 'datetime' is not defined. Did you forget to import 'datetime'?
2025-12-12 21:19:56 - uvicorn.access - INFO - 172.26.0.1:34720 - "GET /api/v1/users/me HTTP/1.1" 500
2025-12-12 21:19:56 - uvicorn.error - ERROR - Exception in ASGI application
  + Exception Group Traceback (most recent call last):
  |   File "/root/.cache/pypoetry/virtualenvs/src-il7asoJj-py3.13/lib/python3.13/site-packages/starlette/_utils.py", line 77, in collapse_excgroups
  |     yield
  |   File "/root/.cache/pypoetry/virtualenvs/src-il7asoJj-py3.13/lib/python3.13/site-packages/starlette/middleware/base.py", line 183, in __call__
  |     async with anyio.create_task_group() as task_group:
  |                ~~~~~~~~~~~~~~~~~~~~~~~^^
  |   File "/root/.cache/pypoetry/virtualenvs/src-il7asoJj-py3.13/lib/python3.13/site-packages/anyio/_backends/_asyncio.py", line 772, in __aexit__
  |     raise BaseExceptionGroup(
  |         "unhandled errors in a TaskGroup", self._exceptions
  |     ) from None
  | ExceptionGroup: unhandled errors in a TaskGroup (1 sub-exception)
  +-+---------------- 1 ----------------
    | Traceback (most recent call last):
    |   File "/root/.cache/pypoetry/virtualenvs/src-il7asoJj-py3.13/lib/python3.13/site-packages/uvicorn/protocols/http/h11_impl.py", line 403, in run_asgi
    |     result = await app(  # type: ignore[func-returns-value]
    |              ^^^^^^^^^^^^^^^^^^^^^^^^^^^^^^^^^^^^^^^^^^^^^^
    |         self.scope, self.receive, self.send
    |         ^^^^^^^^^^^^^^^^^^^^^^^^^^^^^^^^^^^
    |     )
    |     ^
    |   File "/root/.cache/pypoetry/virtualenvs/src-il7asoJj-py3.13/lib/python3.13/site-packages/uvicorn/middleware/proxy_headers.py", line 60, in __call__
    |     return await self.app(scope, receive, send)
    |            ^^^^^^^^^^^^^^^^^^^^^^^^^^^^^^^^^^^^
    |   File "/root/.cache/pypoetry/virtualenvs/src-il7asoJj-py3.13/lib/python3.13/site-packages/fastapi/applications.py", line 1054, in __call__
    |     await super().__call__(scope, receive, send)
    |   File "/root/.cache/pypoetry/virtualenvs/src-il7asoJj-py3.13/lib/python3.13/site-packages/starlette/applications.py", line 113, in __call__
    |     await self.middleware_stack(scope, receive, send)
    |   File "/root/.cache/pypoetry/virtualenvs/src-il7asoJj-py3.13/lib/python3.13/site-packages/starlette/middleware/errors.py", line 176, in __call__
    |     response = await self.handler(request, exc)
    |                ^^^^^^^^^^^^^^^^^^^^^^^^^^^^^^^^
    |   File "/main.py", line 146, in general_database_exception_handler
    |     raise exc
    |   File "/root/.cache/pypoetry/virtualenvs/src-il7asoJj-py3.13/lib/python3.13/site-packages/starlette/middleware/errors.py", line 164, in __call__
    |     await self.app(scope, receive, _send)
    |   File "/root/.cache/pypoetry/virtualenvs/src-il7asoJj-py3.13/lib/python3.13/site-packages/starlette/middleware/base.py", line 182, in __call__
    |     with recv_stream, send_stream, collapse_excgroups():
    |                                    ~~~~~~~~~~~~~~~~~~^^
    |   File "/usr/local/lib/python3.13/contextlib.py", line 162, in __exit__
    |     self.gen.throw(value)
    |     ~~~~~~~~~~~~~~^^^^^^^
    |   File "/root/.cache/pypoetry/virtualenvs/src-il7asoJj-py3.13/lib/python3.13/site-packages/starlette/_utils.py", line 83, in collapse_excgroups
    |     raise exc
    |   File "/root/.cache/pypoetry/virtualenvs/src-il7asoJj-py3.13/lib/python3.13/site-packages/starlette/middleware/base.py", line 184, in __call__
    |     response = await self.dispatch_func(request, call_next)
    |                ^^^^^^^^^^^^^^^^^^^^^^^^^^^^^^^^^^^^^^^^^^^^
    |   File "/main.py", line 164, in add_user_to_request
    |     response = await call_next(request)
    |                ^^^^^^^^^^^^^^^^^^^^^^^^
    |   File "/root/.cache/pypoetry/virtualenvs/src-il7asoJj-py3.13/lib/python3.13/site-packages/starlette/middleware/base.py", line 159, in call_next
    |     raise app_exc
    |   File "/root/.cache/pypoetry/virtualenvs/src-il7asoJj-py3.13/lib/python3.13/site-packages/starlette/middleware/base.py", line 144, in coro
    |     await self.app(scope, receive_or_disconnect, send_no_error)
    |   File "/root/.cache/pypoetry/virtualenvs/src-il7asoJj-py3.13/lib/python3.13/site-packages/starlette/middleware/cors.py", line 93, in __call__
    |     await self.simple_response(scope, receive, send, request_headers=headers)
    |   File "/root/.cache/pypoetry/virtualenvs/src-il7asoJj-py3.13/lib/python3.13/site-packages/starlette/middleware/cors.py", line 144, in simple_response
    |     await self.app(scope, receive, send)
    |   File "/root/.cache/pypoetry/virtualenvs/src-il7asoJj-py3.13/lib/python3.13/site-packages/starlette/middleware/exceptions.py", line 63, in __call__
    |     await wrap_app_handling_exceptions(self.app, conn)(scope, receive, send)
    |   File "/root/.cache/pypoetry/virtualenvs/src-il7asoJj-py3.13/lib/python3.13/site-packages/starlette/_exception_handler.py", line 53, in wrapped_app
    |     raise exc
    |   File "/root/.cache/pypoetry/virtualenvs/src-il7asoJj-py3.13/lib/python3.13/site-packages/starlette/_exception_handler.py", line 42, in wrapped_app
    |     await app(scope, receive, sender)
    |   File "/root/.cache/pypoetry/virtualenvs/src-il7asoJj-py3.13/lib/python3.13/site-packages/starlette/routing.py", line 716, in __call__
    |     await self.middleware_stack(scope, receive, send)
    |   File "/root/.cache/pypoetry/virtualenvs/src-il7asoJj-py3.13/lib/python3.13/site-packages/starlette/routing.py", line 736, in app
    |     await route.handle(scope, receive, send)
    |   File "/root/.cache/pypoetry/virtualenvs/src-il7asoJj-py3.13/lib/python3.13/site-packages/starlette/routing.py", line 290, in handle
    |     await self.app(scope, receive, send)
    |   File "/root/.cache/pypoetry/virtualenvs/src-il7asoJj-py3.13/lib/python3.13/site-packages/starlette/routing.py", line 78, in app
    |     await wrap_app_handling_exceptions(app, request)(scope, receive, send)
    |   File "/root/.cache/pypoetry/virtualenvs/src-il7asoJj-py3.13/lib/python3.13/site-packages/starlette/_exception_handler.py", line 53, in wrapped_app
    |     raise exc
    |   File "/root/.cache/pypoetry/virtualenvs/src-il7asoJj-py3.13/lib/python3.13/site-packages/starlette/_exception_handler.py", line 42, in wrapped_app
    |     await app(scope, receive, sender)
    |   File "/root/.cache/pypoetry/virtualenvs/src-il7asoJj-py3.13/lib/python3.13/site-packages/starlette/routing.py", line 75, in app
    |     response = await f(request)
    |                ^^^^^^^^^^^^^^^^
    |   File "/root/.cache/pypoetry/virtualenvs/src-il7asoJj-py3.13/lib/python3.13/site-packages/fastapi/routing.py", line 302, in app
    |     raw_response = await run_endpoint_function(
    |                    ^^^^^^^^^^^^^^^^^^^^^^^^^^^^
    |     ...<3 lines>...
    |     )
    |     ^
    |   File "/root/.cache/pypoetry/virtualenvs/src-il7asoJj-py3.13/lib/python3.13/site-packages/fastapi/routing.py", line 213, in run_endpoint_function
    |     return await dependant.call(**values)
    |            ^^^^^^^^^^^^^^^^^^^^^^^^^^^^^^
    |   File "/api_v1/routers/users.py", line 160, in get_current_user_profile
    |     created_at=datetime.now()
    |                ^^^^^^^^
    | NameError: name 'datetime' is not defined. Did you forget to import 'datetime'?
    +------------------------------------

During handling of the above exception, another exception occurred:

Traceback (most recent call last):
  File "/root/.cache/pypoetry/virtualenvs/src-il7asoJj-py3.13/lib/python3.13/site-packages/uvicorn/protocols/http/h11_impl.py", line 403, in run_asgi
    result = await app(  # type: ignore[func-returns-value]
             ^^^^^^^^^^^^^^^^^^^^^^^^^^^^^^^^^^^^^^^^^^^^^^
        self.scope, self.receive, self.send
        ^^^^^^^^^^^^^^^^^^^^^^^^^^^^^^^^^^^
    )
    ^
  File "/root/.cache/pypoetry/virtualenvs/src-il7asoJj-py3.13/lib/python3.13/site-packages/uvicorn/middleware/proxy_headers.py", line 60, in __call__
    return await self.app(scope, receive, send)
           ^^^^^^^^^^^^^^^^^^^^^^^^^^^^^^^^^^^^
  File "/root/.cache/pypoetry/virtualenvs/src-il7asoJj-py3.13/lib/python3.13/site-packages/fastapi/applications.py", line 1054, in __call__
    await super().__call__(scope, receive, send)
  File "/root/.cache/pypoetry/virtualenvs/src-il7asoJj-py3.13/lib/python3.13/site-packages/starlette/applications.py", line 113, in __call__
    await self.middleware_stack(scope, receive, send)
  File "/root/.cache/pypoetry/virtualenvs/src-il7asoJj-py3.13/lib/python3.13/site-packages/starlette/middleware/errors.py", line 176, in __call__
    response = await self.handler(request, exc)
               ^^^^^^^^^^^^^^^^^^^^^^^^^^^^^^^^
  File "/main.py", line 146, in general_database_exception_handler
    raise exc
  File "/root/.cache/pypoetry/virtualenvs/src-il7asoJj-py3.13/lib/python3.13/site-packages/starlette/middleware/errors.py", line 164, in __call__
    await self.app(scope, receive, _send)
  File "/root/.cache/pypoetry/virtualenvs/src-il7asoJj-py3.13/lib/python3.13/site-packages/starlette/middleware/base.py", line 182, in __call__
    with recv_stream, send_stream, collapse_excgroups():
                                   ~~~~~~~~~~~~~~~~~~^^
  File "/usr/local/lib/python3.13/contextlib.py", line 162, in __exit__
    self.gen.throw(value)
    ~~~~~~~~~~~~~~^^^^^^^
  File "/root/.cache/pypoetry/virtualenvs/src-il7asoJj-py3.13/lib/python3.13/site-packages/starlette/_utils.py", line 83, in collapse_excgroups
    raise exc
  File "/root/.cache/pypoetry/virtualenvs/src-il7asoJj-py3.13/lib/python3.13/site-packages/starlette/middleware/base.py", line 184, in __call__
    response = await self.dispatch_func(request, call_next)
               ^^^^^^^^^^^^^^^^^^^^^^^^^^^^^^^^^^^^^^^^^^^^
  File "/main.py", line 164, in add_user_to_request
    response = await call_next(request)
               ^^^^^^^^^^^^^^^^^^^^^^^^
  File "/root/.cache/pypoetry/virtualenvs/src-il7asoJj-py3.13/lib/python3.13/site-packages/starlette/middleware/base.py", line 159, in call_next
    raise app_exc
  File "/root/.cache/pypoetry/virtualenvs/src-il7asoJj-py3.13/lib/python3.13/site-packages/starlette/middleware/base.py", line 144, in coro
    await self.app(scope, receive_or_disconnect, send_no_error)
  File "/root/.cache/pypoetry/virtualenvs/src-il7asoJj-py3.13/lib/python3.13/site-packages/starlette/middleware/cors.py", line 93, in __call__
    await self.simple_response(scope, receive, send, request_headers=headers)
  File "/root/.cache/pypoetry/virtualenvs/src-il7asoJj-py3.13/lib/python3.13/site-packages/starlette/middleware/cors.py", line 144, in simple_response
    await self.app(scope, receive, send)
  File "/root/.cache/pypoetry/virtualenvs/src-il7asoJj-py3.13/lib/python3.13/site-packages/starlette/middleware/exceptions.py", line 63, in __call__
    await wrap_app_handling_exceptions(self.app, conn)(scope, receive, send)
  File "/root/.cache/pypoetry/virtualenvs/src-il7asoJj-py3.13/lib/python3.13/site-packages/starlette/_exception_handler.py", line 53, in wrapped_app
    raise exc
  File "/root/.cache/pypoetry/virtualenvs/src-il7asoJj-py3.13/lib/python3.13/site-packages/starlette/_exception_handler.py", line 42, in wrapped_app
    await app(scope, receive, sender)
  File "/root/.cache/pypoetry/virtualenvs/src-il7asoJj-py3.13/lib/python3.13/site-packages/starlette/routing.py", line 716, in __call__
    await self.middleware_stack(scope, receive, send)
  File "/root/.cache/pypoetry/virtualenvs/src-il7asoJj-py3.13/lib/python3.13/site-packages/starlette/routing.py", line 736, in app
    await route.handle(scope, receive, send)
  File "/root/.cache/pypoetry/virtualenvs/src-il7asoJj-py3.13/lib/python3.13/site-packages/starlette/routing.py", line 290, in handle
    await self.app(scope, receive, send)
  File "/root/.cache/pypoetry/virtualenvs/src-il7asoJj-py3.13/lib/python3.13/site-packages/starlette/routing.py", line 78, in app
    await wrap_app_handling_exceptions(app, request)(scope, receive, send)
  File "/root/.cache/pypoetry/virtualenvs/src-il7asoJj-py3.13/lib/python3.13/site-packages/starlette/_exception_handler.py", line 53, in wrapped_app
    raise exc
  File "/root/.cache/pypoetry/virtualenvs/src-il7asoJj-py3.13/lib/python3.13/site-packages/starlette/_exception_handler.py", line 42, in wrapped_app
    await app(scope, receive, sender)
  File "/root/.cache/pypoetry/virtualenvs/src-il7asoJj-py3.13/lib/python3.13/site-packages/starlette/routing.py", line 75, in app
    response = await f(request)
               ^^^^^^^^^^^^^^^^
  File "/root/.cache/pypoetry/virtualenvs/src-il7asoJj-py3.13/lib/python3.13/site-packages/fastapi/routing.py", line 302, in app
    raw_response = await run_endpoint_function(
                   ^^^^^^^^^^^^^^^^^^^^^^^^^^^^
    ...<3 lines>...
    )
    ^
  File "/root/.cache/pypoetry/virtualenvs/src-il7asoJj-py3.13/lib/python3.13/site-packages/fastapi/routing.py", line 213, in run_endpoint_function
    return await dependant.call(**values)
           ^^^^^^^^^^^^^^^^^^^^^^^^^^^^^^
  File "/api_v1/routers/users.py", line 160, in get_current_user_profile
    created_at=datetime.now()
               ^^^^^^^^
NameError: name 'datetime' is not defined. Did you forget to import 'datetime'?
2025-12-12 21:19:56 - uvicorn.access - INFO - 172.26.0.1:34712 - "GET /api/v1/users/me HTTP/1.1" 500
2025-12-12 21:19:56 - uvicorn.error - ERROR - Exception in ASGI application
  + Exception Group Traceback (most recent call last):
  |   File "/root/.cache/pypoetry/virtualenvs/src-il7asoJj-py3.13/lib/python3.13/site-packages/starlette/_utils.py", line 77, in collapse_excgroups
  |     yield
  |   File "/root/.cache/pypoetry/virtualenvs/src-il7asoJj-py3.13/lib/python3.13/site-packages/starlette/middleware/base.py", line 183, in __call__
  |     async with anyio.create_task_group() as task_group:
  |                ~~~~~~~~~~~~~~~~~~~~~~~^^
  |   File "/root/.cache/pypoetry/virtualenvs/src-il7asoJj-py3.13/lib/python3.13/site-packages/anyio/_backends/_asyncio.py", line 772, in __aexit__
  |     raise BaseExceptionGroup(
  |         "unhandled errors in a TaskGroup", self._exceptions
  |     ) from None
  | ExceptionGroup: unhandled errors in a TaskGroup (1 sub-exception)
  +-+---------------- 1 ----------------
    | Traceback (most recent call last):
    |   File "/root/.cache/pypoetry/virtualenvs/src-il7asoJj-py3.13/lib/python3.13/site-packages/uvicorn/protocols/http/h11_impl.py", line 403, in run_asgi
    |     result = await app(  # type: ignore[func-returns-value]
    |              ^^^^^^^^^^^^^^^^^^^^^^^^^^^^^^^^^^^^^^^^^^^^^^
    |         self.scope, self.receive, self.send
    |         ^^^^^^^^^^^^^^^^^^^^^^^^^^^^^^^^^^^
    |     )
    |     ^
    |   File "/root/.cache/pypoetry/virtualenvs/src-il7asoJj-py3.13/lib/python3.13/site-packages/uvicorn/middleware/proxy_headers.py", line 60, in __call__
    |     return await self.app(scope, receive, send)
    |            ^^^^^^^^^^^^^^^^^^^^^^^^^^^^^^^^^^^^
    |   File "/root/.cache/pypoetry/virtualenvs/src-il7asoJj-py3.13/lib/python3.13/site-packages/fastapi/applications.py", line 1054, in __call__
    |     await super().__call__(scope, receive, send)
    |   File "/root/.cache/pypoetry/virtualenvs/src-il7asoJj-py3.13/lib/python3.13/site-packages/starlette/applications.py", line 113, in __call__
    |     await self.middleware_stack(scope, receive, send)
    |   File "/root/.cache/pypoetry/virtualenvs/src-il7asoJj-py3.13/lib/python3.13/site-packages/starlette/middleware/errors.py", line 176, in __call__
    |     response = await self.handler(request, exc)
    |                ^^^^^^^^^^^^^^^^^^^^^^^^^^^^^^^^
    |   File "/main.py", line 146, in general_database_exception_handler
    |     raise exc
    |   File "/root/.cache/pypoetry/virtualenvs/src-il7asoJj-py3.13/lib/python3.13/site-packages/starlette/middleware/errors.py", line 164, in __call__
    |     await self.app(scope, receive, _send)
    |   File "/root/.cache/pypoetry/virtualenvs/src-il7asoJj-py3.13/lib/python3.13/site-packages/starlette/middleware/base.py", line 182, in __call__
    |     with recv_stream, send_stream, collapse_excgroups():
    |                                    ~~~~~~~~~~~~~~~~~~^^
    |   File "/usr/local/lib/python3.13/contextlib.py", line 162, in __exit__
    |     self.gen.throw(value)
    |     ~~~~~~~~~~~~~~^^^^^^^
    |   File "/root/.cache/pypoetry/virtualenvs/src-il7asoJj-py3.13/lib/python3.13/site-packages/starlette/_utils.py", line 83, in collapse_excgroups
    |     raise exc
    |   File "/root/.cache/pypoetry/virtualenvs/src-il7asoJj-py3.13/lib/python3.13/site-packages/starlette/middleware/base.py", line 184, in __call__
    |     response = await self.dispatch_func(request, call_next)
    |                ^^^^^^^^^^^^^^^^^^^^^^^^^^^^^^^^^^^^^^^^^^^^
    |   File "/main.py", line 164, in add_user_to_request
    |     response = await call_next(request)
    |                ^^^^^^^^^^^^^^^^^^^^^^^^
    |   File "/root/.cache/pypoetry/virtualenvs/src-il7asoJj-py3.13/lib/python3.13/site-packages/starlette/middleware/base.py", line 159, in call_next
    |     raise app_exc
    |   File "/root/.cache/pypoetry/virtualenvs/src-il7asoJj-py3.13/lib/python3.13/site-packages/starlette/middleware/base.py", line 144, in coro
    |     await self.app(scope, receive_or_disconnect, send_no_error)
    |   File "/root/.cache/pypoetry/virtualenvs/src-il7asoJj-py3.13/lib/python3.13/site-packages/starlette/middleware/cors.py", line 93, in __call__
    |     await self.simple_response(scope, receive, send, request_headers=headers)
    |   File "/root/.cache/pypoetry/virtualenvs/src-il7asoJj-py3.13/lib/python3.13/site-packages/starlette/middleware/cors.py", line 144, in simple_response
    |     await self.app(scope, receive, send)
    |   File "/root/.cache/pypoetry/virtualenvs/src-il7asoJj-py3.13/lib/python3.13/site-packages/starlette/middleware/exceptions.py", line 63, in __call__
    |     await wrap_app_handling_exceptions(self.app, conn)(scope, receive, send)
    |   File "/root/.cache/pypoetry/virtualenvs/src-il7asoJj-py3.13/lib/python3.13/site-packages/starlette/_exception_handler.py", line 53, in wrapped_app
    |     raise exc
    |   File "/root/.cache/pypoetry/virtualenvs/src-il7asoJj-py3.13/lib/python3.13/site-packages/starlette/_exception_handler.py", line 42, in wrapped_app
    |     await app(scope, receive, sender)
    |   File "/root/.cache/pypoetry/virtualenvs/src-il7asoJj-py3.13/lib/python3.13/site-packages/starlette/routing.py", line 716, in __call__
    |     await self.middleware_stack(scope, receive, send)
    |   File "/root/.cache/pypoetry/virtualenvs/src-il7asoJj-py3.13/lib/python3.13/site-packages/starlette/routing.py", line 736, in app
    |     await route.handle(scope, receive, send)
    |   File "/root/.cache/pypoetry/virtualenvs/src-il7asoJj-py3.13/lib/python3.13/site-packages/starlette/routing.py", line 290, in handle
    |     await self.app(scope, receive, send)
    |   File "/root/.cache/pypoetry/virtualenvs/src-il7asoJj-py3.13/lib/python3.13/site-packages/starlette/routing.py", line 78, in app
    |     await wrap_app_handling_exceptions(app, request)(scope, receive, send)
    |   File "/root/.cache/pypoetry/virtualenvs/src-il7asoJj-py3.13/lib/python3.13/site-packages/starlette/_exception_handler.py", line 53, in wrapped_app
    |     raise exc
    |   File "/root/.cache/pypoetry/virtualenvs/src-il7asoJj-py3.13/lib/python3.13/site-packages/starlette/_exception_handler.py", line 42, in wrapped_app
    |     await app(scope, receive, sender)
    |   File "/root/.cache/pypoetry/virtualenvs/src-il7asoJj-py3.13/lib/python3.13/site-packages/starlette/routing.py", line 75, in app
    |     response = await f(request)
    |                ^^^^^^^^^^^^^^^^
    |   File "/root/.cache/pypoetry/virtualenvs/src-il7asoJj-py3.13/lib/python3.13/site-packages/fastapi/routing.py", line 302, in app
    |     raw_response = await run_endpoint_function(
    |                    ^^^^^^^^^^^^^^^^^^^^^^^^^^^^
    |     ...<3 lines>...
    |     )
    |     ^
    |   File "/root/.cache/pypoetry/virtualenvs/src-il7asoJj-py3.13/lib/python3.13/site-packages/fastapi/routing.py", line 213, in run_endpoint_function
    |     return await dependant.call(**values)
    |            ^^^^^^^^^^^^^^^^^^^^^^^^^^^^^^
    |   File "/api_v1/routers/users.py", line 160, in get_current_user_profile
    |     created_at=datetime.now()
    |                ^^^^^^^^
    | NameError: name 'datetime' is not defined. Did you forget to import 'datetime'?
    +------------------------------------

During handling of the above exception, another exception occurred:

Traceback (most recent call last):
  File "/root/.cache/pypoetry/virtualenvs/src-il7asoJj-py3.13/lib/python3.13/site-packages/uvicorn/protocols/http/h11_impl.py", line 403, in run_asgi
    result = await app(  # type: ignore[func-returns-value]
             ^^^^^^^^^^^^^^^^^^^^^^^^^^^^^^^^^^^^^^^^^^^^^^
        self.scope, self.receive, self.send
        ^^^^^^^^^^^^^^^^^^^^^^^^^^^^^^^^^^^
    )
    ^
  File "/root/.cache/pypoetry/virtualenvs/src-il7asoJj-py3.13/lib/python3.13/site-packages/uvicorn/middleware/proxy_headers.py", line 60, in __call__
    return await self.app(scope, receive, send)
           ^^^^^^^^^^^^^^^^^^^^^^^^^^^^^^^^^^^^
  File "/root/.cache/pypoetry/virtualenvs/src-il7asoJj-py3.13/lib/python3.13/site-packages/fastapi/applications.py", line 1054, in __call__
    await super().__call__(scope, receive, send)
  File "/root/.cache/pypoetry/virtualenvs/src-il7asoJj-py3.13/lib/python3.13/site-packages/starlette/applications.py", line 113, in __call__
    await self.middleware_stack(scope, receive, send)
  File "/root/.cache/pypoetry/virtualenvs/src-il7asoJj-py3.13/lib/python3.13/site-packages/starlette/middleware/errors.py", line 176, in __call__
    response = await self.handler(request, exc)
               ^^^^^^^^^^^^^^^^^^^^^^^^^^^^^^^^
  File "/main.py", line 146, in general_database_exception_handler
    raise exc
  File "/root/.cache/pypoetry/virtualenvs/src-il7asoJj-py3.13/lib/python3.13/site-packages/starlette/middleware/errors.py", line 164, in __call__
    await self.app(scope, receive, _send)
  File "/root/.cache/pypoetry/virtualenvs/src-il7asoJj-py3.13/lib/python3.13/site-packages/starlette/middleware/base.py", line 182, in __call__
    with recv_stream, send_stream, collapse_excgroups():
                                   ~~~~~~~~~~~~~~~~~~^^
  File "/usr/local/lib/python3.13/contextlib.py", line 162, in __exit__
    self.gen.throw(value)
    ~~~~~~~~~~~~~~^^^^^^^
  File "/root/.cache/pypoetry/virtualenvs/src-il7asoJj-py3.13/lib/python3.13/site-packages/starlette/_utils.py", line 83, in collapse_excgroups
    raise exc
  File "/root/.cache/pypoetry/virtualenvs/src-il7asoJj-py3.13/lib/python3.13/site-packages/starlette/middleware/base.py", line 184, in __call__
    response = await self.dispatch_func(request, call_next)
               ^^^^^^^^^^^^^^^^^^^^^^^^^^^^^^^^^^^^^^^^^^^^
  File "/main.py", line 164, in add_user_to_request
    response = await call_next(request)
               ^^^^^^^^^^^^^^^^^^^^^^^^
  File "/root/.cache/pypoetry/virtualenvs/src-il7asoJj-py3.13/lib/python3.13/site-packages/starlette/middleware/base.py", line 159, in call_next
    raise app_exc
  File "/root/.cache/pypoetry/virtualenvs/src-il7asoJj-py3.13/lib/python3.13/site-packages/starlette/middleware/base.py", line 144, in coro
    await self.app(scope, receive_or_disconnect, send_no_error)
  File "/root/.cache/pypoetry/virtualenvs/src-il7asoJj-py3.13/lib/python3.13/site-packages/starlette/middleware/cors.py", line 93, in __call__
    await self.simple_response(scope, receive, send, request_headers=headers)
  File "/root/.cache/pypoetry/virtualenvs/src-il7asoJj-py3.13/lib/python3.13/site-packages/starlette/middleware/cors.py", line 144, in simple_response
    await self.app(scope, receive, send)
  File "/root/.cache/pypoetry/virtualenvs/src-il7asoJj-py3.13/lib/python3.13/site-packages/starlette/middleware/exceptions.py", line 63, in __call__
    await wrap_app_handling_exceptions(self.app, conn)(scope, receive, send)
  File "/root/.cache/pypoetry/virtualenvs/src-il7asoJj-py3.13/lib/python3.13/site-packages/starlette/_exception_handler.py", line 53, in wrapped_app
    raise exc
  File "/root/.cache/pypoetry/virtualenvs/src-il7asoJj-py3.13/lib/python3.13/site-packages/starlette/_exception_handler.py", line 42, in wrapped_app
    await app(scope, receive, sender)
  File "/root/.cache/pypoetry/virtualenvs/src-il7asoJj-py3.13/lib/python3.13/site-packages/starlette/routing.py", line 716, in __call__
    await self.middleware_stack(scope, receive, send)
  File "/root/.cache/pypoetry/virtualenvs/src-il7asoJj-py3.13/lib/python3.13/site-packages/starlette/routing.py", line 736, in app
    await route.handle(scope, receive, send)
  File "/root/.cache/pypoetry/virtualenvs/src-il7asoJj-py3.13/lib/python3.13/site-packages/starlette/routing.py", line 290, in handle
    await self.app(scope, receive, send)
  File "/root/.cache/pypoetry/virtualenvs/src-il7asoJj-py3.13/lib/python3.13/site-packages/starlette/routing.py", line 78, in app
    await wrap_app_handling_exceptions(app, request)(scope, receive, send)
  File "/root/.cache/pypoetry/virtualenvs/src-il7asoJj-py3.13/lib/python3.13/site-packages/starlette/_exception_handler.py", line 53, in wrapped_app
    raise exc
  File "/root/.cache/pypoetry/virtualenvs/src-il7asoJj-py3.13/lib/python3.13/site-packages/starlette/_exception_handler.py", line 42, in wrapped_app
    await app(scope, receive, sender)
  File "/root/.cache/pypoetry/virtualenvs/src-il7asoJj-py3.13/lib/python3.13/site-packages/starlette/routing.py", line 75, in app
    response = await f(request)
               ^^^^^^^^^^^^^^^^
  File "/root/.cache/pypoetry/virtualenvs/src-il7asoJj-py3.13/lib/python3.13/site-packages/fastapi/routing.py", line 302, in app
    raw_response = await run_endpoint_function(
                   ^^^^^^^^^^^^^^^^^^^^^^^^^^^^
    ...<3 lines>...
    )
    ^
  File "/root/.cache/pypoetry/virtualenvs/src-il7asoJj-py3.13/lib/python3.13/site-packages/fastapi/routing.py", line 213, in run_endpoint_function
    return await dependant.call(**values)
           ^^^^^^^^^^^^^^^^^^^^^^^^^^^^^^
  File "/api_v1/routers/users.py", line 160, in get_current_user_profile
    created_at=datetime.now()
               ^^^^^^^^
NameError: name 'datetime' is not defined. Did you forget to import 'datetime'?
2025-12-12 21:19:56 - uvicorn.access - INFO - 172.26.0.1:34698 - "GET /api/v1/users/me HTTP/1.1" 500
2025-12-12 21:19:56 - uvicorn.error - ERROR - Exception in ASGI application
  + Exception Group Traceback (most recent call last):
  |   File "/root/.cache/pypoetry/virtualenvs/src-il7asoJj-py3.13/lib/python3.13/site-packages/starlette/_utils.py", line 77, in collapse_excgroups
  |     yield
  |   File "/root/.cache/pypoetry/virtualenvs/src-il7asoJj-py3.13/lib/python3.13/site-packages/starlette/middleware/base.py", line 183, in __call__
  |     async with anyio.create_task_group() as task_group:
  |                ~~~~~~~~~~~~~~~~~~~~~~~^^
  |   File "/root/.cache/pypoetry/virtualenvs/src-il7asoJj-py3.13/lib/python3.13/site-packages/anyio/_backends/_asyncio.py", line 772, in __aexit__
  |     raise BaseExceptionGroup(
  |         "unhandled errors in a TaskGroup", self._exceptions
  |     ) from None
  | ExceptionGroup: unhandled errors in a TaskGroup (1 sub-exception)
  +-+---------------- 1 ----------------
    | Traceback (most recent call last):
    |   File "/root/.cache/pypoetry/virtualenvs/src-il7asoJj-py3.13/lib/python3.13/site-packages/uvicorn/protocols/http/h11_impl.py", line 403, in run_asgi
    |     result = await app(  # type: ignore[func-returns-value]
    |              ^^^^^^^^^^^^^^^^^^^^^^^^^^^^^^^^^^^^^^^^^^^^^^
    |         self.scope, self.receive, self.send
    |         ^^^^^^^^^^^^^^^^^^^^^^^^^^^^^^^^^^^
    |     )
    |     ^
    |   File "/root/.cache/pypoetry/virtualenvs/src-il7asoJj-py3.13/lib/python3.13/site-packages/uvicorn/middleware/proxy_headers.py", line 60, in __call__
    |     return await self.app(scope, receive, send)
    |            ^^^^^^^^^^^^^^^^^^^^^^^^^^^^^^^^^^^^
    |   File "/root/.cache/pypoetry/virtualenvs/src-il7asoJj-py3.13/lib/python3.13/site-packages/fastapi/applications.py", line 1054, in __call__
    |     await super().__call__(scope, receive, send)
    |   File "/root/.cache/pypoetry/virtualenvs/src-il7asoJj-py3.13/lib/python3.13/site-packages/starlette/applications.py", line 113, in __call__
    |     await self.middleware_stack(scope, receive, send)
    |   File "/root/.cache/pypoetry/virtualenvs/src-il7asoJj-py3.13/lib/python3.13/site-packages/starlette/middleware/errors.py", line 176, in __call__
    |     response = await self.handler(request, exc)
    |                ^^^^^^^^^^^^^^^^^^^^^^^^^^^^^^^^
    |   File "/main.py", line 146, in general_database_exception_handler
    |     raise exc
    |   File "/root/.cache/pypoetry/virtualenvs/src-il7asoJj-py3.13/lib/python3.13/site-packages/starlette/middleware/errors.py", line 164, in __call__
    |     await self.app(scope, receive, _send)
    |   File "/root/.cache/pypoetry/virtualenvs/src-il7asoJj-py3.13/lib/python3.13/site-packages/starlette/middleware/base.py", line 182, in __call__
    |     with recv_stream, send_stream, collapse_excgroups():
    |                                    ~~~~~~~~~~~~~~~~~~^^
    |   File "/usr/local/lib/python3.13/contextlib.py", line 162, in __exit__
    |     self.gen.throw(value)
    |     ~~~~~~~~~~~~~~^^^^^^^
    |   File "/root/.cache/pypoetry/virtualenvs/src-il7asoJj-py3.13/lib/python3.13/site-packages/starlette/_utils.py", line 83, in collapse_excgroups
    |     raise exc
    |   File "/root/.cache/pypoetry/virtualenvs/src-il7asoJj-py3.13/lib/python3.13/site-packages/starlette/middleware/base.py", line 184, in __call__
    |     response = await self.dispatch_func(request, call_next)
    |                ^^^^^^^^^^^^^^^^^^^^^^^^^^^^^^^^^^^^^^^^^^^^
    |   File "/main.py", line 164, in add_user_to_request
    |     response = await call_next(request)
    |                ^^^^^^^^^^^^^^^^^^^^^^^^
    |   File "/root/.cache/pypoetry/virtualenvs/src-il7asoJj-py3.13/lib/python3.13/site-packages/starlette/middleware/base.py", line 159, in call_next
    |     raise app_exc
    |   File "/root/.cache/pypoetry/virtualenvs/src-il7asoJj-py3.13/lib/python3.13/site-packages/starlette/middleware/base.py", line 144, in coro
    |     await self.app(scope, receive_or_disconnect, send_no_error)
    |   File "/root/.cache/pypoetry/virtualenvs/src-il7asoJj-py3.13/lib/python3.13/site-packages/starlette/middleware/cors.py", line 93, in __call__
    |     await self.simple_response(scope, receive, send, request_headers=headers)
    |   File "/root/.cache/pypoetry/virtualenvs/src-il7asoJj-py3.13/lib/python3.13/site-packages/starlette/middleware/cors.py", line 144, in simple_response
    |     await self.app(scope, receive, send)
    |   File "/root/.cache/pypoetry/virtualenvs/src-il7asoJj-py3.13/lib/python3.13/site-packages/starlette/middleware/exceptions.py", line 63, in __call__
    |     await wrap_app_handling_exceptions(self.app, conn)(scope, receive, send)
    |   File "/root/.cache/pypoetry/virtualenvs/src-il7asoJj-py3.13/lib/python3.13/site-packages/starlette/_exception_handler.py", line 53, in wrapped_app
    |     raise exc
    |   File "/root/.cache/pypoetry/virtualenvs/src-il7asoJj-py3.13/lib/python3.13/site-packages/starlette/_exception_handler.py", line 42, in wrapped_app
    |     await app(scope, receive, sender)
    |   File "/root/.cache/pypoetry/virtualenvs/src-il7asoJj-py3.13/lib/python3.13/site-packages/starlette/routing.py", line 716, in __call__
    |     await self.middleware_stack(scope, receive, send)
    |   File "/root/.cache/pypoetry/virtualenvs/src-il7asoJj-py3.13/lib/python3.13/site-packages/starlette/routing.py", line 736, in app
    |     await route.handle(scope, receive, send)
    |   File "/root/.cache/pypoetry/virtualenvs/src-il7asoJj-py3.13/lib/python3.13/site-packages/starlette/routing.py", line 290, in handle
    |     await self.app(scope, receive, send)
    |   File "/root/.cache/pypoetry/virtualenvs/src-il7asoJj-py3.13/lib/python3.13/site-packages/starlette/routing.py", line 78, in app
    |     await wrap_app_handling_exceptions(app, request)(scope, receive, send)
    |   File "/root/.cache/pypoetry/virtualenvs/src-il7asoJj-py3.13/lib/python3.13/site-packages/starlette/_exception_handler.py", line 53, in wrapped_app
    |     raise exc
    |   File "/root/.cache/pypoetry/virtualenvs/src-il7asoJj-py3.13/lib/python3.13/site-packages/starlette/_exception_handler.py", line 42, in wrapped_app
    |     await app(scope, receive, sender)
    |   File "/root/.cache/pypoetry/virtualenvs/src-il7asoJj-py3.13/lib/python3.13/site-packages/starlette/routing.py", line 75, in app
    |     response = await f(request)
    |                ^^^^^^^^^^^^^^^^
    |   File "/root/.cache/pypoetry/virtualenvs/src-il7asoJj-py3.13/lib/python3.13/site-packages/fastapi/routing.py", line 302, in app
    |     raw_response = await run_endpoint_function(
    |                    ^^^^^^^^^^^^^^^^^^^^^^^^^^^^
    |     ...<3 lines>...
    |     )
    |     ^
    |   File "/root/.cache/pypoetry/virtualenvs/src-il7asoJj-py3.13/lib/python3.13/site-packages/fastapi/routing.py", line 213, in run_endpoint_function
    |     return await dependant.call(**values)
    |            ^^^^^^^^^^^^^^^^^^^^^^^^^^^^^^
    |   File "/api_v1/routers/users.py", line 160, in get_current_user_profile
    |     created_at=datetime.now()
    |                ^^^^^^^^
    | NameError: name 'datetime' is not defined. Did you forget to import 'datetime'?
    +------------------------------------

During handling of the above exception, another exception occurred:

Traceback (most recent call last):
  File "/root/.cache/pypoetry/virtualenvs/src-il7asoJj-py3.13/lib/python3.13/site-packages/uvicorn/protocols/http/h11_impl.py", line 403, in run_asgi
    result = await app(  # type: ignore[func-returns-value]
             ^^^^^^^^^^^^^^^^^^^^^^^^^^^^^^^^^^^^^^^^^^^^^^
        self.scope, self.receive, self.send
        ^^^^^^^^^^^^^^^^^^^^^^^^^^^^^^^^^^^
    )
    ^
  File "/root/.cache/pypoetry/virtualenvs/src-il7asoJj-py3.13/lib/python3.13/site-packages/uvicorn/middleware/proxy_headers.py", line 60, in __call__
    return await self.app(scope, receive, send)
           ^^^^^^^^^^^^^^^^^^^^^^^^^^^^^^^^^^^^
  File "/root/.cache/pypoetry/virtualenvs/src-il7asoJj-py3.13/lib/python3.13/site-packages/fastapi/applications.py", line 1054, in __call__
    await super().__call__(scope, receive, send)
  File "/root/.cache/pypoetry/virtualenvs/src-il7asoJj-py3.13/lib/python3.13/site-packages/starlette/applications.py", line 113, in __call__
    await self.middleware_stack(scope, receive, send)
  File "/root/.cache/pypoetry/virtualenvs/src-il7asoJj-py3.13/lib/python3.13/site-packages/starlette/middleware/errors.py", line 176, in __call__
    response = await self.handler(request, exc)
               ^^^^^^^^^^^^^^^^^^^^^^^^^^^^^^^^
  File "/main.py", line 146, in general_database_exception_handler
    raise exc
  File "/root/.cache/pypoetry/virtualenvs/src-il7asoJj-py3.13/lib/python3.13/site-packages/starlette/middleware/errors.py", line 164, in __call__
    await self.app(scope, receive, _send)
  File "/root/.cache/pypoetry/virtualenvs/src-il7asoJj-py3.13/lib/python3.13/site-packages/starlette/middleware/base.py", line 182, in __call__
    with recv_stream, send_stream, collapse_excgroups():
                                   ~~~~~~~~~~~~~~~~~~^^
  File "/usr/local/lib/python3.13/contextlib.py", line 162, in __exit__
    self.gen.throw(value)
    ~~~~~~~~~~~~~~^^^^^^^
  File "/root/.cache/pypoetry/virtualenvs/src-il7asoJj-py3.13/lib/python3.13/site-packages/starlette/_utils.py", line 83, in collapse_excgroups
    raise exc
  File "/root/.cache/pypoetry/virtualenvs/src-il7asoJj-py3.13/lib/python3.13/site-packages/starlette/middleware/base.py", line 184, in __call__
    response = await self.dispatch_func(request, call_next)
               ^^^^^^^^^^^^^^^^^^^^^^^^^^^^^^^^^^^^^^^^^^^^
  File "/main.py", line 164, in add_user_to_request
    response = await call_next(request)
               ^^^^^^^^^^^^^^^^^^^^^^^^
  File "/root/.cache/pypoetry/virtualenvs/src-il7asoJj-py3.13/lib/python3.13/site-packages/starlette/middleware/base.py", line 159, in call_next
    raise app_exc
  File "/root/.cache/pypoetry/virtualenvs/src-il7asoJj-py3.13/lib/python3.13/site-packages/starlette/middleware/base.py", line 144, in coro
    await self.app(scope, receive_or_disconnect, send_no_error)
  File "/root/.cache/pypoetry/virtualenvs/src-il7asoJj-py3.13/lib/python3.13/site-packages/starlette/middleware/cors.py", line 93, in __call__
    await self.simple_response(scope, receive, send, request_headers=headers)
  File "/root/.cache/pypoetry/virtualenvs/src-il7asoJj-py3.13/lib/python3.13/site-packages/starlette/middleware/cors.py", line 144, in simple_response
    await self.app(scope, receive, send)
  File "/root/.cache/pypoetry/virtualenvs/src-il7asoJj-py3.13/lib/python3.13/site-packages/starlette/middleware/exceptions.py", line 63, in __call__
    await wrap_app_handling_exceptions(self.app, conn)(scope, receive, send)
  File "/root/.cache/pypoetry/virtualenvs/src-il7asoJj-py3.13/lib/python3.13/site-packages/starlette/_exception_handler.py", line 53, in wrapped_app
    raise exc
  File "/root/.cache/pypoetry/virtualenvs/src-il7asoJj-py3.13/lib/python3.13/site-packages/starlette/_exception_handler.py", line 42, in wrapped_app
    await app(scope, receive, sender)
  File "/root/.cache/pypoetry/virtualenvs/src-il7asoJj-py3.13/lib/python3.13/site-packages/starlette/routing.py", line 716, in __call__
    await self.middleware_stack(scope, receive, send)
  File "/root/.cache/pypoetry/virtualenvs/src-il7asoJj-py3.13/lib/python3.13/site-packages/starlette/routing.py", line 736, in app
    await route.handle(scope, receive, send)
  File "/root/.cache/pypoetry/virtualenvs/src-il7asoJj-py3.13/lib/python3.13/site-packages/starlette/routing.py", line 290, in handle
    await self.app(scope, receive, send)
  File "/root/.cache/pypoetry/virtualenvs/src-il7asoJj-py3.13/lib/python3.13/site-packages/starlette/routing.py", line 78, in app
    await wrap_app_handling_exceptions(app, request)(scope, receive, send)
  File "/root/.cache/pypoetry/virtualenvs/src-il7asoJj-py3.13/lib/python3.13/site-packages/starlette/_exception_handler.py", line 53, in wrapped_app
    raise exc
  File "/root/.cache/pypoetry/virtualenvs/src-il7asoJj-py3.13/lib/python3.13/site-packages/starlette/_exception_handler.py", line 42, in wrapped_app
    await app(scope, receive, sender)
  File "/root/.cache/pypoetry/virtualenvs/src-il7asoJj-py3.13/lib/python3.13/site-packages/starlette/routing.py", line 75, in app
    response = await f(request)
               ^^^^^^^^^^^^^^^^
  File "/root/.cache/pypoetry/virtualenvs/src-il7asoJj-py3.13/lib/python3.13/site-packages/fastapi/routing.py", line 302, in app
    raw_response = await run_endpoint_function(
                   ^^^^^^^^^^^^^^^^^^^^^^^^^^^^
    ...<3 lines>...
    )
    ^
  File "/root/.cache/pypoetry/virtualenvs/src-il7asoJj-py3.13/lib/python3.13/site-packages/fastapi/routing.py", line 213, in run_endpoint_function
    return await dependant.call(**values)
           ^^^^^^^^^^^^^^^^^^^^^^^^^^^^^^
  File "/api_v1/routers/users.py", line 160, in get_current_user_profile
    created_at=datetime.now()
               ^^^^^^^^
NameError: name 'datetime' is not defined. Did you forget to import 'datetime'?
2025-12-12 21:19:57 - uvicorn.access - INFO - 172.26.0.1:34722 - "GET /api/v1/users/me HTTP/1.1" 500
2025-12-12 21:19:58 - uvicorn.access - INFO - 172.26.0.1:34690 - "GET /api/v1/adverts/ HTTP/1.1" 200
2025-12-12 21:19:59 - uvicorn.access - INFO - 172.26.0.1:34730 - "GET /api/v1/adverts/ HTTP/1.1" 200
2025-12-12 21:21:48 - uvicorn.access - INFO - 172.26.0.1:50926 - "GET /api/v1/adverts/ HTTP/1.1" 200
2025-12-12 21:21:49 - uvicorn.access - INFO - 172.26.0.1:50926 - "GET /api/v1/adverts/ HTTP/1.1" 200
2025-12-12 21:24:08 - uvicorn.access - INFO - 172.26.0.1:40960 - "OPTIONS /api/v1/users/login HTTP/1.1" 200
2025-12-12 21:24:10 - uvicorn.error - ERROR - Exception in ASGI application
  + Exception Group Traceback (most recent call last):
  |   File "/root/.cache/pypoetry/virtualenvs/src-il7asoJj-py3.13/lib/python3.13/site-packages/starlette/_utils.py", line 77, in collapse_excgroups
  |     yield
  |   File "/root/.cache/pypoetry/virtualenvs/src-il7asoJj-py3.13/lib/python3.13/site-packages/starlette/middleware/base.py", line 183, in __call__
  |     async with anyio.create_task_group() as task_group:
  |                ~~~~~~~~~~~~~~~~~~~~~~~^^
  |   File "/root/.cache/pypoetry/virtualenvs/src-il7asoJj-py3.13/lib/python3.13/site-packages/anyio/_backends/_asyncio.py", line 772, in __aexit__
  |     raise BaseExceptionGroup(
  |         "unhandled errors in a TaskGroup", self._exceptions
  |     ) from None
  | ExceptionGroup: unhandled errors in a TaskGroup (1 sub-exception)
  +-+---------------- 1 ----------------
    | Traceback (most recent call last):
    |   File "/root/.cache/pypoetry/virtualenvs/src-il7asoJj-py3.13/lib/python3.13/site-packages/uvicorn/protocols/http/h11_impl.py", line 403, in run_asgi
    |     result = await app(  # type: ignore[func-returns-value]
    |              ^^^^^^^^^^^^^^^^^^^^^^^^^^^^^^^^^^^^^^^^^^^^^^
    |         self.scope, self.receive, self.send
    |         ^^^^^^^^^^^^^^^^^^^^^^^^^^^^^^^^^^^
    |     )
    |     ^
    |   File "/root/.cache/pypoetry/virtualenvs/src-il7asoJj-py3.13/lib/python3.13/site-packages/uvicorn/middleware/proxy_headers.py", line 60, in __call__
    |     return await self.app(scope, receive, send)
    |            ^^^^^^^^^^^^^^^^^^^^^^^^^^^^^^^^^^^^
    |   File "/root/.cache/pypoetry/virtualenvs/src-il7asoJj-py3.13/lib/python3.13/site-packages/fastapi/applications.py", line 1054, in __call__
    |     await super().__call__(scope, receive, send)
    |   File "/root/.cache/pypoetry/virtualenvs/src-il7asoJj-py3.13/lib/python3.13/site-packages/starlette/applications.py", line 113, in __call__
    |     await self.middleware_stack(scope, receive, send)
    |   File "/root/.cache/pypoetry/virtualenvs/src-il7asoJj-py3.13/lib/python3.13/site-packages/starlette/middleware/errors.py", line 176, in __call__
    |     response = await self.handler(request, exc)
    |                ^^^^^^^^^^^^^^^^^^^^^^^^^^^^^^^^
    |   File "/main.py", line 146, in general_database_exception_handler
    |     raise exc
    |   File "/root/.cache/pypoetry/virtualenvs/src-il7asoJj-py3.13/lib/python3.13/site-packages/starlette/middleware/errors.py", line 164, in __call__
    |     await self.app(scope, receive, _send)
    |   File "/root/.cache/pypoetry/virtualenvs/src-il7asoJj-py3.13/lib/python3.13/site-packages/starlette/middleware/base.py", line 182, in __call__
    |     with recv_stream, send_stream, collapse_excgroups():
    |                                    ~~~~~~~~~~~~~~~~~~^^
    |   File "/usr/local/lib/python3.13/contextlib.py", line 162, in __exit__
    |     self.gen.throw(value)
    |     ~~~~~~~~~~~~~~^^^^^^^
    |   File "/root/.cache/pypoetry/virtualenvs/src-il7asoJj-py3.13/lib/python3.13/site-packages/starlette/_utils.py", line 83, in collapse_excgroups
    |     raise exc
    |   File "/root/.cache/pypoetry/virtualenvs/src-il7asoJj-py3.13/lib/python3.13/site-packages/starlette/middleware/base.py", line 184, in __call__
    |     response = await self.dispatch_func(request, call_next)
    |                ^^^^^^^^^^^^^^^^^^^^^^^^^^^^^^^^^^^^^^^^^^^^
    |   File "/main.py", line 164, in add_user_to_request
    |     response = await call_next(request)
    |                ^^^^^^^^^^^^^^^^^^^^^^^^
    |   File "/root/.cache/pypoetry/virtualenvs/src-il7asoJj-py3.13/lib/python3.13/site-packages/starlette/middleware/base.py", line 159, in call_next
    |     raise app_exc
    |   File "/root/.cache/pypoetry/virtualenvs/src-il7asoJj-py3.13/lib/python3.13/site-packages/starlette/middleware/base.py", line 144, in coro
    |     await self.app(scope, receive_or_disconnect, send_no_error)
    |   File "/root/.cache/pypoetry/virtualenvs/src-il7asoJj-py3.13/lib/python3.13/site-packages/starlette/middleware/cors.py", line 93, in __call__
    |     await self.simple_response(scope, receive, send, request_headers=headers)
    |   File "/root/.cache/pypoetry/virtualenvs/src-il7asoJj-py3.13/lib/python3.13/site-packages/starlette/middleware/cors.py", line 144, in simple_response
    |     await self.app(scope, receive, send)
    |   File "/root/.cache/pypoetry/virtualenvs/src-il7asoJj-py3.13/lib/python3.13/site-packages/starlette/middleware/exceptions.py", line 63, in __call__
    |     await wrap_app_handling_exceptions(self.app, conn)(scope, receive, send)
    |   File "/root/.cache/pypoetry/virtualenvs/src-il7asoJj-py3.13/lib/python3.13/site-packages/starlette/_exception_handler.py", line 53, in wrapped_app
    |     raise exc
    |   File "/root/.cache/pypoetry/virtualenvs/src-il7asoJj-py3.13/lib/python3.13/site-packages/starlette/_exception_handler.py", line 42, in wrapped_app
    |     await app(scope, receive, sender)
    |   File "/root/.cache/pypoetry/virtualenvs/src-il7asoJj-py3.13/lib/python3.13/site-packages/starlette/routing.py", line 716, in __call__
    |     await self.middleware_stack(scope, receive, send)
    |   File "/root/.cache/pypoetry/virtualenvs/src-il7asoJj-py3.13/lib/python3.13/site-packages/starlette/routing.py", line 736, in app
    |     await route.handle(scope, receive, send)
    |   File "/root/.cache/pypoetry/virtualenvs/src-il7asoJj-py3.13/lib/python3.13/site-packages/starlette/routing.py", line 290, in handle
    |     await self.app(scope, receive, send)
    |   File "/root/.cache/pypoetry/virtualenvs/src-il7asoJj-py3.13/lib/python3.13/site-packages/starlette/routing.py", line 78, in app
    |     await wrap_app_handling_exceptions(app, request)(scope, receive, send)
    |   File "/root/.cache/pypoetry/virtualenvs/src-il7asoJj-py3.13/lib/python3.13/site-packages/starlette/_exception_handler.py", line 53, in wrapped_app
    |     raise exc
    |   File "/root/.cache/pypoetry/virtualenvs/src-il7asoJj-py3.13/lib/python3.13/site-packages/starlette/_exception_handler.py", line 42, in wrapped_app
    |     await app(scope, receive, sender)
    |   File "/root/.cache/pypoetry/virtualenvs/src-il7asoJj-py3.13/lib/python3.13/site-packages/starlette/routing.py", line 75, in app
    |     response = await f(request)
    |                ^^^^^^^^^^^^^^^^
    |   File "/root/.cache/pypoetry/virtualenvs/src-il7asoJj-py3.13/lib/python3.13/site-packages/fastapi/routing.py", line 328, in app
    |     content = await serialize_response(
    |               ^^^^^^^^^^^^^^^^^^^^^^^^^
    |     ...<9 lines>...
    |     )
    |     ^
    |   File "/root/.cache/pypoetry/virtualenvs/src-il7asoJj-py3.13/lib/python3.13/site-packages/fastapi/routing.py", line 177, in serialize_response
    |     raise ResponseValidationError(
    |         errors=_normalize_errors(errors), body=response_content
    |     )
    | fastapi.exceptions.ResponseValidationError: 1 validation errors:
    |   {'type': 'model_attributes_type', 'loc': ('response',), 'msg': 'Input should be a valid dictionary or object to extract fields from', 'input': None}
    | 
    +------------------------------------

During handling of the above exception, another exception occurred:

Traceback (most recent call last):
  File "/root/.cache/pypoetry/virtualenvs/src-il7asoJj-py3.13/lib/python3.13/site-packages/uvicorn/protocols/http/h11_impl.py", line 403, in run_asgi
    result = await app(  # type: ignore[func-returns-value]
             ^^^^^^^^^^^^^^^^^^^^^^^^^^^^^^^^^^^^^^^^^^^^^^
        self.scope, self.receive, self.send
        ^^^^^^^^^^^^^^^^^^^^^^^^^^^^^^^^^^^
    )
    ^
  File "/root/.cache/pypoetry/virtualenvs/src-il7asoJj-py3.13/lib/python3.13/site-packages/uvicorn/middleware/proxy_headers.py", line 60, in __call__
    return await self.app(scope, receive, send)
           ^^^^^^^^^^^^^^^^^^^^^^^^^^^^^^^^^^^^
  File "/root/.cache/pypoetry/virtualenvs/src-il7asoJj-py3.13/lib/python3.13/site-packages/fastapi/applications.py", line 1054, in __call__
    await super().__call__(scope, receive, send)
  File "/root/.cache/pypoetry/virtualenvs/src-il7asoJj-py3.13/lib/python3.13/site-packages/starlette/applications.py", line 113, in __call__
    await self.middleware_stack(scope, receive, send)
  File "/root/.cache/pypoetry/virtualenvs/src-il7asoJj-py3.13/lib/python3.13/site-packages/starlette/middleware/errors.py", line 176, in __call__
    response = await self.handler(request, exc)
               ^^^^^^^^^^^^^^^^^^^^^^^^^^^^^^^^
  File "/main.py", line 146, in general_database_exception_handler
    raise exc
  File "/root/.cache/pypoetry/virtualenvs/src-il7asoJj-py3.13/lib/python3.13/site-packages/starlette/middleware/errors.py", line 164, in __call__
    await self.app(scope, receive, _send)
  File "/root/.cache/pypoetry/virtualenvs/src-il7asoJj-py3.13/lib/python3.13/site-packages/starlette/middleware/base.py", line 182, in __call__
    with recv_stream, send_stream, collapse_excgroups():
                                   ~~~~~~~~~~~~~~~~~~^^
  File "/usr/local/lib/python3.13/contextlib.py", line 162, in __exit__
    self.gen.throw(value)
    ~~~~~~~~~~~~~~^^^^^^^
  File "/root/.cache/pypoetry/virtualenvs/src-il7asoJj-py3.13/lib/python3.13/site-packages/starlette/_utils.py", line 83, in collapse_excgroups
    raise exc
  File "/root/.cache/pypoetry/virtualenvs/src-il7asoJj-py3.13/lib/python3.13/site-packages/starlette/middleware/base.py", line 184, in __call__
    response = await self.dispatch_func(request, call_next)
               ^^^^^^^^^^^^^^^^^^^^^^^^^^^^^^^^^^^^^^^^^^^^
  File "/main.py", line 164, in add_user_to_request
    response = await call_next(request)
               ^^^^^^^^^^^^^^^^^^^^^^^^
  File "/root/.cache/pypoetry/virtualenvs/src-il7asoJj-py3.13/lib/python3.13/site-packages/starlette/middleware/base.py", line 159, in call_next
    raise app_exc
  File "/root/.cache/pypoetry/virtualenvs/src-il7asoJj-py3.13/lib/python3.13/site-packages/starlette/middleware/base.py", line 144, in coro
    await self.app(scope, receive_or_disconnect, send_no_error)
  File "/root/.cache/pypoetry/virtualenvs/src-il7asoJj-py3.13/lib/python3.13/site-packages/starlette/middleware/cors.py", line 93, in __call__
    await self.simple_response(scope, receive, send, request_headers=headers)
  File "/root/.cache/pypoetry/virtualenvs/src-il7asoJj-py3.13/lib/python3.13/site-packages/starlette/middleware/cors.py", line 144, in simple_response
    await self.app(scope, receive, send)
  File "/root/.cache/pypoetry/virtualenvs/src-il7asoJj-py3.13/lib/python3.13/site-packages/starlette/middleware/exceptions.py", line 63, in __call__
    await wrap_app_handling_exceptions(self.app, conn)(scope, receive, send)
  File "/root/.cache/pypoetry/virtualenvs/src-il7asoJj-py3.13/lib/python3.13/site-packages/starlette/_exception_handler.py", line 53, in wrapped_app
    raise exc
  File "/root/.cache/pypoetry/virtualenvs/src-il7asoJj-py3.13/lib/python3.13/site-packages/starlette/_exception_handler.py", line 42, in wrapped_app
    await app(scope, receive, sender)
  File "/root/.cache/pypoetry/virtualenvs/src-il7asoJj-py3.13/lib/python3.13/site-packages/starlette/routing.py", line 716, in __call__
    await self.middleware_stack(scope, receive, send)
  File "/root/.cache/pypoetry/virtualenvs/src-il7asoJj-py3.13/lib/python3.13/site-packages/starlette/routing.py", line 736, in app
    await route.handle(scope, receive, send)
  File "/root/.cache/pypoetry/virtualenvs/src-il7asoJj-py3.13/lib/python3.13/site-packages/starlette/routing.py", line 290, in handle
    await self.app(scope, receive, send)
  File "/root/.cache/pypoetry/virtualenvs/src-il7asoJj-py3.13/lib/python3.13/site-packages/starlette/routing.py", line 78, in app
    await wrap_app_handling_exceptions(app, request)(scope, receive, send)
  File "/root/.cache/pypoetry/virtualenvs/src-il7asoJj-py3.13/lib/python3.13/site-packages/starlette/_exception_handler.py", line 53, in wrapped_app
    raise exc
  File "/root/.cache/pypoetry/virtualenvs/src-il7asoJj-py3.13/lib/python3.13/site-packages/starlette/_exception_handler.py", line 42, in wrapped_app
    await app(scope, receive, sender)
  File "/root/.cache/pypoetry/virtualenvs/src-il7asoJj-py3.13/lib/python3.13/site-packages/starlette/routing.py", line 75, in app
    response = await f(request)
               ^^^^^^^^^^^^^^^^
  File "/root/.cache/pypoetry/virtualenvs/src-il7asoJj-py3.13/lib/python3.13/site-packages/fastapi/routing.py", line 328, in app
    content = await serialize_response(
              ^^^^^^^^^^^^^^^^^^^^^^^^^
    ...<9 lines>...
    )
    ^
  File "/root/.cache/pypoetry/virtualenvs/src-il7asoJj-py3.13/lib/python3.13/site-packages/fastapi/routing.py", line 177, in serialize_response
    raise ResponseValidationError(
        errors=_normalize_errors(errors), body=response_content
    )
fastapi.exceptions.ResponseValidationError: 1 validation errors:
  {'type': 'model_attributes_type', 'loc': ('response',), 'msg': 'Input should be a valid dictionary or object to extract fields from', 'input': None}

2025-12-12 21:24:10 - uvicorn.access - INFO - 172.26.0.1:40960 - "POST /api/v1/users/login HTTP/1.1" 500
2025-12-12 21:24:27 - uvicorn.access - INFO - 172.26.0.1:40972 - "POST /api/v1/users/login HTTP/1.1" 200
2025-12-12 21:25:47 - uvicorn.access - INFO - 172.26.0.1:53358 - "OPTIONS /api/v1/adverts/created HTTP/1.1" 200
2025-12-12 21:25:47 - uvicorn.access - INFO - 172.26.0.1:53364 - "OPTIONS /api/v1/adverts/created HTTP/1.1" 405
2025-12-12 21:32:15 - uvicorn.error - INFO - Shutting down
2025-12-12 21:32:16 - uvicorn.error - INFO - Waiting for application shutdown.
2025-12-12 21:32:16 - uvicorn.error - INFO - Application shutdown complete.
2025-12-12 21:32:16 - uvicorn.error - INFO - Finished server process [1]
2025-12-12 21:34:02 - root - INFO - Logging configuration loaded successfully
2025-12-12 21:34:02 - uvicorn.error - INFO - Started server process [1]
2025-12-12 21:34:02 - uvicorn.error - INFO - Waiting for application startup.
2025-12-12 21:34:02 - uvicorn.error - INFO - Application startup complete.
2025-12-12 21:34:02 - uvicorn.error - INFO - Uvicorn running on http://0.0.0.0:8000 (Press CTRL+C to quit)
2025-12-12 21:35:08 - uvicorn.error - INFO - Shutting down
2025-12-12 21:35:08 - uvicorn.error - INFO - Waiting for application shutdown.
2025-12-12 21:35:08 - uvicorn.error - INFO - Application shutdown complete.
2025-12-12 21:35:08 - uvicorn.error - INFO - Finished server process [1]
2025-12-12 21:39:16 - root - INFO - Logging configuration loaded successfully
2025-12-12 21:39:16 - uvicorn.error - INFO - Started server process [1]
2025-12-12 21:39:16 - uvicorn.error - INFO - Waiting for application startup.
2025-12-12 21:39:16 - uvicorn.error - INFO - Application startup complete.
2025-12-12 21:39:16 - uvicorn.error - INFO - Uvicorn running on http://0.0.0.0:8000 (Press CTRL+C to quit)
2025-12-12 21:40:13 - uvicorn.access - INFO - 172.28.0.1:34004 - "GET /api/v1/adverts/created HTTP/1.1" 403
2025-12-12 21:40:15 - uvicorn.access - INFO - 172.28.0.1:34004 - "GET /favicon.ico HTTP/1.1" 405
2025-12-12 21:40:22 - uvicorn.access - INFO - 172.28.0.1:34016 - "GET /.well-known/appspecific/com.chrome.devtools.json HTTP/1.1" 405
2025-12-12 21:42:48 - uvicorn.access - INFO - 172.28.0.1:42242 - "OPTIONS /api/v1/adverts HTTP/1.1" 400
2025-12-12 21:45:11 - uvicorn.error - INFO - Shutting down
2025-12-12 21:45:11 - uvicorn.error - INFO - Waiting for application shutdown.
2025-12-12 21:45:11 - uvicorn.error - INFO - Application shutdown complete.
2025-12-12 21:45:11 - uvicorn.error - INFO - Finished server process [1]
2025-12-12 21:55:46 - root - INFO - Logging configuration loaded successfully
2025-12-12 21:55:46 - uvicorn.error - INFO - Started server process [1]
2025-12-12 21:55:46 - uvicorn.error - INFO - Waiting for application startup.
2025-12-12 21:55:46 - uvicorn.error - INFO - Application startup complete.
2025-12-12 21:55:46 - uvicorn.error - INFO - Uvicorn running on http://0.0.0.0:8000 (Press CTRL+C to quit)
2025-12-12 21:55:55 - uvicorn.access - INFO - 172.30.0.1:49342 - "GET /api/v1/adverts HTTP/1.1" 307
2025-12-12 21:55:57 - uvicorn.access - INFO - 172.30.0.1:49342 - "GET /api/v1/adverts/ HTTP/1.1" 200
2025-12-12 21:55:58 - uvicorn.access - INFO - 172.30.0.1:49342 - "GET /.well-known/appspecific/com.chrome.devtools.json HTTP/1.1" 404
2025-12-12 21:55:58 - uvicorn.access - INFO - 172.30.0.1:49342 - "GET /favicon.ico HTTP/1.1" 404
2025-12-12 21:56:40 - uvicorn.access - INFO - 172.30.0.1:51334 - "OPTIONS /api/v1/users/me HTTP/1.1" 200
2025-12-12 21:56:40 - uvicorn.access - INFO - 172.30.0.1:51336 - "OPTIONS /api/v1/users/me HTTP/1.1" 200
2025-12-12 21:56:40 - uvicorn.access - INFO - 172.30.0.1:51352 - "OPTIONS /api/v1/users/me HTTP/1.1" 200
2025-12-12 21:56:40 - uvicorn.access - INFO - 172.30.0.1:51354 - "OPTIONS /api/v1/users/me HTTP/1.1" 200
2025-12-12 21:56:41 - uvicorn.access - INFO - 172.30.0.1:51362 - "GET /api/v1/users/me HTTP/1.1" 401
2025-12-12 21:56:41 - uvicorn.access - INFO - 172.30.0.1:51354 - "GET /api/v1/users/me HTTP/1.1" 401
2025-12-12 21:56:41 - uvicorn.access - INFO - 172.30.0.1:51362 - "GET /api/v1/users/me HTTP/1.1" 401
2025-12-12 21:56:41 - uvicorn.access - INFO - 172.30.0.1:51354 - "GET /api/v1/users/me HTTP/1.1" 401
2025-12-12 21:56:42 - uvicorn.access - INFO - 172.30.0.1:51320 - "GET /api/v1/adverts/ HTTP/1.1" 200
2025-12-12 21:56:43 - uvicorn.access - INFO - 172.30.0.1:51354 - "GET /api/v1/adverts/ HTTP/1.1" 200
2025-12-12 22:01:50 - uvicorn.error - INFO - Shutting down
2025-12-12 22:01:51 - uvicorn.error - INFO - Waiting for application shutdown.
2025-12-12 22:01:51 - uvicorn.error - INFO - Application shutdown complete.
2025-12-12 22:01:51 - uvicorn.error - INFO - Finished server process [1]
2025-12-12 22:03:35 - root - INFO - Logging configuration loaded successfully
2025-12-12 22:03:35 - uvicorn.error - INFO - Started server process [1]
2025-12-12 22:03:35 - uvicorn.error - INFO - Waiting for application startup.
2025-12-12 22:03:35 - uvicorn.error - INFO - Application startup complete.
2025-12-12 22:03:35 - uvicorn.error - INFO - Uvicorn running on http://0.0.0.0:8000 (Press CTRL+C to quit)
2025-12-12 22:03:59 - uvicorn.access - INFO - 172.31.0.1:40206 - "GET /api/v1/adverts/ HTTP/1.1" 200
2025-12-12 22:04:00 - uvicorn.access - INFO - 172.31.0.1:40206 - "GET /.well-known/appspecific/com.chrome.devtools.json HTTP/1.1" 404
2025-12-12 22:06:34 - uvicorn.access - INFO - 172.31.0.1:37584 - "OPTIONS /api/v1/adverts HTTP/1.1" 500
2025-12-12 22:06:34 - uvicorn.error - ERROR - Exception in ASGI application
  + Exception Group Traceback (most recent call last):
  |   File "/root/.cache/pypoetry/virtualenvs/src-il7asoJj-py3.13/lib/python3.13/site-packages/starlette/_utils.py", line 77, in collapse_excgroups
  |     yield
  |   File "/root/.cache/pypoetry/virtualenvs/src-il7asoJj-py3.13/lib/python3.13/site-packages/starlette/middleware/base.py", line 183, in __call__
  |     async with anyio.create_task_group() as task_group:
  |                ~~~~~~~~~~~~~~~~~~~~~~~^^
  |   File "/root/.cache/pypoetry/virtualenvs/src-il7asoJj-py3.13/lib/python3.13/site-packages/anyio/_backends/_asyncio.py", line 772, in __aexit__
  |     raise BaseExceptionGroup(
  |         "unhandled errors in a TaskGroup", self._exceptions
  |     ) from None
  | ExceptionGroup: unhandled errors in a TaskGroup (1 sub-exception)
  +-+---------------- 1 ----------------
    | Traceback (most recent call last):
    |   File "/root/.cache/pypoetry/virtualenvs/src-il7asoJj-py3.13/lib/python3.13/site-packages/uvicorn/protocols/http/h11_impl.py", line 403, in run_asgi
    |     result = await app(  # type: ignore[func-returns-value]
    |              ^^^^^^^^^^^^^^^^^^^^^^^^^^^^^^^^^^^^^^^^^^^^^^
    |         self.scope, self.receive, self.send
    |         ^^^^^^^^^^^^^^^^^^^^^^^^^^^^^^^^^^^
    |     )
    |     ^
    |   File "/root/.cache/pypoetry/virtualenvs/src-il7asoJj-py3.13/lib/python3.13/site-packages/uvicorn/middleware/proxy_headers.py", line 60, in __call__
    |     return await self.app(scope, receive, send)
    |            ^^^^^^^^^^^^^^^^^^^^^^^^^^^^^^^^^^^^
    |   File "/root/.cache/pypoetry/virtualenvs/src-il7asoJj-py3.13/lib/python3.13/site-packages/fastapi/applications.py", line 1054, in __call__
    |     await super().__call__(scope, receive, send)
    |   File "/root/.cache/pypoetry/virtualenvs/src-il7asoJj-py3.13/lib/python3.13/site-packages/starlette/applications.py", line 113, in __call__
    |     await self.middleware_stack(scope, receive, send)
    |   File "/root/.cache/pypoetry/virtualenvs/src-il7asoJj-py3.13/lib/python3.13/site-packages/starlette/middleware/errors.py", line 186, in __call__
    |     raise exc
    |   File "/root/.cache/pypoetry/virtualenvs/src-il7asoJj-py3.13/lib/python3.13/site-packages/starlette/middleware/errors.py", line 164, in __call__
    |     await self.app(scope, receive, _send)
    |   File "/root/.cache/pypoetry/virtualenvs/src-il7asoJj-py3.13/lib/python3.13/site-packages/starlette/middleware/base.py", line 182, in __call__
    |     with recv_stream, send_stream, collapse_excgroups():
    |                                    ~~~~~~~~~~~~~~~~~~^^
    |   File "/usr/local/lib/python3.13/contextlib.py", line 162, in __exit__
    |     self.gen.throw(value)
    |     ~~~~~~~~~~~~~~^^^^^^^
    |   File "/root/.cache/pypoetry/virtualenvs/src-il7asoJj-py3.13/lib/python3.13/site-packages/starlette/_utils.py", line 83, in collapse_excgroups
    |     raise exc
    |   File "/root/.cache/pypoetry/virtualenvs/src-il7asoJj-py3.13/lib/python3.13/site-packages/starlette/middleware/base.py", line 184, in __call__
    |     response = await self.dispatch_func(request, call_next)
    |                ^^^^^^^^^^^^^^^^^^^^^^^^^^^^^^^^^^^^^^^^^^^^
    |   File "/main.py", line 125, in add_user_to_request
    |     return JSONResponse({"ok": True})
    |            ^^^^^^^^^^^^
    | NameError: name 'JSONResponse' is not defined. Did you mean: 'HTMLResponse'?
    +------------------------------------

During handling of the above exception, another exception occurred:

Traceback (most recent call last):
  File "/root/.cache/pypoetry/virtualenvs/src-il7asoJj-py3.13/lib/python3.13/site-packages/uvicorn/protocols/http/h11_impl.py", line 403, in run_asgi
    result = await app(  # type: ignore[func-returns-value]
             ^^^^^^^^^^^^^^^^^^^^^^^^^^^^^^^^^^^^^^^^^^^^^^
        self.scope, self.receive, self.send
        ^^^^^^^^^^^^^^^^^^^^^^^^^^^^^^^^^^^
    )
    ^
  File "/root/.cache/pypoetry/virtualenvs/src-il7asoJj-py3.13/lib/python3.13/site-packages/uvicorn/middleware/proxy_headers.py", line 60, in __call__
    return await self.app(scope, receive, send)
           ^^^^^^^^^^^^^^^^^^^^^^^^^^^^^^^^^^^^
  File "/root/.cache/pypoetry/virtualenvs/src-il7asoJj-py3.13/lib/python3.13/site-packages/fastapi/applications.py", line 1054, in __call__
    await super().__call__(scope, receive, send)
  File "/root/.cache/pypoetry/virtualenvs/src-il7asoJj-py3.13/lib/python3.13/site-packages/starlette/applications.py", line 113, in __call__
    await self.middleware_stack(scope, receive, send)
  File "/root/.cache/pypoetry/virtualenvs/src-il7asoJj-py3.13/lib/python3.13/site-packages/starlette/middleware/errors.py", line 186, in __call__
    raise exc
  File "/root/.cache/pypoetry/virtualenvs/src-il7asoJj-py3.13/lib/python3.13/site-packages/starlette/middleware/errors.py", line 164, in __call__
    await self.app(scope, receive, _send)
  File "/root/.cache/pypoetry/virtualenvs/src-il7asoJj-py3.13/lib/python3.13/site-packages/starlette/middleware/base.py", line 182, in __call__
    with recv_stream, send_stream, collapse_excgroups():
                                   ~~~~~~~~~~~~~~~~~~^^
  File "/usr/local/lib/python3.13/contextlib.py", line 162, in __exit__
    self.gen.throw(value)
    ~~~~~~~~~~~~~~^^^^^^^
  File "/root/.cache/pypoetry/virtualenvs/src-il7asoJj-py3.13/lib/python3.13/site-packages/starlette/_utils.py", line 83, in collapse_excgroups
    raise exc
  File "/root/.cache/pypoetry/virtualenvs/src-il7asoJj-py3.13/lib/python3.13/site-packages/starlette/middleware/base.py", line 184, in __call__
    response = await self.dispatch_func(request, call_next)
               ^^^^^^^^^^^^^^^^^^^^^^^^^^^^^^^^^^^^^^^^^^^^
  File "/main.py", line 125, in add_user_to_request
    return JSONResponse({"ok": True})
           ^^^^^^^^^^^^
NameError: name 'JSONResponse' is not defined. Did you mean: 'HTMLResponse'?
2025-12-12 22:07:54 - uvicorn.error - INFO - Shutting down
2025-12-12 22:07:54 - uvicorn.error - INFO - Waiting for application shutdown.
2025-12-12 22:07:54 - uvicorn.error - INFO - Application shutdown complete.
2025-12-12 22:07:54 - uvicorn.error - INFO - Finished server process [1]
2025-12-12 22:09:30 - root - INFO - Logging configuration loaded successfully
2025-12-12 22:09:30 - uvicorn.error - INFO - Started server process [1]
2025-12-12 22:09:30 - uvicorn.error - INFO - Waiting for application startup.
2025-12-12 22:09:30 - uvicorn.error - INFO - Application startup complete.
2025-12-12 22:09:30 - uvicorn.error - INFO - Uvicorn running on http://0.0.0.0:8000 (Press CTRL+C to quit)
2025-12-12 22:09:38 - uvicorn.access - INFO - 192.168.0.1:33118 - "OPTIONS /api/v1/adverts HTTP/1.1" 200
2025-12-12 22:13:59 - uvicorn.error - INFO - Shutting down
2025-12-12 22:14:00 - uvicorn.error - INFO - Waiting for application shutdown.
2025-12-12 22:14:00 - uvicorn.error - INFO - Application shutdown complete.
2025-12-12 22:14:00 - uvicorn.error - INFO - Finished server process [1]
2025-12-12 22:15:24 - root - INFO - Logging configuration loaded successfully
2025-12-12 22:15:24 - uvicorn.error - INFO - Started server process [1]
2025-12-12 22:15:24 - uvicorn.error - INFO - Waiting for application startup.
2025-12-12 22:15:24 - uvicorn.error - INFO - Application startup complete.
2025-12-12 22:15:24 - uvicorn.error - INFO - Uvicorn running on http://0.0.0.0:8000 (Press CTRL+C to quit)
2025-12-12 22:15:40 - uvicorn.access - INFO - 192.168.32.1:35802 - "OPTIONS /api/v1/adverts HTTP/1.1" 200
2025-12-12 22:16:05 - uvicorn.error - INFO - Shutting down
2025-12-12 22:16:05 - uvicorn.error - INFO - Waiting for application shutdown.
2025-12-12 22:16:05 - uvicorn.error - INFO - Application shutdown complete.
2025-12-12 22:16:05 - uvicorn.error - INFO - Finished server process [1]
2025-12-12 22:17:17 - root - INFO - Logging configuration loaded successfully
2025-12-12 22:17:18 - uvicorn.error - INFO - Started server process [1]
2025-12-12 22:17:18 - uvicorn.error - INFO - Waiting for application startup.
2025-12-12 22:17:18 - uvicorn.error - INFO - Application startup complete.
2025-12-12 22:17:18 - uvicorn.error - INFO - Uvicorn running on http://0.0.0.0:8000 (Press CTRL+C to quit)
2025-12-12 22:17:31 - uvicorn.access - INFO - 192.168.48.1:52646 - "OPTIONS /api/v1/adverts HTTP/1.1" 200
2025-12-12 22:17:58 - uvicorn.access - INFO - 192.168.48.1:42728 - "POST /api/v1/users/login HTTP/1.1" 200
2025-12-12 22:18:34 - uvicorn.access - INFO - 192.168.48.1:47702 - "GET /api/v1/adverts/created HTTP/1.1" 200
2025-12-12 22:21:36 - uvicorn.access - INFO - 192.168.48.1:58412 - "OPTIONS /api/v1/users/login HTTP/1.1" 200
2025-12-12 22:21:36 - uvicorn.access - INFO - 192.168.48.1:58424 - "POST /api/v1/users/login HTTP/1.1" 200
2025-12-12 22:22:08 - uvicorn.access - INFO - 192.168.48.1:53262 - "OPTIONS /api/v1/adverts/created HTTP/1.1" 200
2025-12-12 22:22:08 - uvicorn.access - INFO - 192.168.48.1:53268 - "GET /api/v1/adverts/created HTTP/1.1" 200
2025-12-12 22:28:26 - uvicorn.access - INFO - 192.168.48.1:44254 - "GET /api/v1/adverts/ HTTP/1.1" 200
2025-12-12 22:30:47 - root - INFO - Logging configuration loaded successfully
2025-12-12 22:30:47 - uvicorn.error - INFO - Started server process [1]
2025-12-12 22:30:47 - uvicorn.error - INFO - Waiting for application startup.
2025-12-12 22:30:47 - uvicorn.error - INFO - Application startup complete.
2025-12-12 22:30:47 - uvicorn.error - INFO - Uvicorn running on http://0.0.0.0:8000 (Press CTRL+C to quit)
2025-12-12 22:35:49 - uvicorn.access - INFO - 192.168.48.1:45530 - "OPTIONS /api/v1/users/me HTTP/1.1" 200
2025-12-12 22:35:49 - uvicorn.access - INFO - 192.168.48.1:45532 - "OPTIONS /api/v1/users/me HTTP/1.1" 200
2025-12-12 22:35:49 - uvicorn.access - INFO - 192.168.48.1:45536 - "OPTIONS /api/v1/users/me HTTP/1.1" 200
2025-12-12 22:35:49 - uvicorn.access - INFO - 192.168.48.1:45544 - "OPTIONS /api/v1/users/me HTTP/1.1" 200
2025-12-12 22:35:49 - uvicorn.error - ERROR - Exception in ASGI application
  + Exception Group Traceback (most recent call last):
  |   File "/root/.cache/pypoetry/virtualenvs/src-il7asoJj-py3.13/lib/python3.13/site-packages/starlette/_utils.py", line 77, in collapse_excgroups
  |     yield
  |   File "/root/.cache/pypoetry/virtualenvs/src-il7asoJj-py3.13/lib/python3.13/site-packages/starlette/middleware/base.py", line 183, in __call__
  |     async with anyio.create_task_group() as task_group:
  |                ~~~~~~~~~~~~~~~~~~~~~~~^^
  |   File "/root/.cache/pypoetry/virtualenvs/src-il7asoJj-py3.13/lib/python3.13/site-packages/anyio/_backends/_asyncio.py", line 772, in __aexit__
  |     raise BaseExceptionGroup(
  |         "unhandled errors in a TaskGroup", self._exceptions
  |     ) from None
  | ExceptionGroup: unhandled errors in a TaskGroup (1 sub-exception)
  +-+---------------- 1 ----------------
    | Traceback (most recent call last):
    |   File "/root/.cache/pypoetry/virtualenvs/src-il7asoJj-py3.13/lib/python3.13/site-packages/uvicorn/protocols/http/h11_impl.py", line 403, in run_asgi
    |     result = await app(  # type: ignore[func-returns-value]
    |              ^^^^^^^^^^^^^^^^^^^^^^^^^^^^^^^^^^^^^^^^^^^^^^
    |         self.scope, self.receive, self.send
    |         ^^^^^^^^^^^^^^^^^^^^^^^^^^^^^^^^^^^
    |     )
    |     ^
    |   File "/root/.cache/pypoetry/virtualenvs/src-il7asoJj-py3.13/lib/python3.13/site-packages/uvicorn/middleware/proxy_headers.py", line 60, in __call__
    |     return await self.app(scope, receive, send)
    |            ^^^^^^^^^^^^^^^^^^^^^^^^^^^^^^^^^^^^
    |   File "/root/.cache/pypoetry/virtualenvs/src-il7asoJj-py3.13/lib/python3.13/site-packages/fastapi/applications.py", line 1054, in __call__
    |     await super().__call__(scope, receive, send)
    |   File "/root/.cache/pypoetry/virtualenvs/src-il7asoJj-py3.13/lib/python3.13/site-packages/starlette/applications.py", line 113, in __call__
    |     await self.middleware_stack(scope, receive, send)
    |   File "/root/.cache/pypoetry/virtualenvs/src-il7asoJj-py3.13/lib/python3.13/site-packages/starlette/middleware/errors.py", line 176, in __call__
    |     response = await self.handler(request, exc)
    |                ^^^^^^^^^^^^^^^^^^^^^^^^^^^^^^^^
    |   File "/main.py", line 104, in general_database_exception_handler
    |     raise exc
    |   File "/root/.cache/pypoetry/virtualenvs/src-il7asoJj-py3.13/lib/python3.13/site-packages/starlette/middleware/errors.py", line 164, in __call__
    |     await self.app(scope, receive, _send)
    |   File "/root/.cache/pypoetry/virtualenvs/src-il7asoJj-py3.13/lib/python3.13/site-packages/starlette/middleware/base.py", line 182, in __call__
    |     with recv_stream, send_stream, collapse_excgroups():
    |                                    ~~~~~~~~~~~~~~~~~~^^
    |   File "/usr/local/lib/python3.13/contextlib.py", line 162, in __exit__
    |     self.gen.throw(value)
    |     ~~~~~~~~~~~~~~^^^^^^^
    |   File "/root/.cache/pypoetry/virtualenvs/src-il7asoJj-py3.13/lib/python3.13/site-packages/starlette/_utils.py", line 83, in collapse_excgroups
    |     raise exc
    |   File "/root/.cache/pypoetry/virtualenvs/src-il7asoJj-py3.13/lib/python3.13/site-packages/starlette/middleware/base.py", line 184, in __call__
    |     response = await self.dispatch_func(request, call_next)
    |                ^^^^^^^^^^^^^^^^^^^^^^^^^^^^^^^^^^^^^^^^^^^^
    |   File "/main.py", line 82, in add_user_to_request
    |     response = await call_next(request)
    |                ^^^^^^^^^^^^^^^^^^^^^^^^
    |   File "/root/.cache/pypoetry/virtualenvs/src-il7asoJj-py3.13/lib/python3.13/site-packages/starlette/middleware/base.py", line 159, in call_next
    |     raise app_exc
    |   File "/root/.cache/pypoetry/virtualenvs/src-il7asoJj-py3.13/lib/python3.13/site-packages/starlette/middleware/base.py", line 144, in coro
    |     await self.app(scope, receive_or_disconnect, send_no_error)
    |   File "/root/.cache/pypoetry/virtualenvs/src-il7asoJj-py3.13/lib/python3.13/site-packages/starlette/middleware/cors.py", line 93, in __call__
    |     await self.simple_response(scope, receive, send, request_headers=headers)
    |   File "/root/.cache/pypoetry/virtualenvs/src-il7asoJj-py3.13/lib/python3.13/site-packages/starlette/middleware/cors.py", line 144, in simple_response
    |     await self.app(scope, receive, send)
    |   File "/root/.cache/pypoetry/virtualenvs/src-il7asoJj-py3.13/lib/python3.13/site-packages/starlette/middleware/exceptions.py", line 63, in __call__
    |     await wrap_app_handling_exceptions(self.app, conn)(scope, receive, send)
    |   File "/root/.cache/pypoetry/virtualenvs/src-il7asoJj-py3.13/lib/python3.13/site-packages/starlette/_exception_handler.py", line 53, in wrapped_app
    |     raise exc
    |   File "/root/.cache/pypoetry/virtualenvs/src-il7asoJj-py3.13/lib/python3.13/site-packages/starlette/_exception_handler.py", line 42, in wrapped_app
    |     await app(scope, receive, sender)
    |   File "/root/.cache/pypoetry/virtualenvs/src-il7asoJj-py3.13/lib/python3.13/site-packages/starlette/routing.py", line 716, in __call__
    |     await self.middleware_stack(scope, receive, send)
    |   File "/root/.cache/pypoetry/virtualenvs/src-il7asoJj-py3.13/lib/python3.13/site-packages/starlette/routing.py", line 736, in app
    |     await route.handle(scope, receive, send)
    |   File "/root/.cache/pypoetry/virtualenvs/src-il7asoJj-py3.13/lib/python3.13/site-packages/starlette/routing.py", line 290, in handle
    |     await self.app(scope, receive, send)
    |   File "/root/.cache/pypoetry/virtualenvs/src-il7asoJj-py3.13/lib/python3.13/site-packages/starlette/routing.py", line 78, in app
    |     await wrap_app_handling_exceptions(app, request)(scope, receive, send)
    |   File "/root/.cache/pypoetry/virtualenvs/src-il7asoJj-py3.13/lib/python3.13/site-packages/starlette/_exception_handler.py", line 53, in wrapped_app
    |     raise exc
    |   File "/root/.cache/pypoetry/virtualenvs/src-il7asoJj-py3.13/lib/python3.13/site-packages/starlette/_exception_handler.py", line 42, in wrapped_app
    |     await app(scope, receive, sender)
    |   File "/root/.cache/pypoetry/virtualenvs/src-il7asoJj-py3.13/lib/python3.13/site-packages/starlette/routing.py", line 75, in app
    |     response = await f(request)
    |                ^^^^^^^^^^^^^^^^
    |   File "/root/.cache/pypoetry/virtualenvs/src-il7asoJj-py3.13/lib/python3.13/site-packages/fastapi/routing.py", line 302, in app
    |     raw_response = await run_endpoint_function(
    |                    ^^^^^^^^^^^^^^^^^^^^^^^^^^^^
    |     ...<3 lines>...
    |     )
    |     ^
    |   File "/root/.cache/pypoetry/virtualenvs/src-il7asoJj-py3.13/lib/python3.13/site-packages/fastapi/routing.py", line 213, in run_endpoint_function
    |     return await dependant.call(**values)
    |            ^^^^^^^^^^^^^^^^^^^^^^^^^^^^^^
    |   File "/api_v1/routers/users.py", line 160, in get_current_user_profile
    |     created_at=datetime.now()
    |                ^^^^^^^^
    | NameError: name 'datetime' is not defined. Did you forget to import 'datetime'?
    +------------------------------------

During handling of the above exception, another exception occurred:

Traceback (most recent call last):
  File "/root/.cache/pypoetry/virtualenvs/src-il7asoJj-py3.13/lib/python3.13/site-packages/uvicorn/protocols/http/h11_impl.py", line 403, in run_asgi
    result = await app(  # type: ignore[func-returns-value]
             ^^^^^^^^^^^^^^^^^^^^^^^^^^^^^^^^^^^^^^^^^^^^^^
        self.scope, self.receive, self.send
        ^^^^^^^^^^^^^^^^^^^^^^^^^^^^^^^^^^^
    )
    ^
  File "/root/.cache/pypoetry/virtualenvs/src-il7asoJj-py3.13/lib/python3.13/site-packages/uvicorn/middleware/proxy_headers.py", line 60, in __call__
    return await self.app(scope, receive, send)
           ^^^^^^^^^^^^^^^^^^^^^^^^^^^^^^^^^^^^
  File "/root/.cache/pypoetry/virtualenvs/src-il7asoJj-py3.13/lib/python3.13/site-packages/fastapi/applications.py", line 1054, in __call__
    await super().__call__(scope, receive, send)
  File "/root/.cache/pypoetry/virtualenvs/src-il7asoJj-py3.13/lib/python3.13/site-packages/starlette/applications.py", line 113, in __call__
    await self.middleware_stack(scope, receive, send)
  File "/root/.cache/pypoetry/virtualenvs/src-il7asoJj-py3.13/lib/python3.13/site-packages/starlette/middleware/errors.py", line 176, in __call__
    response = await self.handler(request, exc)
               ^^^^^^^^^^^^^^^^^^^^^^^^^^^^^^^^
  File "/main.py", line 104, in general_database_exception_handler
    raise exc
  File "/root/.cache/pypoetry/virtualenvs/src-il7asoJj-py3.13/lib/python3.13/site-packages/starlette/middleware/errors.py", line 164, in __call__
    await self.app(scope, receive, _send)
  File "/root/.cache/pypoetry/virtualenvs/src-il7asoJj-py3.13/lib/python3.13/site-packages/starlette/middleware/base.py", line 182, in __call__
    with recv_stream, send_stream, collapse_excgroups():
                                   ~~~~~~~~~~~~~~~~~~^^
  File "/usr/local/lib/python3.13/contextlib.py", line 162, in __exit__
    self.gen.throw(value)
    ~~~~~~~~~~~~~~^^^^^^^
  File "/root/.cache/pypoetry/virtualenvs/src-il7asoJj-py3.13/lib/python3.13/site-packages/starlette/_utils.py", line 83, in collapse_excgroups
    raise exc
  File "/root/.cache/pypoetry/virtualenvs/src-il7asoJj-py3.13/lib/python3.13/site-packages/starlette/middleware/base.py", line 184, in __call__
    response = await self.dispatch_func(request, call_next)
               ^^^^^^^^^^^^^^^^^^^^^^^^^^^^^^^^^^^^^^^^^^^^
  File "/main.py", line 82, in add_user_to_request
    response = await call_next(request)
               ^^^^^^^^^^^^^^^^^^^^^^^^
  File "/root/.cache/pypoetry/virtualenvs/src-il7asoJj-py3.13/lib/python3.13/site-packages/starlette/middleware/base.py", line 159, in call_next
    raise app_exc
  File "/root/.cache/pypoetry/virtualenvs/src-il7asoJj-py3.13/lib/python3.13/site-packages/starlette/middleware/base.py", line 144, in coro
    await self.app(scope, receive_or_disconnect, send_no_error)
  File "/root/.cache/pypoetry/virtualenvs/src-il7asoJj-py3.13/lib/python3.13/site-packages/starlette/middleware/cors.py", line 93, in __call__
    await self.simple_response(scope, receive, send, request_headers=headers)
  File "/root/.cache/pypoetry/virtualenvs/src-il7asoJj-py3.13/lib/python3.13/site-packages/starlette/middleware/cors.py", line 144, in simple_response
    await self.app(scope, receive, send)
  File "/root/.cache/pypoetry/virtualenvs/src-il7asoJj-py3.13/lib/python3.13/site-packages/starlette/middleware/exceptions.py", line 63, in __call__
    await wrap_app_handling_exceptions(self.app, conn)(scope, receive, send)
  File "/root/.cache/pypoetry/virtualenvs/src-il7asoJj-py3.13/lib/python3.13/site-packages/starlette/_exception_handler.py", line 53, in wrapped_app
    raise exc
  File "/root/.cache/pypoetry/virtualenvs/src-il7asoJj-py3.13/lib/python3.13/site-packages/starlette/_exception_handler.py", line 42, in wrapped_app
    await app(scope, receive, sender)
  File "/root/.cache/pypoetry/virtualenvs/src-il7asoJj-py3.13/lib/python3.13/site-packages/starlette/routing.py", line 716, in __call__
    await self.middleware_stack(scope, receive, send)
  File "/root/.cache/pypoetry/virtualenvs/src-il7asoJj-py3.13/lib/python3.13/site-packages/starlette/routing.py", line 736, in app
    await route.handle(scope, receive, send)
  File "/root/.cache/pypoetry/virtualenvs/src-il7asoJj-py3.13/lib/python3.13/site-packages/starlette/routing.py", line 290, in handle
    await self.app(scope, receive, send)
  File "/root/.cache/pypoetry/virtualenvs/src-il7asoJj-py3.13/lib/python3.13/site-packages/starlette/routing.py", line 78, in app
    await wrap_app_handling_exceptions(app, request)(scope, receive, send)
  File "/root/.cache/pypoetry/virtualenvs/src-il7asoJj-py3.13/lib/python3.13/site-packages/starlette/_exception_handler.py", line 53, in wrapped_app
    raise exc
  File "/root/.cache/pypoetry/virtualenvs/src-il7asoJj-py3.13/lib/python3.13/site-packages/starlette/_exception_handler.py", line 42, in wrapped_app
    await app(scope, receive, sender)
  File "/root/.cache/pypoetry/virtualenvs/src-il7asoJj-py3.13/lib/python3.13/site-packages/starlette/routing.py", line 75, in app
    response = await f(request)
               ^^^^^^^^^^^^^^^^
  File "/root/.cache/pypoetry/virtualenvs/src-il7asoJj-py3.13/lib/python3.13/site-packages/fastapi/routing.py", line 302, in app
    raw_response = await run_endpoint_function(
                   ^^^^^^^^^^^^^^^^^^^^^^^^^^^^
    ...<3 lines>...
    )
    ^
  File "/root/.cache/pypoetry/virtualenvs/src-il7asoJj-py3.13/lib/python3.13/site-packages/fastapi/routing.py", line 213, in run_endpoint_function
    return await dependant.call(**values)
           ^^^^^^^^^^^^^^^^^^^^^^^^^^^^^^
  File "/api_v1/routers/users.py", line 160, in get_current_user_profile
    created_at=datetime.now()
               ^^^^^^^^
NameError: name 'datetime' is not defined. Did you forget to import 'datetime'?
2025-12-12 22:35:49 - uvicorn.access - INFO - 192.168.48.1:45530 - "GET /api/v1/users/me HTTP/1.1" 500
2025-12-12 22:35:49 - uvicorn.error - ERROR - Exception in ASGI application
  + Exception Group Traceback (most recent call last):
  |   File "/root/.cache/pypoetry/virtualenvs/src-il7asoJj-py3.13/lib/python3.13/site-packages/starlette/_utils.py", line 77, in collapse_excgroups
  |     yield
  |   File "/root/.cache/pypoetry/virtualenvs/src-il7asoJj-py3.13/lib/python3.13/site-packages/starlette/middleware/base.py", line 183, in __call__
  |     async with anyio.create_task_group() as task_group:
  |                ~~~~~~~~~~~~~~~~~~~~~~~^^
  |   File "/root/.cache/pypoetry/virtualenvs/src-il7asoJj-py3.13/lib/python3.13/site-packages/anyio/_backends/_asyncio.py", line 772, in __aexit__
  |     raise BaseExceptionGroup(
  |         "unhandled errors in a TaskGroup", self._exceptions
  |     ) from None
  | ExceptionGroup: unhandled errors in a TaskGroup (1 sub-exception)
  +-+---------------- 1 ----------------
    | Traceback (most recent call last):
    |   File "/root/.cache/pypoetry/virtualenvs/src-il7asoJj-py3.13/lib/python3.13/site-packages/uvicorn/protocols/http/h11_impl.py", line 403, in run_asgi
    |     result = await app(  # type: ignore[func-returns-value]
    |              ^^^^^^^^^^^^^^^^^^^^^^^^^^^^^^^^^^^^^^^^^^^^^^
    |         self.scope, self.receive, self.send
    |         ^^^^^^^^^^^^^^^^^^^^^^^^^^^^^^^^^^^
    |     )
    |     ^
    |   File "/root/.cache/pypoetry/virtualenvs/src-il7asoJj-py3.13/lib/python3.13/site-packages/uvicorn/middleware/proxy_headers.py", line 60, in __call__
    |     return await self.app(scope, receive, send)
    |            ^^^^^^^^^^^^^^^^^^^^^^^^^^^^^^^^^^^^
    |   File "/root/.cache/pypoetry/virtualenvs/src-il7asoJj-py3.13/lib/python3.13/site-packages/fastapi/applications.py", line 1054, in __call__
    |     await super().__call__(scope, receive, send)
    |   File "/root/.cache/pypoetry/virtualenvs/src-il7asoJj-py3.13/lib/python3.13/site-packages/starlette/applications.py", line 113, in __call__
    |     await self.middleware_stack(scope, receive, send)
    |   File "/root/.cache/pypoetry/virtualenvs/src-il7asoJj-py3.13/lib/python3.13/site-packages/starlette/middleware/errors.py", line 176, in __call__
    |     response = await self.handler(request, exc)
    |                ^^^^^^^^^^^^^^^^^^^^^^^^^^^^^^^^
    |   File "/main.py", line 104, in general_database_exception_handler
    |     raise exc
    |   File "/root/.cache/pypoetry/virtualenvs/src-il7asoJj-py3.13/lib/python3.13/site-packages/starlette/middleware/errors.py", line 164, in __call__
    |     await self.app(scope, receive, _send)
    |   File "/root/.cache/pypoetry/virtualenvs/src-il7asoJj-py3.13/lib/python3.13/site-packages/starlette/middleware/base.py", line 182, in __call__
    |     with recv_stream, send_stream, collapse_excgroups():
    |                                    ~~~~~~~~~~~~~~~~~~^^
    |   File "/usr/local/lib/python3.13/contextlib.py", line 162, in __exit__
    |     self.gen.throw(value)
    |     ~~~~~~~~~~~~~~^^^^^^^
    |   File "/root/.cache/pypoetry/virtualenvs/src-il7asoJj-py3.13/lib/python3.13/site-packages/starlette/_utils.py", line 83, in collapse_excgroups
    |     raise exc
    |   File "/root/.cache/pypoetry/virtualenvs/src-il7asoJj-py3.13/lib/python3.13/site-packages/starlette/middleware/base.py", line 184, in __call__
    |     response = await self.dispatch_func(request, call_next)
    |                ^^^^^^^^^^^^^^^^^^^^^^^^^^^^^^^^^^^^^^^^^^^^
    |   File "/main.py", line 82, in add_user_to_request
    |     response = await call_next(request)
    |                ^^^^^^^^^^^^^^^^^^^^^^^^
    |   File "/root/.cache/pypoetry/virtualenvs/src-il7asoJj-py3.13/lib/python3.13/site-packages/starlette/middleware/base.py", line 159, in call_next
    |     raise app_exc
    |   File "/root/.cache/pypoetry/virtualenvs/src-il7asoJj-py3.13/lib/python3.13/site-packages/starlette/middleware/base.py", line 144, in coro
    |     await self.app(scope, receive_or_disconnect, send_no_error)
    |   File "/root/.cache/pypoetry/virtualenvs/src-il7asoJj-py3.13/lib/python3.13/site-packages/starlette/middleware/cors.py", line 93, in __call__
    |     await self.simple_response(scope, receive, send, request_headers=headers)
    |   File "/root/.cache/pypoetry/virtualenvs/src-il7asoJj-py3.13/lib/python3.13/site-packages/starlette/middleware/cors.py", line 144, in simple_response
    |     await self.app(scope, receive, send)
    |   File "/root/.cache/pypoetry/virtualenvs/src-il7asoJj-py3.13/lib/python3.13/site-packages/starlette/middleware/exceptions.py", line 63, in __call__
    |     await wrap_app_handling_exceptions(self.app, conn)(scope, receive, send)
    |   File "/root/.cache/pypoetry/virtualenvs/src-il7asoJj-py3.13/lib/python3.13/site-packages/starlette/_exception_handler.py", line 53, in wrapped_app
    |     raise exc
    |   File "/root/.cache/pypoetry/virtualenvs/src-il7asoJj-py3.13/lib/python3.13/site-packages/starlette/_exception_handler.py", line 42, in wrapped_app
    |     await app(scope, receive, sender)
    |   File "/root/.cache/pypoetry/virtualenvs/src-il7asoJj-py3.13/lib/python3.13/site-packages/starlette/routing.py", line 716, in __call__
    |     await self.middleware_stack(scope, receive, send)
    |   File "/root/.cache/pypoetry/virtualenvs/src-il7asoJj-py3.13/lib/python3.13/site-packages/starlette/routing.py", line 736, in app
    |     await route.handle(scope, receive, send)
    |   File "/root/.cache/pypoetry/virtualenvs/src-il7asoJj-py3.13/lib/python3.13/site-packages/starlette/routing.py", line 290, in handle
    |     await self.app(scope, receive, send)
    |   File "/root/.cache/pypoetry/virtualenvs/src-il7asoJj-py3.13/lib/python3.13/site-packages/starlette/routing.py", line 78, in app
    |     await wrap_app_handling_exceptions(app, request)(scope, receive, send)
    |   File "/root/.cache/pypoetry/virtualenvs/src-il7asoJj-py3.13/lib/python3.13/site-packages/starlette/_exception_handler.py", line 53, in wrapped_app
    |     raise exc
    |   File "/root/.cache/pypoetry/virtualenvs/src-il7asoJj-py3.13/lib/python3.13/site-packages/starlette/_exception_handler.py", line 42, in wrapped_app
    |     await app(scope, receive, sender)
    |   File "/root/.cache/pypoetry/virtualenvs/src-il7asoJj-py3.13/lib/python3.13/site-packages/starlette/routing.py", line 75, in app
    |     response = await f(request)
    |                ^^^^^^^^^^^^^^^^
    |   File "/root/.cache/pypoetry/virtualenvs/src-il7asoJj-py3.13/lib/python3.13/site-packages/fastapi/routing.py", line 302, in app
    |     raw_response = await run_endpoint_function(
    |                    ^^^^^^^^^^^^^^^^^^^^^^^^^^^^
    |     ...<3 lines>...
    |     )
    |     ^
    |   File "/root/.cache/pypoetry/virtualenvs/src-il7asoJj-py3.13/lib/python3.13/site-packages/fastapi/routing.py", line 213, in run_endpoint_function
    |     return await dependant.call(**values)
    |            ^^^^^^^^^^^^^^^^^^^^^^^^^^^^^^
    |   File "/api_v1/routers/users.py", line 160, in get_current_user_profile
    |     created_at=datetime.now()
    |                ^^^^^^^^
    | NameError: name 'datetime' is not defined. Did you forget to import 'datetime'?
    +------------------------------------

During handling of the above exception, another exception occurred:

Traceback (most recent call last):
  File "/root/.cache/pypoetry/virtualenvs/src-il7asoJj-py3.13/lib/python3.13/site-packages/uvicorn/protocols/http/h11_impl.py", line 403, in run_asgi
    result = await app(  # type: ignore[func-returns-value]
             ^^^^^^^^^^^^^^^^^^^^^^^^^^^^^^^^^^^^^^^^^^^^^^
        self.scope, self.receive, self.send
        ^^^^^^^^^^^^^^^^^^^^^^^^^^^^^^^^^^^
    )
    ^
  File "/root/.cache/pypoetry/virtualenvs/src-il7asoJj-py3.13/lib/python3.13/site-packages/uvicorn/middleware/proxy_headers.py", line 60, in __call__
    return await self.app(scope, receive, send)
           ^^^^^^^^^^^^^^^^^^^^^^^^^^^^^^^^^^^^
  File "/root/.cache/pypoetry/virtualenvs/src-il7asoJj-py3.13/lib/python3.13/site-packages/fastapi/applications.py", line 1054, in __call__
    await super().__call__(scope, receive, send)
  File "/root/.cache/pypoetry/virtualenvs/src-il7asoJj-py3.13/lib/python3.13/site-packages/starlette/applications.py", line 113, in __call__
    await self.middleware_stack(scope, receive, send)
  File "/root/.cache/pypoetry/virtualenvs/src-il7asoJj-py3.13/lib/python3.13/site-packages/starlette/middleware/errors.py", line 176, in __call__
    response = await self.handler(request, exc)
               ^^^^^^^^^^^^^^^^^^^^^^^^^^^^^^^^
  File "/main.py", line 104, in general_database_exception_handler
    raise exc
  File "/root/.cache/pypoetry/virtualenvs/src-il7asoJj-py3.13/lib/python3.13/site-packages/starlette/middleware/errors.py", line 164, in __call__
    await self.app(scope, receive, _send)
  File "/root/.cache/pypoetry/virtualenvs/src-il7asoJj-py3.13/lib/python3.13/site-packages/starlette/middleware/base.py", line 182, in __call__
    with recv_stream, send_stream, collapse_excgroups():
                                   ~~~~~~~~~~~~~~~~~~^^
  File "/usr/local/lib/python3.13/contextlib.py", line 162, in __exit__
    self.gen.throw(value)
    ~~~~~~~~~~~~~~^^^^^^^
  File "/root/.cache/pypoetry/virtualenvs/src-il7asoJj-py3.13/lib/python3.13/site-packages/starlette/_utils.py", line 83, in collapse_excgroups
    raise exc
  File "/root/.cache/pypoetry/virtualenvs/src-il7asoJj-py3.13/lib/python3.13/site-packages/starlette/middleware/base.py", line 184, in __call__
    response = await self.dispatch_func(request, call_next)
               ^^^^^^^^^^^^^^^^^^^^^^^^^^^^^^^^^^^^^^^^^^^^
  File "/main.py", line 82, in add_user_to_request
    response = await call_next(request)
               ^^^^^^^^^^^^^^^^^^^^^^^^
  File "/root/.cache/pypoetry/virtualenvs/src-il7asoJj-py3.13/lib/python3.13/site-packages/starlette/middleware/base.py", line 159, in call_next
    raise app_exc
  File "/root/.cache/pypoetry/virtualenvs/src-il7asoJj-py3.13/lib/python3.13/site-packages/starlette/middleware/base.py", line 144, in coro
    await self.app(scope, receive_or_disconnect, send_no_error)
  File "/root/.cache/pypoetry/virtualenvs/src-il7asoJj-py3.13/lib/python3.13/site-packages/starlette/middleware/cors.py", line 93, in __call__
    await self.simple_response(scope, receive, send, request_headers=headers)
  File "/root/.cache/pypoetry/virtualenvs/src-il7asoJj-py3.13/lib/python3.13/site-packages/starlette/middleware/cors.py", line 144, in simple_response
    await self.app(scope, receive, send)
  File "/root/.cache/pypoetry/virtualenvs/src-il7asoJj-py3.13/lib/python3.13/site-packages/starlette/middleware/exceptions.py", line 63, in __call__
    await wrap_app_handling_exceptions(self.app, conn)(scope, receive, send)
  File "/root/.cache/pypoetry/virtualenvs/src-il7asoJj-py3.13/lib/python3.13/site-packages/starlette/_exception_handler.py", line 53, in wrapped_app
    raise exc
  File "/root/.cache/pypoetry/virtualenvs/src-il7asoJj-py3.13/lib/python3.13/site-packages/starlette/_exception_handler.py", line 42, in wrapped_app
    await app(scope, receive, sender)
  File "/root/.cache/pypoetry/virtualenvs/src-il7asoJj-py3.13/lib/python3.13/site-packages/starlette/routing.py", line 716, in __call__
    await self.middleware_stack(scope, receive, send)
  File "/root/.cache/pypoetry/virtualenvs/src-il7asoJj-py3.13/lib/python3.13/site-packages/starlette/routing.py", line 736, in app
    await route.handle(scope, receive, send)
  File "/root/.cache/pypoetry/virtualenvs/src-il7asoJj-py3.13/lib/python3.13/site-packages/starlette/routing.py", line 290, in handle
    await self.app(scope, receive, send)
  File "/root/.cache/pypoetry/virtualenvs/src-il7asoJj-py3.13/lib/python3.13/site-packages/starlette/routing.py", line 78, in app
    await wrap_app_handling_exceptions(app, request)(scope, receive, send)
  File "/root/.cache/pypoetry/virtualenvs/src-il7asoJj-py3.13/lib/python3.13/site-packages/starlette/_exception_handler.py", line 53, in wrapped_app
    raise exc
  File "/root/.cache/pypoetry/virtualenvs/src-il7asoJj-py3.13/lib/python3.13/site-packages/starlette/_exception_handler.py", line 42, in wrapped_app
    await app(scope, receive, sender)
  File "/root/.cache/pypoetry/virtualenvs/src-il7asoJj-py3.13/lib/python3.13/site-packages/starlette/routing.py", line 75, in app
    response = await f(request)
               ^^^^^^^^^^^^^^^^
  File "/root/.cache/pypoetry/virtualenvs/src-il7asoJj-py3.13/lib/python3.13/site-packages/fastapi/routing.py", line 302, in app
    raw_response = await run_endpoint_function(
                   ^^^^^^^^^^^^^^^^^^^^^^^^^^^^
    ...<3 lines>...
    )
    ^
  File "/root/.cache/pypoetry/virtualenvs/src-il7asoJj-py3.13/lib/python3.13/site-packages/fastapi/routing.py", line 213, in run_endpoint_function
    return await dependant.call(**values)
           ^^^^^^^^^^^^^^^^^^^^^^^^^^^^^^
  File "/api_v1/routers/users.py", line 160, in get_current_user_profile
    created_at=datetime.now()
               ^^^^^^^^
NameError: name 'datetime' is not defined. Did you forget to import 'datetime'?
2025-12-12 22:35:49 - uvicorn.access - INFO - 192.168.48.1:45544 - "GET /api/v1/users/me HTTP/1.1" 500
2025-12-12 22:35:50 - uvicorn.error - ERROR - Exception in ASGI application
  + Exception Group Traceback (most recent call last):
  |   File "/root/.cache/pypoetry/virtualenvs/src-il7asoJj-py3.13/lib/python3.13/site-packages/starlette/_utils.py", line 77, in collapse_excgroups
  |     yield
  |   File "/root/.cache/pypoetry/virtualenvs/src-il7asoJj-py3.13/lib/python3.13/site-packages/starlette/middleware/base.py", line 183, in __call__
  |     async with anyio.create_task_group() as task_group:
  |                ~~~~~~~~~~~~~~~~~~~~~~~^^
  |   File "/root/.cache/pypoetry/virtualenvs/src-il7asoJj-py3.13/lib/python3.13/site-packages/anyio/_backends/_asyncio.py", line 772, in __aexit__
  |     raise BaseExceptionGroup(
  |         "unhandled errors in a TaskGroup", self._exceptions
  |     ) from None
  | ExceptionGroup: unhandled errors in a TaskGroup (1 sub-exception)
  +-+---------------- 1 ----------------
    | Traceback (most recent call last):
    |   File "/root/.cache/pypoetry/virtualenvs/src-il7asoJj-py3.13/lib/python3.13/site-packages/uvicorn/protocols/http/h11_impl.py", line 403, in run_asgi
    |     result = await app(  # type: ignore[func-returns-value]
    |              ^^^^^^^^^^^^^^^^^^^^^^^^^^^^^^^^^^^^^^^^^^^^^^
    |         self.scope, self.receive, self.send
    |         ^^^^^^^^^^^^^^^^^^^^^^^^^^^^^^^^^^^
    |     )
    |     ^
    |   File "/root/.cache/pypoetry/virtualenvs/src-il7asoJj-py3.13/lib/python3.13/site-packages/uvicorn/middleware/proxy_headers.py", line 60, in __call__
    |     return await self.app(scope, receive, send)
    |            ^^^^^^^^^^^^^^^^^^^^^^^^^^^^^^^^^^^^
    |   File "/root/.cache/pypoetry/virtualenvs/src-il7asoJj-py3.13/lib/python3.13/site-packages/fastapi/applications.py", line 1054, in __call__
    |     await super().__call__(scope, receive, send)
    |   File "/root/.cache/pypoetry/virtualenvs/src-il7asoJj-py3.13/lib/python3.13/site-packages/starlette/applications.py", line 113, in __call__
    |     await self.middleware_stack(scope, receive, send)
    |   File "/root/.cache/pypoetry/virtualenvs/src-il7asoJj-py3.13/lib/python3.13/site-packages/starlette/middleware/errors.py", line 176, in __call__
    |     response = await self.handler(request, exc)
    |                ^^^^^^^^^^^^^^^^^^^^^^^^^^^^^^^^
    |   File "/main.py", line 104, in general_database_exception_handler
    |     raise exc
    |   File "/root/.cache/pypoetry/virtualenvs/src-il7asoJj-py3.13/lib/python3.13/site-packages/starlette/middleware/errors.py", line 164, in __call__
    |     await self.app(scope, receive, _send)
    |   File "/root/.cache/pypoetry/virtualenvs/src-il7asoJj-py3.13/lib/python3.13/site-packages/starlette/middleware/base.py", line 182, in __call__
    |     with recv_stream, send_stream, collapse_excgroups():
    |                                    ~~~~~~~~~~~~~~~~~~^^
    |   File "/usr/local/lib/python3.13/contextlib.py", line 162, in __exit__
    |     self.gen.throw(value)
    |     ~~~~~~~~~~~~~~^^^^^^^
    |   File "/root/.cache/pypoetry/virtualenvs/src-il7asoJj-py3.13/lib/python3.13/site-packages/starlette/_utils.py", line 83, in collapse_excgroups
    |     raise exc
    |   File "/root/.cache/pypoetry/virtualenvs/src-il7asoJj-py3.13/lib/python3.13/site-packages/starlette/middleware/base.py", line 184, in __call__
    |     response = await self.dispatch_func(request, call_next)
    |                ^^^^^^^^^^^^^^^^^^^^^^^^^^^^^^^^^^^^^^^^^^^^
    |   File "/main.py", line 82, in add_user_to_request
    |     response = await call_next(request)
    |                ^^^^^^^^^^^^^^^^^^^^^^^^
    |   File "/root/.cache/pypoetry/virtualenvs/src-il7asoJj-py3.13/lib/python3.13/site-packages/starlette/middleware/base.py", line 159, in call_next
    |     raise app_exc
    |   File "/root/.cache/pypoetry/virtualenvs/src-il7asoJj-py3.13/lib/python3.13/site-packages/starlette/middleware/base.py", line 144, in coro
    |     await self.app(scope, receive_or_disconnect, send_no_error)
    |   File "/root/.cache/pypoetry/virtualenvs/src-il7asoJj-py3.13/lib/python3.13/site-packages/starlette/middleware/cors.py", line 93, in __call__
    |     await self.simple_response(scope, receive, send, request_headers=headers)
    |   File "/root/.cache/pypoetry/virtualenvs/src-il7asoJj-py3.13/lib/python3.13/site-packages/starlette/middleware/cors.py", line 144, in simple_response
    |     await self.app(scope, receive, send)
    |   File "/root/.cache/pypoetry/virtualenvs/src-il7asoJj-py3.13/lib/python3.13/site-packages/starlette/middleware/exceptions.py", line 63, in __call__
    |     await wrap_app_handling_exceptions(self.app, conn)(scope, receive, send)
    |   File "/root/.cache/pypoetry/virtualenvs/src-il7asoJj-py3.13/lib/python3.13/site-packages/starlette/_exception_handler.py", line 53, in wrapped_app
    |     raise exc
    |   File "/root/.cache/pypoetry/virtualenvs/src-il7asoJj-py3.13/lib/python3.13/site-packages/starlette/_exception_handler.py", line 42, in wrapped_app
    |     await app(scope, receive, sender)
    |   File "/root/.cache/pypoetry/virtualenvs/src-il7asoJj-py3.13/lib/python3.13/site-packages/starlette/routing.py", line 716, in __call__
    |     await self.middleware_stack(scope, receive, send)
    |   File "/root/.cache/pypoetry/virtualenvs/src-il7asoJj-py3.13/lib/python3.13/site-packages/starlette/routing.py", line 736, in app
    |     await route.handle(scope, receive, send)
    |   File "/root/.cache/pypoetry/virtualenvs/src-il7asoJj-py3.13/lib/python3.13/site-packages/starlette/routing.py", line 290, in handle
    |     await self.app(scope, receive, send)
    |   File "/root/.cache/pypoetry/virtualenvs/src-il7asoJj-py3.13/lib/python3.13/site-packages/starlette/routing.py", line 78, in app
    |     await wrap_app_handling_exceptions(app, request)(scope, receive, send)
    |   File "/root/.cache/pypoetry/virtualenvs/src-il7asoJj-py3.13/lib/python3.13/site-packages/starlette/_exception_handler.py", line 53, in wrapped_app
    |     raise exc
    |   File "/root/.cache/pypoetry/virtualenvs/src-il7asoJj-py3.13/lib/python3.13/site-packages/starlette/_exception_handler.py", line 42, in wrapped_app
    |     await app(scope, receive, sender)
    |   File "/root/.cache/pypoetry/virtualenvs/src-il7asoJj-py3.13/lib/python3.13/site-packages/starlette/routing.py", line 75, in app
    |     response = await f(request)
    |                ^^^^^^^^^^^^^^^^
    |   File "/root/.cache/pypoetry/virtualenvs/src-il7asoJj-py3.13/lib/python3.13/site-packages/fastapi/routing.py", line 302, in app
    |     raw_response = await run_endpoint_function(
    |                    ^^^^^^^^^^^^^^^^^^^^^^^^^^^^
    |     ...<3 lines>...
    |     )
    |     ^
    |   File "/root/.cache/pypoetry/virtualenvs/src-il7asoJj-py3.13/lib/python3.13/site-packages/fastapi/routing.py", line 213, in run_endpoint_function
    |     return await dependant.call(**values)
    |            ^^^^^^^^^^^^^^^^^^^^^^^^^^^^^^
    |   File "/api_v1/routers/users.py", line 160, in get_current_user_profile
    |     created_at=datetime.now()
    |                ^^^^^^^^
    | NameError: name 'datetime' is not defined. Did you forget to import 'datetime'?
    +------------------------------------

During handling of the above exception, another exception occurred:

Traceback (most recent call last):
  File "/root/.cache/pypoetry/virtualenvs/src-il7asoJj-py3.13/lib/python3.13/site-packages/uvicorn/protocols/http/h11_impl.py", line 403, in run_asgi
    result = await app(  # type: ignore[func-returns-value]
             ^^^^^^^^^^^^^^^^^^^^^^^^^^^^^^^^^^^^^^^^^^^^^^
        self.scope, self.receive, self.send
        ^^^^^^^^^^^^^^^^^^^^^^^^^^^^^^^^^^^
    )
    ^
  File "/root/.cache/pypoetry/virtualenvs/src-il7asoJj-py3.13/lib/python3.13/site-packages/uvicorn/middleware/proxy_headers.py", line 60, in __call__
    return await self.app(scope, receive, send)
           ^^^^^^^^^^^^^^^^^^^^^^^^^^^^^^^^^^^^
  File "/root/.cache/pypoetry/virtualenvs/src-il7asoJj-py3.13/lib/python3.13/site-packages/fastapi/applications.py", line 1054, in __call__
    await super().__call__(scope, receive, send)
  File "/root/.cache/pypoetry/virtualenvs/src-il7asoJj-py3.13/lib/python3.13/site-packages/starlette/applications.py", line 113, in __call__
    await self.middleware_stack(scope, receive, send)
  File "/root/.cache/pypoetry/virtualenvs/src-il7asoJj-py3.13/lib/python3.13/site-packages/starlette/middleware/errors.py", line 176, in __call__
    response = await self.handler(request, exc)
               ^^^^^^^^^^^^^^^^^^^^^^^^^^^^^^^^
  File "/main.py", line 104, in general_database_exception_handler
    raise exc
  File "/root/.cache/pypoetry/virtualenvs/src-il7asoJj-py3.13/lib/python3.13/site-packages/starlette/middleware/errors.py", line 164, in __call__
    await self.app(scope, receive, _send)
  File "/root/.cache/pypoetry/virtualenvs/src-il7asoJj-py3.13/lib/python3.13/site-packages/starlette/middleware/base.py", line 182, in __call__
    with recv_stream, send_stream, collapse_excgroups():
                                   ~~~~~~~~~~~~~~~~~~^^
  File "/usr/local/lib/python3.13/contextlib.py", line 162, in __exit__
    self.gen.throw(value)
    ~~~~~~~~~~~~~~^^^^^^^
  File "/root/.cache/pypoetry/virtualenvs/src-il7asoJj-py3.13/lib/python3.13/site-packages/starlette/_utils.py", line 83, in collapse_excgroups
    raise exc
  File "/root/.cache/pypoetry/virtualenvs/src-il7asoJj-py3.13/lib/python3.13/site-packages/starlette/middleware/base.py", line 184, in __call__
    response = await self.dispatch_func(request, call_next)
               ^^^^^^^^^^^^^^^^^^^^^^^^^^^^^^^^^^^^^^^^^^^^
  File "/main.py", line 82, in add_user_to_request
    response = await call_next(request)
               ^^^^^^^^^^^^^^^^^^^^^^^^
  File "/root/.cache/pypoetry/virtualenvs/src-il7asoJj-py3.13/lib/python3.13/site-packages/starlette/middleware/base.py", line 159, in call_next
    raise app_exc
  File "/root/.cache/pypoetry/virtualenvs/src-il7asoJj-py3.13/lib/python3.13/site-packages/starlette/middleware/base.py", line 144, in coro
    await self.app(scope, receive_or_disconnect, send_no_error)
  File "/root/.cache/pypoetry/virtualenvs/src-il7asoJj-py3.13/lib/python3.13/site-packages/starlette/middleware/cors.py", line 93, in __call__
    await self.simple_response(scope, receive, send, request_headers=headers)
  File "/root/.cache/pypoetry/virtualenvs/src-il7asoJj-py3.13/lib/python3.13/site-packages/starlette/middleware/cors.py", line 144, in simple_response
    await self.app(scope, receive, send)
  File "/root/.cache/pypoetry/virtualenvs/src-il7asoJj-py3.13/lib/python3.13/site-packages/starlette/middleware/exceptions.py", line 63, in __call__
    await wrap_app_handling_exceptions(self.app, conn)(scope, receive, send)
  File "/root/.cache/pypoetry/virtualenvs/src-il7asoJj-py3.13/lib/python3.13/site-packages/starlette/_exception_handler.py", line 53, in wrapped_app
    raise exc
  File "/root/.cache/pypoetry/virtualenvs/src-il7asoJj-py3.13/lib/python3.13/site-packages/starlette/_exception_handler.py", line 42, in wrapped_app
    await app(scope, receive, sender)
  File "/root/.cache/pypoetry/virtualenvs/src-il7asoJj-py3.13/lib/python3.13/site-packages/starlette/routing.py", line 716, in __call__
    await self.middleware_stack(scope, receive, send)
  File "/root/.cache/pypoetry/virtualenvs/src-il7asoJj-py3.13/lib/python3.13/site-packages/starlette/routing.py", line 736, in app
    await route.handle(scope, receive, send)
  File "/root/.cache/pypoetry/virtualenvs/src-il7asoJj-py3.13/lib/python3.13/site-packages/starlette/routing.py", line 290, in handle
    await self.app(scope, receive, send)
  File "/root/.cache/pypoetry/virtualenvs/src-il7asoJj-py3.13/lib/python3.13/site-packages/starlette/routing.py", line 78, in app
    await wrap_app_handling_exceptions(app, request)(scope, receive, send)
  File "/root/.cache/pypoetry/virtualenvs/src-il7asoJj-py3.13/lib/python3.13/site-packages/starlette/_exception_handler.py", line 53, in wrapped_app
    raise exc
  File "/root/.cache/pypoetry/virtualenvs/src-il7asoJj-py3.13/lib/python3.13/site-packages/starlette/_exception_handler.py", line 42, in wrapped_app
    await app(scope, receive, sender)
  File "/root/.cache/pypoetry/virtualenvs/src-il7asoJj-py3.13/lib/python3.13/site-packages/starlette/routing.py", line 75, in app
    response = await f(request)
               ^^^^^^^^^^^^^^^^
  File "/root/.cache/pypoetry/virtualenvs/src-il7asoJj-py3.13/lib/python3.13/site-packages/fastapi/routing.py", line 302, in app
    raw_response = await run_endpoint_function(
                   ^^^^^^^^^^^^^^^^^^^^^^^^^^^^
    ...<3 lines>...
    )
    ^
  File "/root/.cache/pypoetry/virtualenvs/src-il7asoJj-py3.13/lib/python3.13/site-packages/fastapi/routing.py", line 213, in run_endpoint_function
    return await dependant.call(**values)
           ^^^^^^^^^^^^^^^^^^^^^^^^^^^^^^
  File "/api_v1/routers/users.py", line 160, in get_current_user_profile
    created_at=datetime.now()
               ^^^^^^^^
NameError: name 'datetime' is not defined. Did you forget to import 'datetime'?
2025-12-12 22:35:50 - uvicorn.access - INFO - 192.168.48.1:45532 - "GET /api/v1/users/me HTTP/1.1" 500
2025-12-12 22:35:50 - uvicorn.error - ERROR - Exception in ASGI application
  + Exception Group Traceback (most recent call last):
  |   File "/root/.cache/pypoetry/virtualenvs/src-il7asoJj-py3.13/lib/python3.13/site-packages/starlette/_utils.py", line 77, in collapse_excgroups
  |     yield
  |   File "/root/.cache/pypoetry/virtualenvs/src-il7asoJj-py3.13/lib/python3.13/site-packages/starlette/middleware/base.py", line 183, in __call__
  |     async with anyio.create_task_group() as task_group:
  |                ~~~~~~~~~~~~~~~~~~~~~~~^^
  |   File "/root/.cache/pypoetry/virtualenvs/src-il7asoJj-py3.13/lib/python3.13/site-packages/anyio/_backends/_asyncio.py", line 772, in __aexit__
  |     raise BaseExceptionGroup(
  |         "unhandled errors in a TaskGroup", self._exceptions
  |     ) from None
  | ExceptionGroup: unhandled errors in a TaskGroup (1 sub-exception)
  +-+---------------- 1 ----------------
    | Traceback (most recent call last):
    |   File "/root/.cache/pypoetry/virtualenvs/src-il7asoJj-py3.13/lib/python3.13/site-packages/uvicorn/protocols/http/h11_impl.py", line 403, in run_asgi
    |     result = await app(  # type: ignore[func-returns-value]
    |              ^^^^^^^^^^^^^^^^^^^^^^^^^^^^^^^^^^^^^^^^^^^^^^
    |         self.scope, self.receive, self.send
    |         ^^^^^^^^^^^^^^^^^^^^^^^^^^^^^^^^^^^
    |     )
    |     ^
    |   File "/root/.cache/pypoetry/virtualenvs/src-il7asoJj-py3.13/lib/python3.13/site-packages/uvicorn/middleware/proxy_headers.py", line 60, in __call__
    |     return await self.app(scope, receive, send)
    |            ^^^^^^^^^^^^^^^^^^^^^^^^^^^^^^^^^^^^
    |   File "/root/.cache/pypoetry/virtualenvs/src-il7asoJj-py3.13/lib/python3.13/site-packages/fastapi/applications.py", line 1054, in __call__
    |     await super().__call__(scope, receive, send)
    |   File "/root/.cache/pypoetry/virtualenvs/src-il7asoJj-py3.13/lib/python3.13/site-packages/starlette/applications.py", line 113, in __call__
    |     await self.middleware_stack(scope, receive, send)
    |   File "/root/.cache/pypoetry/virtualenvs/src-il7asoJj-py3.13/lib/python3.13/site-packages/starlette/middleware/errors.py", line 176, in __call__
    |     response = await self.handler(request, exc)
    |                ^^^^^^^^^^^^^^^^^^^^^^^^^^^^^^^^
    |   File "/main.py", line 104, in general_database_exception_handler
    |     raise exc
    |   File "/root/.cache/pypoetry/virtualenvs/src-il7asoJj-py3.13/lib/python3.13/site-packages/starlette/middleware/errors.py", line 164, in __call__
    |     await self.app(scope, receive, _send)
    |   File "/root/.cache/pypoetry/virtualenvs/src-il7asoJj-py3.13/lib/python3.13/site-packages/starlette/middleware/base.py", line 182, in __call__
    |     with recv_stream, send_stream, collapse_excgroups():
    |                                    ~~~~~~~~~~~~~~~~~~^^
    |   File "/usr/local/lib/python3.13/contextlib.py", line 162, in __exit__
    |     self.gen.throw(value)
    |     ~~~~~~~~~~~~~~^^^^^^^
    |   File "/root/.cache/pypoetry/virtualenvs/src-il7asoJj-py3.13/lib/python3.13/site-packages/starlette/_utils.py", line 83, in collapse_excgroups
    |     raise exc
    |   File "/root/.cache/pypoetry/virtualenvs/src-il7asoJj-py3.13/lib/python3.13/site-packages/starlette/middleware/base.py", line 184, in __call__
    |     response = await self.dispatch_func(request, call_next)
    |                ^^^^^^^^^^^^^^^^^^^^^^^^^^^^^^^^^^^^^^^^^^^^
    |   File "/main.py", line 82, in add_user_to_request
    |     response = await call_next(request)
    |                ^^^^^^^^^^^^^^^^^^^^^^^^
    |   File "/root/.cache/pypoetry/virtualenvs/src-il7asoJj-py3.13/lib/python3.13/site-packages/starlette/middleware/base.py", line 159, in call_next
    |     raise app_exc
    |   File "/root/.cache/pypoetry/virtualenvs/src-il7asoJj-py3.13/lib/python3.13/site-packages/starlette/middleware/base.py", line 144, in coro
    |     await self.app(scope, receive_or_disconnect, send_no_error)
    |   File "/root/.cache/pypoetry/virtualenvs/src-il7asoJj-py3.13/lib/python3.13/site-packages/starlette/middleware/cors.py", line 93, in __call__
    |     await self.simple_response(scope, receive, send, request_headers=headers)
    |   File "/root/.cache/pypoetry/virtualenvs/src-il7asoJj-py3.13/lib/python3.13/site-packages/starlette/middleware/cors.py", line 144, in simple_response
    |     await self.app(scope, receive, send)
    |   File "/root/.cache/pypoetry/virtualenvs/src-il7asoJj-py3.13/lib/python3.13/site-packages/starlette/middleware/exceptions.py", line 63, in __call__
    |     await wrap_app_handling_exceptions(self.app, conn)(scope, receive, send)
    |   File "/root/.cache/pypoetry/virtualenvs/src-il7asoJj-py3.13/lib/python3.13/site-packages/starlette/_exception_handler.py", line 53, in wrapped_app
    |     raise exc
    |   File "/root/.cache/pypoetry/virtualenvs/src-il7asoJj-py3.13/lib/python3.13/site-packages/starlette/_exception_handler.py", line 42, in wrapped_app
    |     await app(scope, receive, sender)
    |   File "/root/.cache/pypoetry/virtualenvs/src-il7asoJj-py3.13/lib/python3.13/site-packages/starlette/routing.py", line 716, in __call__
    |     await self.middleware_stack(scope, receive, send)
    |   File "/root/.cache/pypoetry/virtualenvs/src-il7asoJj-py3.13/lib/python3.13/site-packages/starlette/routing.py", line 736, in app
    |     await route.handle(scope, receive, send)
    |   File "/root/.cache/pypoetry/virtualenvs/src-il7asoJj-py3.13/lib/python3.13/site-packages/starlette/routing.py", line 290, in handle
    |     await self.app(scope, receive, send)
    |   File "/root/.cache/pypoetry/virtualenvs/src-il7asoJj-py3.13/lib/python3.13/site-packages/starlette/routing.py", line 78, in app
    |     await wrap_app_handling_exceptions(app, request)(scope, receive, send)
    |   File "/root/.cache/pypoetry/virtualenvs/src-il7asoJj-py3.13/lib/python3.13/site-packages/starlette/_exception_handler.py", line 53, in wrapped_app
    |     raise exc
    |   File "/root/.cache/pypoetry/virtualenvs/src-il7asoJj-py3.13/lib/python3.13/site-packages/starlette/_exception_handler.py", line 42, in wrapped_app
    |     await app(scope, receive, sender)
    |   File "/root/.cache/pypoetry/virtualenvs/src-il7asoJj-py3.13/lib/python3.13/site-packages/starlette/routing.py", line 75, in app
    |     response = await f(request)
    |                ^^^^^^^^^^^^^^^^
    |   File "/root/.cache/pypoetry/virtualenvs/src-il7asoJj-py3.13/lib/python3.13/site-packages/fastapi/routing.py", line 302, in app
    |     raw_response = await run_endpoint_function(
    |                    ^^^^^^^^^^^^^^^^^^^^^^^^^^^^
    |     ...<3 lines>...
    |     )
    |     ^
    |   File "/root/.cache/pypoetry/virtualenvs/src-il7asoJj-py3.13/lib/python3.13/site-packages/fastapi/routing.py", line 213, in run_endpoint_function
    |     return await dependant.call(**values)
    |            ^^^^^^^^^^^^^^^^^^^^^^^^^^^^^^
    |   File "/api_v1/routers/users.py", line 160, in get_current_user_profile
    |     created_at=datetime.now()
    |                ^^^^^^^^
    | NameError: name 'datetime' is not defined. Did you forget to import 'datetime'?
    +------------------------------------

During handling of the above exception, another exception occurred:

Traceback (most recent call last):
  File "/root/.cache/pypoetry/virtualenvs/src-il7asoJj-py3.13/lib/python3.13/site-packages/uvicorn/protocols/http/h11_impl.py", line 403, in run_asgi
    result = await app(  # type: ignore[func-returns-value]
             ^^^^^^^^^^^^^^^^^^^^^^^^^^^^^^^^^^^^^^^^^^^^^^
        self.scope, self.receive, self.send
        ^^^^^^^^^^^^^^^^^^^^^^^^^^^^^^^^^^^
    )
    ^
  File "/root/.cache/pypoetry/virtualenvs/src-il7asoJj-py3.13/lib/python3.13/site-packages/uvicorn/middleware/proxy_headers.py", line 60, in __call__
    return await self.app(scope, receive, send)
           ^^^^^^^^^^^^^^^^^^^^^^^^^^^^^^^^^^^^
  File "/root/.cache/pypoetry/virtualenvs/src-il7asoJj-py3.13/lib/python3.13/site-packages/fastapi/applications.py", line 1054, in __call__
    await super().__call__(scope, receive, send)
  File "/root/.cache/pypoetry/virtualenvs/src-il7asoJj-py3.13/lib/python3.13/site-packages/starlette/applications.py", line 113, in __call__
    await self.middleware_stack(scope, receive, send)
  File "/root/.cache/pypoetry/virtualenvs/src-il7asoJj-py3.13/lib/python3.13/site-packages/starlette/middleware/errors.py", line 176, in __call__
    response = await self.handler(request, exc)
               ^^^^^^^^^^^^^^^^^^^^^^^^^^^^^^^^
  File "/main.py", line 104, in general_database_exception_handler
    raise exc
  File "/root/.cache/pypoetry/virtualenvs/src-il7asoJj-py3.13/lib/python3.13/site-packages/starlette/middleware/errors.py", line 164, in __call__
    await self.app(scope, receive, _send)
  File "/root/.cache/pypoetry/virtualenvs/src-il7asoJj-py3.13/lib/python3.13/site-packages/starlette/middleware/base.py", line 182, in __call__
    with recv_stream, send_stream, collapse_excgroups():
                                   ~~~~~~~~~~~~~~~~~~^^
  File "/usr/local/lib/python3.13/contextlib.py", line 162, in __exit__
    self.gen.throw(value)
    ~~~~~~~~~~~~~~^^^^^^^
  File "/root/.cache/pypoetry/virtualenvs/src-il7asoJj-py3.13/lib/python3.13/site-packages/starlette/_utils.py", line 83, in collapse_excgroups
    raise exc
  File "/root/.cache/pypoetry/virtualenvs/src-il7asoJj-py3.13/lib/python3.13/site-packages/starlette/middleware/base.py", line 184, in __call__
    response = await self.dispatch_func(request, call_next)
               ^^^^^^^^^^^^^^^^^^^^^^^^^^^^^^^^^^^^^^^^^^^^
  File "/main.py", line 82, in add_user_to_request
    response = await call_next(request)
               ^^^^^^^^^^^^^^^^^^^^^^^^
  File "/root/.cache/pypoetry/virtualenvs/src-il7asoJj-py3.13/lib/python3.13/site-packages/starlette/middleware/base.py", line 159, in call_next
    raise app_exc
  File "/root/.cache/pypoetry/virtualenvs/src-il7asoJj-py3.13/lib/python3.13/site-packages/starlette/middleware/base.py", line 144, in coro
    await self.app(scope, receive_or_disconnect, send_no_error)
  File "/root/.cache/pypoetry/virtualenvs/src-il7asoJj-py3.13/lib/python3.13/site-packages/starlette/middleware/cors.py", line 93, in __call__
    await self.simple_response(scope, receive, send, request_headers=headers)
  File "/root/.cache/pypoetry/virtualenvs/src-il7asoJj-py3.13/lib/python3.13/site-packages/starlette/middleware/cors.py", line 144, in simple_response
    await self.app(scope, receive, send)
  File "/root/.cache/pypoetry/virtualenvs/src-il7asoJj-py3.13/lib/python3.13/site-packages/starlette/middleware/exceptions.py", line 63, in __call__
    await wrap_app_handling_exceptions(self.app, conn)(scope, receive, send)
  File "/root/.cache/pypoetry/virtualenvs/src-il7asoJj-py3.13/lib/python3.13/site-packages/starlette/_exception_handler.py", line 53, in wrapped_app
    raise exc
  File "/root/.cache/pypoetry/virtualenvs/src-il7asoJj-py3.13/lib/python3.13/site-packages/starlette/_exception_handler.py", line 42, in wrapped_app
    await app(scope, receive, sender)
  File "/root/.cache/pypoetry/virtualenvs/src-il7asoJj-py3.13/lib/python3.13/site-packages/starlette/routing.py", line 716, in __call__
    await self.middleware_stack(scope, receive, send)
  File "/root/.cache/pypoetry/virtualenvs/src-il7asoJj-py3.13/lib/python3.13/site-packages/starlette/routing.py", line 736, in app
    await route.handle(scope, receive, send)
  File "/root/.cache/pypoetry/virtualenvs/src-il7asoJj-py3.13/lib/python3.13/site-packages/starlette/routing.py", line 290, in handle
    await self.app(scope, receive, send)
  File "/root/.cache/pypoetry/virtualenvs/src-il7asoJj-py3.13/lib/python3.13/site-packages/starlette/routing.py", line 78, in app
    await wrap_app_handling_exceptions(app, request)(scope, receive, send)
  File "/root/.cache/pypoetry/virtualenvs/src-il7asoJj-py3.13/lib/python3.13/site-packages/starlette/_exception_handler.py", line 53, in wrapped_app
    raise exc
  File "/root/.cache/pypoetry/virtualenvs/src-il7asoJj-py3.13/lib/python3.13/site-packages/starlette/_exception_handler.py", line 42, in wrapped_app
    await app(scope, receive, sender)
  File "/root/.cache/pypoetry/virtualenvs/src-il7asoJj-py3.13/lib/python3.13/site-packages/starlette/routing.py", line 75, in app
    response = await f(request)
               ^^^^^^^^^^^^^^^^
  File "/root/.cache/pypoetry/virtualenvs/src-il7asoJj-py3.13/lib/python3.13/site-packages/fastapi/routing.py", line 302, in app
    raw_response = await run_endpoint_function(
                   ^^^^^^^^^^^^^^^^^^^^^^^^^^^^
    ...<3 lines>...
    )
    ^
  File "/root/.cache/pypoetry/virtualenvs/src-il7asoJj-py3.13/lib/python3.13/site-packages/fastapi/routing.py", line 213, in run_endpoint_function
    return await dependant.call(**values)
           ^^^^^^^^^^^^^^^^^^^^^^^^^^^^^^
  File "/api_v1/routers/users.py", line 160, in get_current_user_profile
    created_at=datetime.now()
               ^^^^^^^^
NameError: name 'datetime' is not defined. Did you forget to import 'datetime'?
2025-12-12 22:35:50 - uvicorn.access - INFO - 192.168.48.1:45536 - "GET /api/v1/users/me HTTP/1.1" 500
2025-12-12 22:35:51 - uvicorn.access - INFO - 192.168.48.1:45526 - "GET /api/v1/adverts/ HTTP/1.1" 200
2025-12-12 22:35:52 - uvicorn.access - INFO - 192.168.48.1:45552 - "GET /api/v1/adverts/ HTTP/1.1" 200
2025-12-12 23:11:16 - uvicorn.access - INFO - 192.168.48.1:57070 - "GET /api/v1/adverts/ HTTP/1.1" 200
2025-12-12 23:14:30 - uvicorn.access - INFO - 192.168.48.1:55240 - "GET /favicon.ico HTTP/1.1" 404
2025-12-12 23:21:01 - uvicorn.access - INFO - 192.168.48.1:60956 - "GET /api/v1/adverts/ HTTP/1.1" 200
2025-12-12 23:21:02 - uvicorn.access - INFO - 192.168.48.1:60956 - "GET /api/v1/adverts/ HTTP/1.1" 200
2025-12-12 23:53:03 - uvicorn.access - INFO - 192.168.48.1:33706 - "GET /api/v1/adverts/ HTTP/1.1" 200
2025-12-12 23:53:04 - uvicorn.access - INFO - 192.168.48.1:33706 - "GET /api/v1/adverts/ HTTP/1.1" 200
2025-12-13 00:11:35 - uvicorn.access - INFO - 192.168.48.1:35922 - "GET /api/v1/adverts/ HTTP/1.1" 200
2025-12-13 00:11:36 - uvicorn.access - INFO - 192.168.48.1:35922 - "GET /api/v1/adverts/ HTTP/1.1" 200
2025-12-13 00:13:06 - uvicorn.access - INFO - 192.168.48.1:59864 - "GET /api/v1/adverts/ HTTP/1.1" 200
2025-12-13 00:13:07 - uvicorn.access - INFO - 192.168.48.1:45510 - "GET /api/v1/adverts/ HTTP/1.1" 200
2025-12-13 00:13:17 - uvicorn.access - INFO - 192.168.48.1:48318 - "GET /api/v1/adverts/ HTTP/1.1" 200
2025-12-13 00:13:18 - uvicorn.access - INFO - 192.168.48.1:48322 - "GET /api/v1/adverts/ HTTP/1.1" 200
2025-12-13 00:22:40 - uvicorn.access - INFO - 192.168.48.1:46892 - "GET /api/v1/adverts/ HTTP/1.1" 200
2025-12-13 00:22:41 - uvicorn.access - INFO - 192.168.48.1:46892 - "GET /api/v1/adverts/ HTTP/1.1" 200
2025-12-13 00:44:56 - uvicorn.access - INFO - 192.168.48.1:39580 - "OPTIONS /api/v1/users/login HTTP/1.1" 200
2025-12-13 00:44:57 - uvicorn.access - INFO - 192.168.48.1:39594 - "POST /api/v1/users/login HTTP/1.1" 200
2025-12-13 00:44:57 - uvicorn.access - INFO - 192.168.48.1:39594 - "OPTIONS /api/v1/users/me HTTP/1.1" 200
2025-12-13 00:44:57 - uvicorn.error - ERROR - Exception in ASGI application
  + Exception Group Traceback (most recent call last):
  |   File "/root/.cache/pypoetry/virtualenvs/src-il7asoJj-py3.13/lib/python3.13/site-packages/starlette/_utils.py", line 77, in collapse_excgroups
  |     yield
  |   File "/root/.cache/pypoetry/virtualenvs/src-il7asoJj-py3.13/lib/python3.13/site-packages/starlette/middleware/base.py", line 183, in __call__
  |     async with anyio.create_task_group() as task_group:
  |                ~~~~~~~~~~~~~~~~~~~~~~~^^
  |   File "/root/.cache/pypoetry/virtualenvs/src-il7asoJj-py3.13/lib/python3.13/site-packages/anyio/_backends/_asyncio.py", line 772, in __aexit__
  |     raise BaseExceptionGroup(
  |         "unhandled errors in a TaskGroup", self._exceptions
  |     ) from None
  | ExceptionGroup: unhandled errors in a TaskGroup (1 sub-exception)
  +-+---------------- 1 ----------------
    | Traceback (most recent call last):
    |   File "/root/.cache/pypoetry/virtualenvs/src-il7asoJj-py3.13/lib/python3.13/site-packages/uvicorn/protocols/http/h11_impl.py", line 403, in run_asgi
    |     result = await app(  # type: ignore[func-returns-value]
    |              ^^^^^^^^^^^^^^^^^^^^^^^^^^^^^^^^^^^^^^^^^^^^^^
    |         self.scope, self.receive, self.send
    |         ^^^^^^^^^^^^^^^^^^^^^^^^^^^^^^^^^^^
    |     )
    |     ^
    |   File "/root/.cache/pypoetry/virtualenvs/src-il7asoJj-py3.13/lib/python3.13/site-packages/uvicorn/middleware/proxy_headers.py", line 60, in __call__
    |     return await self.app(scope, receive, send)
    |            ^^^^^^^^^^^^^^^^^^^^^^^^^^^^^^^^^^^^
    |   File "/root/.cache/pypoetry/virtualenvs/src-il7asoJj-py3.13/lib/python3.13/site-packages/fastapi/applications.py", line 1054, in __call__
    |     await super().__call__(scope, receive, send)
    |   File "/root/.cache/pypoetry/virtualenvs/src-il7asoJj-py3.13/lib/python3.13/site-packages/starlette/applications.py", line 113, in __call__
    |     await self.middleware_stack(scope, receive, send)
    |   File "/root/.cache/pypoetry/virtualenvs/src-il7asoJj-py3.13/lib/python3.13/site-packages/starlette/middleware/errors.py", line 176, in __call__
    |     response = await self.handler(request, exc)
    |                ^^^^^^^^^^^^^^^^^^^^^^^^^^^^^^^^
    |   File "/main.py", line 104, in general_database_exception_handler
    |     raise exc
    |   File "/root/.cache/pypoetry/virtualenvs/src-il7asoJj-py3.13/lib/python3.13/site-packages/starlette/middleware/errors.py", line 164, in __call__
    |     await self.app(scope, receive, _send)
    |   File "/root/.cache/pypoetry/virtualenvs/src-il7asoJj-py3.13/lib/python3.13/site-packages/starlette/middleware/base.py", line 182, in __call__
    |     with recv_stream, send_stream, collapse_excgroups():
    |                                    ~~~~~~~~~~~~~~~~~~^^
    |   File "/usr/local/lib/python3.13/contextlib.py", line 162, in __exit__
    |     self.gen.throw(value)
    |     ~~~~~~~~~~~~~~^^^^^^^
    |   File "/root/.cache/pypoetry/virtualenvs/src-il7asoJj-py3.13/lib/python3.13/site-packages/starlette/_utils.py", line 83, in collapse_excgroups
    |     raise exc
    |   File "/root/.cache/pypoetry/virtualenvs/src-il7asoJj-py3.13/lib/python3.13/site-packages/starlette/middleware/base.py", line 184, in __call__
    |     response = await self.dispatch_func(request, call_next)
    |                ^^^^^^^^^^^^^^^^^^^^^^^^^^^^^^^^^^^^^^^^^^^^
    |   File "/main.py", line 82, in add_user_to_request
    |     response = await call_next(request)
    |                ^^^^^^^^^^^^^^^^^^^^^^^^
    |   File "/root/.cache/pypoetry/virtualenvs/src-il7asoJj-py3.13/lib/python3.13/site-packages/starlette/middleware/base.py", line 159, in call_next
    |     raise app_exc
    |   File "/root/.cache/pypoetry/virtualenvs/src-il7asoJj-py3.13/lib/python3.13/site-packages/starlette/middleware/base.py", line 144, in coro
    |     await self.app(scope, receive_or_disconnect, send_no_error)
    |   File "/root/.cache/pypoetry/virtualenvs/src-il7asoJj-py3.13/lib/python3.13/site-packages/starlette/middleware/cors.py", line 93, in __call__
    |     await self.simple_response(scope, receive, send, request_headers=headers)
    |   File "/root/.cache/pypoetry/virtualenvs/src-il7asoJj-py3.13/lib/python3.13/site-packages/starlette/middleware/cors.py", line 144, in simple_response
    |     await self.app(scope, receive, send)
    |   File "/root/.cache/pypoetry/virtualenvs/src-il7asoJj-py3.13/lib/python3.13/site-packages/starlette/middleware/exceptions.py", line 63, in __call__
    |     await wrap_app_handling_exceptions(self.app, conn)(scope, receive, send)
    |   File "/root/.cache/pypoetry/virtualenvs/src-il7asoJj-py3.13/lib/python3.13/site-packages/starlette/_exception_handler.py", line 53, in wrapped_app
    |     raise exc
    |   File "/root/.cache/pypoetry/virtualenvs/src-il7asoJj-py3.13/lib/python3.13/site-packages/starlette/_exception_handler.py", line 42, in wrapped_app
    |     await app(scope, receive, sender)
    |   File "/root/.cache/pypoetry/virtualenvs/src-il7asoJj-py3.13/lib/python3.13/site-packages/starlette/routing.py", line 716, in __call__
    |     await self.middleware_stack(scope, receive, send)
    |   File "/root/.cache/pypoetry/virtualenvs/src-il7asoJj-py3.13/lib/python3.13/site-packages/starlette/routing.py", line 736, in app
    |     await route.handle(scope, receive, send)
    |   File "/root/.cache/pypoetry/virtualenvs/src-il7asoJj-py3.13/lib/python3.13/site-packages/starlette/routing.py", line 290, in handle
    |     await self.app(scope, receive, send)
    |   File "/root/.cache/pypoetry/virtualenvs/src-il7asoJj-py3.13/lib/python3.13/site-packages/starlette/routing.py", line 78, in app
    |     await wrap_app_handling_exceptions(app, request)(scope, receive, send)
    |   File "/root/.cache/pypoetry/virtualenvs/src-il7asoJj-py3.13/lib/python3.13/site-packages/starlette/_exception_handler.py", line 53, in wrapped_app
    |     raise exc
    |   File "/root/.cache/pypoetry/virtualenvs/src-il7asoJj-py3.13/lib/python3.13/site-packages/starlette/_exception_handler.py", line 42, in wrapped_app
    |     await app(scope, receive, sender)
    |   File "/root/.cache/pypoetry/virtualenvs/src-il7asoJj-py3.13/lib/python3.13/site-packages/starlette/routing.py", line 75, in app
    |     response = await f(request)
    |                ^^^^^^^^^^^^^^^^
    |   File "/root/.cache/pypoetry/virtualenvs/src-il7asoJj-py3.13/lib/python3.13/site-packages/fastapi/routing.py", line 302, in app
    |     raw_response = await run_endpoint_function(
    |                    ^^^^^^^^^^^^^^^^^^^^^^^^^^^^
    |     ...<3 lines>...
    |     )
    |     ^
    |   File "/root/.cache/pypoetry/virtualenvs/src-il7asoJj-py3.13/lib/python3.13/site-packages/fastapi/routing.py", line 213, in run_endpoint_function
    |     return await dependant.call(**values)
    |            ^^^^^^^^^^^^^^^^^^^^^^^^^^^^^^
    |   File "/api_v1/routers/users.py", line 160, in get_current_user_profile
    |     created_at=datetime.now()
    |                ^^^^^^^^
    | NameError: name 'datetime' is not defined. Did you forget to import 'datetime'?
    +------------------------------------

During handling of the above exception, another exception occurred:

Traceback (most recent call last):
  File "/root/.cache/pypoetry/virtualenvs/src-il7asoJj-py3.13/lib/python3.13/site-packages/uvicorn/protocols/http/h11_impl.py", line 403, in run_asgi
    result = await app(  # type: ignore[func-returns-value]
             ^^^^^^^^^^^^^^^^^^^^^^^^^^^^^^^^^^^^^^^^^^^^^^
        self.scope, self.receive, self.send
        ^^^^^^^^^^^^^^^^^^^^^^^^^^^^^^^^^^^
    )
    ^
  File "/root/.cache/pypoetry/virtualenvs/src-il7asoJj-py3.13/lib/python3.13/site-packages/uvicorn/middleware/proxy_headers.py", line 60, in __call__
    return await self.app(scope, receive, send)
           ^^^^^^^^^^^^^^^^^^^^^^^^^^^^^^^^^^^^
  File "/root/.cache/pypoetry/virtualenvs/src-il7asoJj-py3.13/lib/python3.13/site-packages/fastapi/applications.py", line 1054, in __call__
    await super().__call__(scope, receive, send)
  File "/root/.cache/pypoetry/virtualenvs/src-il7asoJj-py3.13/lib/python3.13/site-packages/starlette/applications.py", line 113, in __call__
    await self.middleware_stack(scope, receive, send)
  File "/root/.cache/pypoetry/virtualenvs/src-il7asoJj-py3.13/lib/python3.13/site-packages/starlette/middleware/errors.py", line 176, in __call__
    response = await self.handler(request, exc)
               ^^^^^^^^^^^^^^^^^^^^^^^^^^^^^^^^
  File "/main.py", line 104, in general_database_exception_handler
    raise exc
  File "/root/.cache/pypoetry/virtualenvs/src-il7asoJj-py3.13/lib/python3.13/site-packages/starlette/middleware/errors.py", line 164, in __call__
    await self.app(scope, receive, _send)
  File "/root/.cache/pypoetry/virtualenvs/src-il7asoJj-py3.13/lib/python3.13/site-packages/starlette/middleware/base.py", line 182, in __call__
    with recv_stream, send_stream, collapse_excgroups():
                                   ~~~~~~~~~~~~~~~~~~^^
  File "/usr/local/lib/python3.13/contextlib.py", line 162, in __exit__
    self.gen.throw(value)
    ~~~~~~~~~~~~~~^^^^^^^
  File "/root/.cache/pypoetry/virtualenvs/src-il7asoJj-py3.13/lib/python3.13/site-packages/starlette/_utils.py", line 83, in collapse_excgroups
    raise exc
  File "/root/.cache/pypoetry/virtualenvs/src-il7asoJj-py3.13/lib/python3.13/site-packages/starlette/middleware/base.py", line 184, in __call__
    response = await self.dispatch_func(request, call_next)
               ^^^^^^^^^^^^^^^^^^^^^^^^^^^^^^^^^^^^^^^^^^^^
  File "/main.py", line 82, in add_user_to_request
    response = await call_next(request)
               ^^^^^^^^^^^^^^^^^^^^^^^^
  File "/root/.cache/pypoetry/virtualenvs/src-il7asoJj-py3.13/lib/python3.13/site-packages/starlette/middleware/base.py", line 159, in call_next
    raise app_exc
  File "/root/.cache/pypoetry/virtualenvs/src-il7asoJj-py3.13/lib/python3.13/site-packages/starlette/middleware/base.py", line 144, in coro
    await self.app(scope, receive_or_disconnect, send_no_error)
  File "/root/.cache/pypoetry/virtualenvs/src-il7asoJj-py3.13/lib/python3.13/site-packages/starlette/middleware/cors.py", line 93, in __call__
    await self.simple_response(scope, receive, send, request_headers=headers)
  File "/root/.cache/pypoetry/virtualenvs/src-il7asoJj-py3.13/lib/python3.13/site-packages/starlette/middleware/cors.py", line 144, in simple_response
    await self.app(scope, receive, send)
  File "/root/.cache/pypoetry/virtualenvs/src-il7asoJj-py3.13/lib/python3.13/site-packages/starlette/middleware/exceptions.py", line 63, in __call__
    await wrap_app_handling_exceptions(self.app, conn)(scope, receive, send)
  File "/root/.cache/pypoetry/virtualenvs/src-il7asoJj-py3.13/lib/python3.13/site-packages/starlette/_exception_handler.py", line 53, in wrapped_app
    raise exc
  File "/root/.cache/pypoetry/virtualenvs/src-il7asoJj-py3.13/lib/python3.13/site-packages/starlette/_exception_handler.py", line 42, in wrapped_app
    await app(scope, receive, sender)
  File "/root/.cache/pypoetry/virtualenvs/src-il7asoJj-py3.13/lib/python3.13/site-packages/starlette/routing.py", line 716, in __call__
    await self.middleware_stack(scope, receive, send)
  File "/root/.cache/pypoetry/virtualenvs/src-il7asoJj-py3.13/lib/python3.13/site-packages/starlette/routing.py", line 736, in app
    await route.handle(scope, receive, send)
  File "/root/.cache/pypoetry/virtualenvs/src-il7asoJj-py3.13/lib/python3.13/site-packages/starlette/routing.py", line 290, in handle
    await self.app(scope, receive, send)
  File "/root/.cache/pypoetry/virtualenvs/src-il7asoJj-py3.13/lib/python3.13/site-packages/starlette/routing.py", line 78, in app
    await wrap_app_handling_exceptions(app, request)(scope, receive, send)
  File "/root/.cache/pypoetry/virtualenvs/src-il7asoJj-py3.13/lib/python3.13/site-packages/starlette/_exception_handler.py", line 53, in wrapped_app
    raise exc
  File "/root/.cache/pypoetry/virtualenvs/src-il7asoJj-py3.13/lib/python3.13/site-packages/starlette/_exception_handler.py", line 42, in wrapped_app
    await app(scope, receive, sender)
  File "/root/.cache/pypoetry/virtualenvs/src-il7asoJj-py3.13/lib/python3.13/site-packages/starlette/routing.py", line 75, in app
    response = await f(request)
               ^^^^^^^^^^^^^^^^
  File "/root/.cache/pypoetry/virtualenvs/src-il7asoJj-py3.13/lib/python3.13/site-packages/fastapi/routing.py", line 302, in app
    raw_response = await run_endpoint_function(
                   ^^^^^^^^^^^^^^^^^^^^^^^^^^^^
    ...<3 lines>...
    )
    ^
  File "/root/.cache/pypoetry/virtualenvs/src-il7asoJj-py3.13/lib/python3.13/site-packages/fastapi/routing.py", line 213, in run_endpoint_function
    return await dependant.call(**values)
           ^^^^^^^^^^^^^^^^^^^^^^^^^^^^^^
  File "/api_v1/routers/users.py", line 160, in get_current_user_profile
    created_at=datetime.now()
               ^^^^^^^^
NameError: name 'datetime' is not defined. Did you forget to import 'datetime'?
2025-12-13 00:44:58 - uvicorn.access - INFO - 192.168.48.1:39580 - "GET /api/v1/users/me HTTP/1.1" 500
2025-12-13 00:48:30 - uvicorn.error - INFO - Shutting down
2025-12-13 00:48:30 - uvicorn.error - INFO - Waiting for application shutdown.
2025-12-13 00:48:30 - uvicorn.error - INFO - Application shutdown complete.
2025-12-13 00:48:30 - uvicorn.error - INFO - Finished server process [1]
2025-12-13 00:50:19 - root - INFO - Logging configuration loaded successfully
2025-12-13 00:50:19 - uvicorn.error - INFO - Started server process [1]
2025-12-13 00:50:19 - uvicorn.error - INFO - Waiting for application startup.
2025-12-13 00:50:19 - uvicorn.error - INFO - Application startup complete.
2025-12-13 00:50:19 - uvicorn.error - INFO - Uvicorn running on http://0.0.0.0:8000 (Press CTRL+C to quit)
2025-12-13 00:50:31 - uvicorn.access - INFO - 172.20.0.1:45546 - "POST /api/v1/users/login HTTP/1.1" 200
2025-12-13 00:50:31 - uvicorn.access - INFO - 172.20.0.1:45546 - "GET /api/v1/users/me HTTP/1.1" 404
2025-12-13 00:52:56 - uvicorn.access - INFO - 172.20.0.1:53472 - "GET /api/v1/adverts/ HTTP/1.1" 200
2025-12-13 00:52:58 - uvicorn.access - INFO - 172.20.0.1:53474 - "GET /api/v1/adverts/ HTTP/1.1" 200
2025-12-13 04:58:37 - uvicorn.access - INFO - 172.20.0.1:35672 - "GET /api/v1/adverts/ HTTP/1.1" 200
2025-12-13 04:58:38 - uvicorn.access - INFO - 172.20.0.1:35680 - "GET /api/v1/adverts/ HTTP/1.1" 200
2025-12-13 04:59:11 - uvicorn.access - INFO - 172.20.0.1:50182 - "POST /api/v1/users/login HTTP/1.1" 200
2025-12-13 04:59:11 - uvicorn.access - INFO - 172.20.0.1:50182 - "GET /api/v1/users/me HTTP/1.1" 404
2025-12-13 05:05:53 - uvicorn.error - INFO - Shutting down
2025-12-13 05:05:54 - uvicorn.error - INFO - Waiting for application shutdown.
2025-12-13 05:05:54 - uvicorn.error - INFO - Application shutdown complete.
2025-12-13 05:05:54 - uvicorn.error - INFO - Finished server process [1]
2025-12-13 05:08:25 - root - INFO - Logging configuration loaded successfully
2025-12-13 05:08:25 - uvicorn.error - INFO - Started server process [1]
2025-12-13 05:08:25 - uvicorn.error - INFO - Waiting for application startup.
2025-12-13 05:08:25 - uvicorn.error - INFO - Application startup complete.
2025-12-13 05:08:25 - uvicorn.error - INFO - Uvicorn running on http://0.0.0.0:8000 (Press CTRL+C to quit)
2025-12-13 05:09:06 - uvicorn.access - INFO - 172.21.0.1:56546 - "GET /api/v1/adverts/ HTTP/1.1" 200
2025-12-13 05:09:07 - uvicorn.access - INFO - 172.21.0.1:56554 - "GET /api/v1/adverts/ HTTP/1.1" 200
2025-12-13 05:09:27 - uvicorn.access - INFO - 172.21.0.1:47910 - "OPTIONS /api/v1/users/login HTTP/1.1" 200
2025-12-13 05:09:27 - uvicorn.access - INFO - 172.21.0.1:47912 - "POST /api/v1/users/login HTTP/1.1" 200
2025-12-13 05:09:27 - uvicorn.access - INFO - 172.21.0.1:47912 - "OPTIONS /api/v1/users/me HTTP/1.1" 200
2025-12-13 05:09:27 - uvicorn.error - ERROR - Exception in ASGI application
  + Exception Group Traceback (most recent call last):
  |   File "/root/.cache/pypoetry/virtualenvs/src-il7asoJj-py3.13/lib/python3.13/site-packages/starlette/_utils.py", line 77, in collapse_excgroups
  |     yield
  |   File "/root/.cache/pypoetry/virtualenvs/src-il7asoJj-py3.13/lib/python3.13/site-packages/starlette/middleware/base.py", line 183, in __call__
  |     async with anyio.create_task_group() as task_group:
  |                ~~~~~~~~~~~~~~~~~~~~~~~^^
  |   File "/root/.cache/pypoetry/virtualenvs/src-il7asoJj-py3.13/lib/python3.13/site-packages/anyio/_backends/_asyncio.py", line 772, in __aexit__
  |     raise BaseExceptionGroup(
  |         "unhandled errors in a TaskGroup", self._exceptions
  |     ) from None
  | ExceptionGroup: unhandled errors in a TaskGroup (1 sub-exception)
  +-+---------------- 1 ----------------
    | Traceback (most recent call last):
    |   File "/root/.cache/pypoetry/virtualenvs/src-il7asoJj-py3.13/lib/python3.13/site-packages/uvicorn/protocols/http/h11_impl.py", line 403, in run_asgi
    |     result = await app(  # type: ignore[func-returns-value]
    |              ^^^^^^^^^^^^^^^^^^^^^^^^^^^^^^^^^^^^^^^^^^^^^^
    |         self.scope, self.receive, self.send
    |         ^^^^^^^^^^^^^^^^^^^^^^^^^^^^^^^^^^^
    |     )
    |     ^
    |   File "/root/.cache/pypoetry/virtualenvs/src-il7asoJj-py3.13/lib/python3.13/site-packages/uvicorn/middleware/proxy_headers.py", line 60, in __call__
    |     return await self.app(scope, receive, send)
    |            ^^^^^^^^^^^^^^^^^^^^^^^^^^^^^^^^^^^^
    |   File "/root/.cache/pypoetry/virtualenvs/src-il7asoJj-py3.13/lib/python3.13/site-packages/fastapi/applications.py", line 1054, in __call__
    |     await super().__call__(scope, receive, send)
    |   File "/root/.cache/pypoetry/virtualenvs/src-il7asoJj-py3.13/lib/python3.13/site-packages/starlette/applications.py", line 113, in __call__
    |     await self.middleware_stack(scope, receive, send)
    |   File "/root/.cache/pypoetry/virtualenvs/src-il7asoJj-py3.13/lib/python3.13/site-packages/starlette/middleware/errors.py", line 176, in __call__
    |     response = await self.handler(request, exc)
    |                ^^^^^^^^^^^^^^^^^^^^^^^^^^^^^^^^
    |   File "/main.py", line 104, in general_database_exception_handler
    |     raise exc
    |   File "/root/.cache/pypoetry/virtualenvs/src-il7asoJj-py3.13/lib/python3.13/site-packages/starlette/middleware/errors.py", line 164, in __call__
    |     await self.app(scope, receive, _send)
    |   File "/root/.cache/pypoetry/virtualenvs/src-il7asoJj-py3.13/lib/python3.13/site-packages/starlette/middleware/base.py", line 182, in __call__
    |     with recv_stream, send_stream, collapse_excgroups():
    |                                    ~~~~~~~~~~~~~~~~~~^^
    |   File "/usr/local/lib/python3.13/contextlib.py", line 162, in __exit__
    |     self.gen.throw(value)
    |     ~~~~~~~~~~~~~~^^^^^^^
    |   File "/root/.cache/pypoetry/virtualenvs/src-il7asoJj-py3.13/lib/python3.13/site-packages/starlette/_utils.py", line 83, in collapse_excgroups
    |     raise exc
    |   File "/root/.cache/pypoetry/virtualenvs/src-il7asoJj-py3.13/lib/python3.13/site-packages/starlette/middleware/base.py", line 184, in __call__
    |     response = await self.dispatch_func(request, call_next)
    |                ^^^^^^^^^^^^^^^^^^^^^^^^^^^^^^^^^^^^^^^^^^^^
    |   File "/main.py", line 82, in add_user_to_request
    |     response = await call_next(request)
    |                ^^^^^^^^^^^^^^^^^^^^^^^^
    |   File "/root/.cache/pypoetry/virtualenvs/src-il7asoJj-py3.13/lib/python3.13/site-packages/starlette/middleware/base.py", line 159, in call_next
    |     raise app_exc
    |   File "/root/.cache/pypoetry/virtualenvs/src-il7asoJj-py3.13/lib/python3.13/site-packages/starlette/middleware/base.py", line 144, in coro
    |     await self.app(scope, receive_or_disconnect, send_no_error)
    |   File "/root/.cache/pypoetry/virtualenvs/src-il7asoJj-py3.13/lib/python3.13/site-packages/starlette/middleware/cors.py", line 93, in __call__
    |     await self.simple_response(scope, receive, send, request_headers=headers)
    |   File "/root/.cache/pypoetry/virtualenvs/src-il7asoJj-py3.13/lib/python3.13/site-packages/starlette/middleware/cors.py", line 144, in simple_response
    |     await self.app(scope, receive, send)
    |   File "/root/.cache/pypoetry/virtualenvs/src-il7asoJj-py3.13/lib/python3.13/site-packages/starlette/middleware/exceptions.py", line 63, in __call__
    |     await wrap_app_handling_exceptions(self.app, conn)(scope, receive, send)
    |   File "/root/.cache/pypoetry/virtualenvs/src-il7asoJj-py3.13/lib/python3.13/site-packages/starlette/_exception_handler.py", line 53, in wrapped_app
    |     raise exc
    |   File "/root/.cache/pypoetry/virtualenvs/src-il7asoJj-py3.13/lib/python3.13/site-packages/starlette/_exception_handler.py", line 42, in wrapped_app
    |     await app(scope, receive, sender)
    |   File "/root/.cache/pypoetry/virtualenvs/src-il7asoJj-py3.13/lib/python3.13/site-packages/starlette/routing.py", line 716, in __call__
    |     await self.middleware_stack(scope, receive, send)
    |   File "/root/.cache/pypoetry/virtualenvs/src-il7asoJj-py3.13/lib/python3.13/site-packages/starlette/routing.py", line 736, in app
    |     await route.handle(scope, receive, send)
    |   File "/root/.cache/pypoetry/virtualenvs/src-il7asoJj-py3.13/lib/python3.13/site-packages/starlette/routing.py", line 290, in handle
    |     await self.app(scope, receive, send)
    |   File "/root/.cache/pypoetry/virtualenvs/src-il7asoJj-py3.13/lib/python3.13/site-packages/starlette/routing.py", line 78, in app
    |     await wrap_app_handling_exceptions(app, request)(scope, receive, send)
    |   File "/root/.cache/pypoetry/virtualenvs/src-il7asoJj-py3.13/lib/python3.13/site-packages/starlette/_exception_handler.py", line 53, in wrapped_app
    |     raise exc
    |   File "/root/.cache/pypoetry/virtualenvs/src-il7asoJj-py3.13/lib/python3.13/site-packages/starlette/_exception_handler.py", line 42, in wrapped_app
    |     await app(scope, receive, sender)
    |   File "/root/.cache/pypoetry/virtualenvs/src-il7asoJj-py3.13/lib/python3.13/site-packages/starlette/routing.py", line 75, in app
    |     response = await f(request)
    |                ^^^^^^^^^^^^^^^^
    |   File "/root/.cache/pypoetry/virtualenvs/src-il7asoJj-py3.13/lib/python3.13/site-packages/fastapi/routing.py", line 302, in app
    |     raw_response = await run_endpoint_function(
    |                    ^^^^^^^^^^^^^^^^^^^^^^^^^^^^
    |     ...<3 lines>...
    |     )
    |     ^
    |   File "/root/.cache/pypoetry/virtualenvs/src-il7asoJj-py3.13/lib/python3.13/site-packages/fastapi/routing.py", line 213, in run_endpoint_function
    |     return await dependant.call(**values)
    |            ^^^^^^^^^^^^^^^^^^^^^^^^^^^^^^
    |   File "/api_v1/routers/users.py", line 154, in get_current_user_profile
    |     return UserResponse(
    |         id=current_user["id"],  # ← Уже UUID, не нужно преобразовывать
    |     ...<3 lines>...
    |         phone=current_user.get("phone", "")
    |     )
    |   File "/root/.cache/pypoetry/virtualenvs/src-il7asoJj-py3.13/lib/python3.13/site-packages/pydantic/main.py", line 253, in __init__
    |     validated_self = self.__pydantic_validator__.validate_python(data, self_instance=self)
    | pydantic_core._pydantic_core.ValidationError: 1 validation error for UserResponse
    | nickname
    |   Field required [type=missing, input_value={'id': UUID('e2151987-737...nown User', 'phone': ''}, input_type=dict]
    |     For further information visit https://errors.pydantic.dev/2.11/v/missing
    +------------------------------------

During handling of the above exception, another exception occurred:

Traceback (most recent call last):
  File "/root/.cache/pypoetry/virtualenvs/src-il7asoJj-py3.13/lib/python3.13/site-packages/uvicorn/protocols/http/h11_impl.py", line 403, in run_asgi
    result = await app(  # type: ignore[func-returns-value]
             ^^^^^^^^^^^^^^^^^^^^^^^^^^^^^^^^^^^^^^^^^^^^^^
        self.scope, self.receive, self.send
        ^^^^^^^^^^^^^^^^^^^^^^^^^^^^^^^^^^^
    )
    ^
  File "/root/.cache/pypoetry/virtualenvs/src-il7asoJj-py3.13/lib/python3.13/site-packages/uvicorn/middleware/proxy_headers.py", line 60, in __call__
    return await self.app(scope, receive, send)
           ^^^^^^^^^^^^^^^^^^^^^^^^^^^^^^^^^^^^
  File "/root/.cache/pypoetry/virtualenvs/src-il7asoJj-py3.13/lib/python3.13/site-packages/fastapi/applications.py", line 1054, in __call__
    await super().__call__(scope, receive, send)
  File "/root/.cache/pypoetry/virtualenvs/src-il7asoJj-py3.13/lib/python3.13/site-packages/starlette/applications.py", line 113, in __call__
    await self.middleware_stack(scope, receive, send)
  File "/root/.cache/pypoetry/virtualenvs/src-il7asoJj-py3.13/lib/python3.13/site-packages/starlette/middleware/errors.py", line 176, in __call__
    response = await self.handler(request, exc)
               ^^^^^^^^^^^^^^^^^^^^^^^^^^^^^^^^
  File "/main.py", line 104, in general_database_exception_handler
    raise exc
  File "/root/.cache/pypoetry/virtualenvs/src-il7asoJj-py3.13/lib/python3.13/site-packages/starlette/middleware/errors.py", line 164, in __call__
    await self.app(scope, receive, _send)
  File "/root/.cache/pypoetry/virtualenvs/src-il7asoJj-py3.13/lib/python3.13/site-packages/starlette/middleware/base.py", line 182, in __call__
    with recv_stream, send_stream, collapse_excgroups():
                                   ~~~~~~~~~~~~~~~~~~^^
  File "/usr/local/lib/python3.13/contextlib.py", line 162, in __exit__
    self.gen.throw(value)
    ~~~~~~~~~~~~~~^^^^^^^
  File "/root/.cache/pypoetry/virtualenvs/src-il7asoJj-py3.13/lib/python3.13/site-packages/starlette/_utils.py", line 83, in collapse_excgroups
    raise exc
  File "/root/.cache/pypoetry/virtualenvs/src-il7asoJj-py3.13/lib/python3.13/site-packages/starlette/middleware/base.py", line 184, in __call__
    response = await self.dispatch_func(request, call_next)
               ^^^^^^^^^^^^^^^^^^^^^^^^^^^^^^^^^^^^^^^^^^^^
  File "/main.py", line 82, in add_user_to_request
    response = await call_next(request)
               ^^^^^^^^^^^^^^^^^^^^^^^^
  File "/root/.cache/pypoetry/virtualenvs/src-il7asoJj-py3.13/lib/python3.13/site-packages/starlette/middleware/base.py", line 159, in call_next
    raise app_exc
  File "/root/.cache/pypoetry/virtualenvs/src-il7asoJj-py3.13/lib/python3.13/site-packages/starlette/middleware/base.py", line 144, in coro
    await self.app(scope, receive_or_disconnect, send_no_error)
  File "/root/.cache/pypoetry/virtualenvs/src-il7asoJj-py3.13/lib/python3.13/site-packages/starlette/middleware/cors.py", line 93, in __call__
    await self.simple_response(scope, receive, send, request_headers=headers)
  File "/root/.cache/pypoetry/virtualenvs/src-il7asoJj-py3.13/lib/python3.13/site-packages/starlette/middleware/cors.py", line 144, in simple_response
    await self.app(scope, receive, send)
  File "/root/.cache/pypoetry/virtualenvs/src-il7asoJj-py3.13/lib/python3.13/site-packages/starlette/middleware/exceptions.py", line 63, in __call__
    await wrap_app_handling_exceptions(self.app, conn)(scope, receive, send)
  File "/root/.cache/pypoetry/virtualenvs/src-il7asoJj-py3.13/lib/python3.13/site-packages/starlette/_exception_handler.py", line 53, in wrapped_app
    raise exc
  File "/root/.cache/pypoetry/virtualenvs/src-il7asoJj-py3.13/lib/python3.13/site-packages/starlette/_exception_handler.py", line 42, in wrapped_app
    await app(scope, receive, sender)
  File "/root/.cache/pypoetry/virtualenvs/src-il7asoJj-py3.13/lib/python3.13/site-packages/starlette/routing.py", line 716, in __call__
    await self.middleware_stack(scope, receive, send)
  File "/root/.cache/pypoetry/virtualenvs/src-il7asoJj-py3.13/lib/python3.13/site-packages/starlette/routing.py", line 736, in app
    await route.handle(scope, receive, send)
  File "/root/.cache/pypoetry/virtualenvs/src-il7asoJj-py3.13/lib/python3.13/site-packages/starlette/routing.py", line 290, in handle
    await self.app(scope, receive, send)
  File "/root/.cache/pypoetry/virtualenvs/src-il7asoJj-py3.13/lib/python3.13/site-packages/starlette/routing.py", line 78, in app
    await wrap_app_handling_exceptions(app, request)(scope, receive, send)
  File "/root/.cache/pypoetry/virtualenvs/src-il7asoJj-py3.13/lib/python3.13/site-packages/starlette/_exception_handler.py", line 53, in wrapped_app
    raise exc
  File "/root/.cache/pypoetry/virtualenvs/src-il7asoJj-py3.13/lib/python3.13/site-packages/starlette/_exception_handler.py", line 42, in wrapped_app
    await app(scope, receive, sender)
  File "/root/.cache/pypoetry/virtualenvs/src-il7asoJj-py3.13/lib/python3.13/site-packages/starlette/routing.py", line 75, in app
    response = await f(request)
               ^^^^^^^^^^^^^^^^
  File "/root/.cache/pypoetry/virtualenvs/src-il7asoJj-py3.13/lib/python3.13/site-packages/fastapi/routing.py", line 302, in app
    raw_response = await run_endpoint_function(
                   ^^^^^^^^^^^^^^^^^^^^^^^^^^^^
    ...<3 lines>...
    )
    ^
  File "/root/.cache/pypoetry/virtualenvs/src-il7asoJj-py3.13/lib/python3.13/site-packages/fastapi/routing.py", line 213, in run_endpoint_function
    return await dependant.call(**values)
           ^^^^^^^^^^^^^^^^^^^^^^^^^^^^^^
  File "/api_v1/routers/users.py", line 154, in get_current_user_profile
    return UserResponse(
        id=current_user["id"],  # ← Уже UUID, не нужно преобразовывать
    ...<3 lines>...
        phone=current_user.get("phone", "")
    )
  File "/root/.cache/pypoetry/virtualenvs/src-il7asoJj-py3.13/lib/python3.13/site-packages/pydantic/main.py", line 253, in __init__
    validated_self = self.__pydantic_validator__.validate_python(data, self_instance=self)
pydantic_core._pydantic_core.ValidationError: 1 validation error for UserResponse
nickname
  Field required [type=missing, input_value={'id': UUID('e2151987-737...nown User', 'phone': ''}, input_type=dict]
    For further information visit https://errors.pydantic.dev/2.11/v/missing
2025-12-13 05:09:27 - uvicorn.access - INFO - 172.21.0.1:47910 - "GET /api/v1/users/me HTTP/1.1" 500
2025-12-13 05:12:55 - uvicorn.error - INFO - Shutting down
2025-12-13 05:12:55 - uvicorn.error - INFO - Waiting for application shutdown.
2025-12-13 05:12:55 - uvicorn.error - INFO - Application shutdown complete.
2025-12-13 05:12:55 - uvicorn.error - INFO - Finished server process [1]
2025-12-13 05:19:29 - root - INFO - Logging configuration loaded successfully
2025-12-13 05:19:29 - uvicorn.error - INFO - Started server process [1]
2025-12-13 05:19:29 - uvicorn.error - INFO - Waiting for application startup.
2025-12-13 05:19:29 - uvicorn.error - INFO - Application startup complete.
2025-12-13 05:19:29 - uvicorn.error - INFO - Uvicorn running on http://0.0.0.0:8000 (Press CTRL+C to quit)
2025-12-13 05:19:41 - uvicorn.access - INFO - 172.22.0.1:35708 - "OPTIONS /api/v1/users/me HTTP/1.1" 200
2025-12-13 05:19:41 - uvicorn.access - INFO - 172.22.0.1:35710 - "OPTIONS /api/v1/users/me HTTP/1.1" 405
2025-12-13 06:34:14 - uvicorn.access - INFO - 172.22.0.1:45756 - "OPTIONS /api/v1/users/login HTTP/1.1" 200
2025-12-13 06:34:16 - uvicorn.access - INFO - 172.22.0.1:45756 - "POST /api/v1/users/login HTTP/1.1" 200
2025-12-13 06:34:16 - uvicorn.access - INFO - 172.22.0.1:45756 - "OPTIONS /api/v1/users/me HTTP/1.1" 200
2025-12-13 06:34:16 - uvicorn.access - INFO - 172.22.0.1:45760 - "GET /api/v1/users/me HTTP/1.1" 200
2025-12-13 06:34:36 - uvicorn.access - INFO - 172.22.0.1:43572 - "POST /api/v1/users/login HTTP/1.1" 200
2025-12-13 06:34:36 - uvicorn.access - INFO - 172.22.0.1:43572 - "GET /api/v1/users/me HTTP/1.1" 200
2025-12-13 06:35:12 - uvicorn.access - INFO - 172.22.0.1:42774 - "GET /api/v1/users/me HTTP/1.1" 200
2025-12-13 06:35:12 - uvicorn.access - INFO - 172.22.0.1:42774 - "GET /api/v1/users/me HTTP/1.1" 200
2025-12-13 06:35:12 - uvicorn.access - INFO - 172.22.0.1:42774 - "GET /api/v1/users/me HTTP/1.1" 200
2025-12-13 06:35:12 - uvicorn.access - INFO - 172.22.0.1:42774 - "GET /api/v1/users/me HTTP/1.1" 200
2025-12-13 06:35:12 - uvicorn.access - INFO - 172.22.0.1:42774 - "GET /api/v1/users/me HTTP/1.1" 200
2025-12-13 06:35:13 - uvicorn.access - INFO - 172.22.0.1:42774 - "GET /api/v1/users/me HTTP/1.1" 200
2025-12-13 06:35:28 - uvicorn.access - INFO - 172.22.0.1:37688 - "POST /api/v1/users/login HTTP/1.1" 200
2025-12-13 06:35:28 - uvicorn.access - INFO - 172.22.0.1:37688 - "GET /api/v1/users/me HTTP/1.1" 200
2025-12-13 06:35:47 - uvicorn.access - INFO - 172.22.0.1:43112 - "GET /api/v1/users/me HTTP/1.1" 200
2025-12-13 06:35:47 - uvicorn.access - INFO - 172.22.0.1:43128 - "GET /api/v1/users/me HTTP/1.1" 200
2025-12-13 06:35:47 - uvicorn.access - INFO - 172.22.0.1:43128 - "GET /api/v1/users/me HTTP/1.1" 200
2025-12-13 06:35:47 - uvicorn.access - INFO - 172.22.0.1:43128 - "GET /api/v1/users/me HTTP/1.1" 200
2025-12-13 06:35:48 - uvicorn.access - INFO - 172.22.0.1:43110 - "GET /api/v1/adverts/ HTTP/1.1" 200
2025-12-13 06:35:48 - uvicorn.access - INFO - 172.22.0.1:43128 - "GET /api/v1/adverts/ HTTP/1.1" 200
2025-12-13 06:36:00 - uvicorn.access - INFO - 172.22.0.1:51772 - "GET /api/v1/users/me HTTP/1.1" 200
2025-12-13 06:36:00 - uvicorn.access - INFO - 172.22.0.1:51772 - "GET /api/v1/users/me HTTP/1.1" 200
2025-12-13 06:36:00 - uvicorn.access - INFO - 172.22.0.1:51772 - "GET /api/v1/users/me HTTP/1.1" 200
2025-12-13 06:36:00 - uvicorn.access - INFO - 172.22.0.1:51772 - "GET /api/v1/users/me HTTP/1.1" 200
2025-12-13 06:36:01 - uvicorn.access - INFO - 172.22.0.1:51762 - "GET /api/v1/adverts/ HTTP/1.1" 200
2025-12-13 06:36:02 - uvicorn.access - INFO - 172.22.0.1:51772 - "GET /api/v1/adverts/ HTTP/1.1" 200
2025-12-13 06:46:31 - uvicorn.access - INFO - 172.22.0.1:40822 - "GET /api/v1/adverts/ HTTP/1.1" 200
2025-12-13 06:48:11 - uvicorn.access - INFO - 172.22.0.1:44670 - "OPTIONS /api/v1/users/me HTTP/1.1" 200
2025-12-13 06:48:11 - uvicorn.access - INFO - 172.22.0.1:44682 - "GET /api/v1/users/me HTTP/1.1" 200
2025-12-13 06:48:11 - uvicorn.access - INFO - 172.22.0.1:44682 - "GET /api/v1/users/me HTTP/1.1" 200
2025-12-13 06:48:11 - uvicorn.access - INFO - 172.22.0.1:44682 - "GET /api/v1/users/me HTTP/1.1" 200
2025-12-13 06:48:11 - uvicorn.access - INFO - 172.22.0.1:44682 - "GET /api/v1/users/me HTTP/1.1" 200
2025-12-13 06:48:12 - uvicorn.access - INFO - 172.22.0.1:44660 - "GET /api/v1/adverts/ HTTP/1.1" 200
2025-12-13 06:48:19 - uvicorn.access - INFO - 172.22.0.1:44682 - "GET /api/v1/adverts/ HTTP/1.1" 200
2025-12-13 06:48:49 - uvicorn.access - INFO - 172.22.0.1:44816 - "GET /api/v1/adverts/ HTTP/1.1" 200
2025-12-13 06:50:03 - uvicorn.access - INFO - 172.22.0.1:39688 - "GET /api/v1/adverts/ HTTP/1.1" 200
2025-12-13 06:51:33 - uvicorn.access - INFO - 172.22.0.1:40388 - "GET /api/v1/users/me HTTP/1.1" 200
2025-12-13 06:51:33 - uvicorn.access - INFO - 172.22.0.1:40388 - "GET /api/v1/users/me HTTP/1.1" 200
2025-12-13 06:51:33 - uvicorn.access - INFO - 172.22.0.1:40388 - "GET /api/v1/users/me HTTP/1.1" 200
2025-12-13 06:51:33 - uvicorn.access - INFO - 172.22.0.1:40388 - "GET /api/v1/users/me HTTP/1.1" 200
2025-12-13 06:51:33 - uvicorn.access - INFO - 172.22.0.1:40384 - "GET /api/v1/adverts/ HTTP/1.1" 200
2025-12-13 06:51:34 - uvicorn.access - INFO - 172.22.0.1:40388 - "GET /api/v1/adverts/ HTTP/1.1" 200
2025-12-13 06:51:37 - uvicorn.access - INFO - 172.22.0.1:40388 - "POST /api/v1/users/logout HTTP/1.1" 200
2025-12-13 06:51:58 - uvicorn.access - INFO - 172.22.0.1:60438 - "OPTIONS /api/v1/users/login HTTP/1.1" 200
2025-12-13 06:51:58 - uvicorn.access - INFO - 172.22.0.1:60448 - "POST /api/v1/users/login HTTP/1.1" 200
2025-12-13 06:51:58 - uvicorn.access - INFO - 172.22.0.1:60448 - "GET /api/v1/users/me HTTP/1.1" 200
2025-12-13 06:52:04 - uvicorn.access - INFO - 172.22.0.1:60600 - "POST /api/v1/users/login HTTP/1.1" 200
2025-12-13 06:52:04 - uvicorn.access - INFO - 172.22.0.1:60600 - "GET /api/v1/users/me HTTP/1.1" 200
2025-12-13 06:52:13 - uvicorn.access - INFO - 172.22.0.1:49398 - "GET /api/v1/users/me HTTP/1.1" 200
2025-12-13 06:52:13 - uvicorn.access - INFO - 172.22.0.1:49398 - "GET /api/v1/users/me HTTP/1.1" 200
2025-12-13 06:52:13 - uvicorn.access - INFO - 172.22.0.1:49398 - "GET /api/v1/users/me HTTP/1.1" 200
2025-12-13 06:52:13 - uvicorn.access - INFO - 172.22.0.1:49398 - "GET /api/v1/users/me HTTP/1.1" 200
2025-12-13 06:52:14 - uvicorn.access - INFO - 172.22.0.1:49382 - "GET /api/v1/adverts/ HTTP/1.1" 200
2025-12-13 06:52:14 - uvicorn.access - INFO - 172.22.0.1:49398 - "GET /api/v1/adverts/ HTTP/1.1" 200
2025-12-13 06:58:10 - uvicorn.access - INFO - 172.22.0.1:51584 - "GET /api/v1/users/me HTTP/1.1" 200
2025-12-13 06:58:11 - uvicorn.access - INFO - 172.22.0.1:51584 - "GET /api/v1/users/me HTTP/1.1" 200
2025-12-13 06:58:11 - uvicorn.access - INFO - 172.22.0.1:51584 - "GET /api/v1/users/me HTTP/1.1" 200
2025-12-13 06:58:11 - uvicorn.access - INFO - 172.22.0.1:51584 - "GET /api/v1/users/me HTTP/1.1" 200
2025-12-13 06:58:16 - uvicorn.access - INFO - 172.22.0.1:34536 - "OPTIONS /api/v1/users/me HTTP/1.1" 200
2025-12-13 06:58:16 - uvicorn.access - INFO - 172.22.0.1:34548 - "OPTIONS /api/v1/users/me HTTP/1.1" 200
2025-12-13 06:58:16 - uvicorn.access - INFO - 172.22.0.1:34552 - "OPTIONS /api/v1/users/me HTTP/1.1" 200
2025-12-13 06:58:16 - uvicorn.access - INFO - 172.22.0.1:34552 - "GET /api/v1/users/me HTTP/1.1" 200
2025-12-13 06:58:16 - uvicorn.access - INFO - 172.22.0.1:34552 - "GET /api/v1/users/me HTTP/1.1" 200
2025-12-13 06:58:16 - uvicorn.access - INFO - 172.22.0.1:34552 - "GET /api/v1/users/me HTTP/1.1" 200
2025-12-13 06:58:16 - uvicorn.access - INFO - 172.22.0.1:34552 - "GET /api/v1/users/me HTTP/1.1" 200
2025-12-13 07:15:58 - uvicorn.access - INFO - 172.22.0.1:41742 - "GET /api/v1/adverts/ HTTP/1.1" 200
2025-12-13 07:15:58 - uvicorn.access - INFO - 172.22.0.1:41742 - "GET /api/v1/adverts/ HTTP/1.1" 200
2025-12-13 07:23:13 - uvicorn.access - INFO - 172.22.0.1:53110 - "OPTIONS /api/v1/users/me HTTP/1.1" 200
2025-12-13 07:23:13 - uvicorn.access - INFO - 172.22.0.1:53112 - "OPTIONS /api/v1/users/me HTTP/1.1" 200
2025-12-13 07:23:13 - uvicorn.access - INFO - 172.22.0.1:53120 - "OPTIONS /api/v1/users/me HTTP/1.1" 200
2025-12-13 07:23:13 - uvicorn.access - INFO - 172.22.0.1:53126 - "OPTIONS /api/v1/users/me HTTP/1.1" 200
2025-12-13 07:23:13 - uvicorn.access - INFO - 172.22.0.1:53112 - "GET /api/v1/users/me HTTP/1.1" 401
2025-12-13 07:23:14 - uvicorn.access - INFO - 172.22.0.1:53120 - "GET /api/v1/users/me HTTP/1.1" 401
2025-12-13 07:23:14 - uvicorn.access - INFO - 172.22.0.1:53112 - "GET /api/v1/users/me HTTP/1.1" 401
2025-12-13 07:23:14 - uvicorn.access - INFO - 172.22.0.1:53120 - "GET /api/v1/users/me HTTP/1.1" 401
2025-12-13 07:23:14 - uvicorn.access - INFO - 172.22.0.1:53106 - "GET /api/v1/adverts/ HTTP/1.1" 200
2025-12-13 07:23:15 - uvicorn.access - INFO - 172.22.0.1:53120 - "GET /api/v1/adverts/ HTTP/1.1" 200
2025-12-13 07:24:58 - uvicorn.access - INFO - 172.22.0.1:59422 - "GET /api/v1/adverts/ HTTP/1.1" 200
2025-12-13 07:30:10 - uvicorn.access - INFO - 172.22.0.1:39354 - "GET /api/v1/adverts/ HTTP/1.1" 200
2025-12-13 07:30:23 - uvicorn.access - INFO - 172.22.0.1:46398 - "GET /api/v1/adverts/ HTTP/1.1" 200
2025-12-13 07:30:24 - uvicorn.access - INFO - 172.22.0.1:46398 - "GET /api/v1/adverts/ HTTP/1.1" 200
2025-12-13 07:33:50 - uvicorn.access - INFO - 172.22.0.1:36858 - "GET /api/v1/adverts/ HTTP/1.1" 200
2025-12-13 07:34:18 - uvicorn.access - INFO - 172.22.0.1:50982 - "OPTIONS /api/v1/users/login HTTP/1.1" 200
2025-12-13 07:34:18 - uvicorn.access - INFO - 172.22.0.1:50984 - "POST /api/v1/users/login HTTP/1.1" 200
2025-12-13 07:34:18 - uvicorn.access - INFO - 172.22.0.1:50984 - "OPTIONS /api/v1/users/me HTTP/1.1" 200
2025-12-13 07:34:18 - uvicorn.access - INFO - 172.22.0.1:50982 - "GET /api/v1/users/me HTTP/1.1" 200
2025-12-13 07:34:30 - uvicorn.access - INFO - 172.22.0.1:35120 - "GET /api/v1/users/me HTTP/1.1" 200
2025-12-13 07:34:30 - uvicorn.access - INFO - 172.22.0.1:35120 - "GET /api/v1/users/me HTTP/1.1" 200
2025-12-13 07:34:30 - uvicorn.access - INFO - 172.22.0.1:35120 - "GET /api/v1/users/me HTTP/1.1" 200
2025-12-13 07:34:30 - uvicorn.access - INFO - 172.22.0.1:35120 - "GET /api/v1/users/me HTTP/1.1" 200
2025-12-13 07:34:30 - uvicorn.access - INFO - 172.22.0.1:35108 - "GET /api/v1/adverts/ HTTP/1.1" 200
2025-12-13 07:34:31 - uvicorn.access - INFO - 172.22.0.1:35120 - "GET /api/v1/adverts/ HTTP/1.1" 200
2025-12-13 07:36:22 - uvicorn.access - INFO - 172.22.0.1:60316 - "GET /api/v1/adverts/ HTTP/1.1" 200
2025-12-13 07:37:50 - uvicorn.access - INFO - 172.22.0.1:55394 - "GET /api/v1/adverts/ HTTP/1.1" 200
2025-12-13 07:39:28 - uvicorn.access - INFO - 172.22.0.1:42566 - "GET /api/v1/users/me HTTP/1.1" 200
2025-12-13 07:39:28 - uvicorn.access - INFO - 172.22.0.1:42566 - "GET /api/v1/users/me HTTP/1.1" 200
2025-12-13 07:39:28 - uvicorn.access - INFO - 172.22.0.1:42566 - "GET /api/v1/users/me HTTP/1.1" 200
2025-12-13 07:39:28 - uvicorn.access - INFO - 172.22.0.1:42566 - "GET /api/v1/users/me HTTP/1.1" 200
2025-12-13 07:39:28 - uvicorn.access - INFO - 172.22.0.1:42562 - "GET /api/v1/adverts/ HTTP/1.1" 200
2025-12-13 07:39:29 - uvicorn.access - INFO - 172.22.0.1:42566 - "GET /api/v1/adverts/ HTTP/1.1" 200
2025-12-13 07:43:44 - uvicorn.access - INFO - 172.22.0.1:36200 - "GET /api/v1/users/me HTTP/1.1" 200
2025-12-13 07:43:44 - uvicorn.access - INFO - 172.22.0.1:36200 - "GET /api/v1/users/me HTTP/1.1" 200
2025-12-13 07:43:44 - uvicorn.access - INFO - 172.22.0.1:36200 - "GET /api/v1/users/me HTTP/1.1" 200
2025-12-13 07:43:44 - uvicorn.access - INFO - 172.22.0.1:36200 - "GET /api/v1/users/me HTTP/1.1" 200
2025-12-13 07:43:45 - uvicorn.access - INFO - 172.22.0.1:36188 - "GET /api/v1/adverts/ HTTP/1.1" 200
2025-12-13 07:43:46 - uvicorn.access - INFO - 172.22.0.1:36200 - "GET /api/v1/adverts/ HTTP/1.1" 200
2025-12-13 07:43:48 - uvicorn.access - INFO - 172.22.0.1:36200 - "POST /api/v1/users/logout HTTP/1.1" 200
2025-12-13 07:44:07 - uvicorn.access - INFO - 172.22.0.1:36208 - "POST /api/v1/users/login HTTP/1.1" 200
2025-12-13 07:44:07 - uvicorn.access - INFO - 172.22.0.1:36208 - "GET /api/v1/users/me HTTP/1.1" 200
2025-12-13 07:44:07 - uvicorn.access - INFO - 172.22.0.1:36208 - "GET /api/v1/users/me HTTP/1.1" 200
2025-12-13 07:44:09 - uvicorn.access - INFO - 172.22.0.1:36208 - "GET /api/v1/adverts/ HTTP/1.1" 200
2025-12-13 07:44:10 - uvicorn.access - INFO - 172.22.0.1:54344 - "GET /api/v1/adverts/ HTTP/1.1" 200
2025-12-13 07:58:14 - uvicorn.access - INFO - 172.22.0.1:53846 - "OPTIONS /api/v1/users/me HTTP/1.1" 200
2025-12-13 07:58:14 - uvicorn.access - INFO - 172.22.0.1:53850 - "OPTIONS /api/v1/users/me HTTP/1.1" 200
2025-12-13 07:58:14 - uvicorn.access - INFO - 172.22.0.1:53856 - "OPTIONS /api/v1/users/me HTTP/1.1" 200
2025-12-13 07:58:14 - uvicorn.access - INFO - 172.22.0.1:53858 - "GET /api/v1/users/me HTTP/1.1" 200
2025-12-13 07:58:14 - uvicorn.access - INFO - 172.22.0.1:53858 - "GET /api/v1/users/me HTTP/1.1" 200
2025-12-13 07:58:14 - uvicorn.access - INFO - 172.22.0.1:53858 - "GET /api/v1/users/me HTTP/1.1" 200
2025-12-13 07:58:14 - uvicorn.access - INFO - 172.22.0.1:53858 - "GET /api/v1/users/me HTTP/1.1" 200
2025-12-13 08:06:33 - uvicorn.access - INFO - 172.22.0.1:38036 - "GET /api/v1/users/me HTTP/1.1" 200
2025-12-13 08:06:33 - uvicorn.access - INFO - 172.22.0.1:38036 - "GET /api/v1/users/me HTTP/1.1" 200
2025-12-13 08:06:33 - uvicorn.access - INFO - 172.22.0.1:38036 - "GET /api/v1/users/me HTTP/1.1" 200
2025-12-13 08:06:33 - uvicorn.access - INFO - 172.22.0.1:38036 - "GET /api/v1/users/me HTTP/1.1" 200
2025-12-13 08:25:42 - uvicorn.access - INFO - 172.22.0.1:46634 - "OPTIONS /api/v1/users/me HTTP/1.1" 200
2025-12-13 08:25:42 - uvicorn.access - INFO - 172.22.0.1:46640 - "OPTIONS /api/v1/users/me HTTP/1.1" 200
2025-12-13 08:25:42 - uvicorn.access - INFO - 172.22.0.1:46648 - "OPTIONS /api/v1/users/me HTTP/1.1" 200
2025-12-13 08:25:42 - uvicorn.access - INFO - 172.22.0.1:46662 - "OPTIONS /api/v1/users/me HTTP/1.1" 200
2025-12-13 08:25:42 - uvicorn.access - INFO - 172.22.0.1:46670 - "GET /api/v1/users/me HTTP/1.1" 401
2025-12-13 08:25:42 - uvicorn.access - INFO - 172.22.0.1:46662 - "GET /api/v1/users/me HTTP/1.1" 401
2025-12-13 08:25:42 - uvicorn.access - INFO - 172.22.0.1:46670 - "GET /api/v1/users/me HTTP/1.1" 401
2025-12-13 08:25:42 - uvicorn.access - INFO - 172.22.0.1:46648 - "GET /api/v1/users/me HTTP/1.1" 401
2025-12-13 08:27:29 - uvicorn.access - INFO - 172.22.0.1:57502 - "OPTIONS /api/v1/users/login HTTP/1.1" 200
2025-12-13 08:27:30 - uvicorn.access - INFO - 172.22.0.1:57518 - "POST /api/v1/users/login HTTP/1.1" 200
2025-12-13 08:27:30 - uvicorn.access - INFO - 172.22.0.1:57518 - "GET /api/v1/users/me HTTP/1.1" 200
2025-12-13 08:27:30 - uvicorn.access - INFO - 172.22.0.1:57518 - "GET /api/v1/users/me HTTP/1.1" 200
2025-12-13 08:27:32 - uvicorn.access - INFO - 172.22.0.1:57518 - "GET /api/v1/adverts/ HTTP/1.1" 200
2025-12-13 08:27:33 - uvicorn.access - INFO - 172.22.0.1:57502 - "GET /api/v1/adverts/ HTTP/1.1" 200
2025-12-13 08:34:42 - uvicorn.access - INFO - 172.22.0.1:34174 - "GET /api/v1/adverts/1c33d1dd-71b9-48cb-b6c5-9528632e85d2 HTTP/1.1" 200
2025-12-13 08:38:35 - uvicorn.access - INFO - 172.22.0.1:52602 - "GET /api/v1/adverts/1c33d1dd-71b9-48cb-b6c5-9528632e85d2 HTTP/1.1" 200
2025-12-13 08:39:00 - uvicorn.access - INFO - 172.22.0.1:58762 - "OPTIONS /api/v1/users/me HTTP/1.1" 200
2025-12-13 08:39:01 - uvicorn.access - INFO - 172.22.0.1:58766 - "GET /api/v1/users/me HTTP/1.1" 200
2025-12-13 08:39:01 - uvicorn.access - INFO - 172.22.0.1:58766 - "GET /api/v1/users/me HTTP/1.1" 200
2025-12-13 08:39:01 - uvicorn.access - INFO - 172.22.0.1:58766 - "GET /api/v1/users/me HTTP/1.1" 200
2025-12-13 08:39:01 - uvicorn.access - INFO - 172.22.0.1:58766 - "GET /api/v1/users/me HTTP/1.1" 200
2025-12-13 08:39:01 - uvicorn.access - INFO - 172.22.0.1:58758 - "GET /api/v1/adverts/ HTTP/1.1" 200
2025-12-13 08:39:02 - uvicorn.access - INFO - 172.22.0.1:58766 - "GET /api/v1/adverts/ HTTP/1.1" 200
2025-12-13 08:39:08 - uvicorn.access - INFO - 172.22.0.1:43806 - "GET /api/v1/users/me HTTP/1.1" 200
2025-12-13 08:39:09 - uvicorn.access - INFO - 172.22.0.1:43806 - "GET /api/v1/users/me HTTP/1.1" 200
2025-12-13 08:39:09 - uvicorn.access - INFO - 172.22.0.1:43806 - "GET /api/v1/users/me HTTP/1.1" 200
2025-12-13 08:39:09 - uvicorn.access - INFO - 172.22.0.1:43806 - "GET /api/v1/users/me HTTP/1.1" 200
2025-12-13 08:39:09 - uvicorn.access - INFO - 172.22.0.1:43792 - "GET /api/v1/adverts/ HTTP/1.1" 200
2025-12-13 08:39:10 - uvicorn.access - INFO - 172.22.0.1:43806 - "GET /api/v1/adverts/ HTTP/1.1" 200
2025-12-13 08:39:14 - uvicorn.access - INFO - 172.22.0.1:43792 - "GET /api/v1/users/me HTTP/1.1" 200
2025-12-13 08:39:14 - uvicorn.access - INFO - 172.22.0.1:43792 - "GET /api/v1/users/me HTTP/1.1" 200
2025-12-13 08:39:14 - uvicorn.access - INFO - 172.22.0.1:43792 - "GET /api/v1/users/me HTTP/1.1" 200
2025-12-13 08:39:14 - uvicorn.access - INFO - 172.22.0.1:43792 - "GET /api/v1/users/me HTTP/1.1" 200
2025-12-13 08:39:15 - uvicorn.access - INFO - 172.22.0.1:43806 - "GET /api/v1/adverts/ HTTP/1.1" 200
2025-12-13 08:39:16 - uvicorn.access - INFO - 172.22.0.1:43792 - "GET /api/v1/adverts/ HTTP/1.1" 200
2025-12-13 08:39:22 - uvicorn.access - INFO - 172.22.0.1:50658 - "GET /api/v1/adverts/d625f9f9-a30a-4ea9-a7cb-4b3ceb663357 HTTP/1.1" 200
2025-12-13 08:39:22 - uvicorn.access - INFO - 172.22.0.1:50658 - "GET /api/v1/adverts/d625f9f9-a30a-4ea9-a7cb-4b3ceb663357 HTTP/1.1" 200
2025-12-13 08:53:36 - root - INFO - Logging configuration loaded successfully
2025-12-13 08:53:36 - uvicorn.error - INFO - Started server process [1]
2025-12-13 08:53:36 - uvicorn.error - INFO - Waiting for application startup.
2025-12-13 08:53:36 - uvicorn.error - INFO - Application startup complete.
2025-12-13 08:53:36 - uvicorn.error - INFO - Uvicorn running on http://0.0.0.0:8000 (Press CTRL+C to quit)
2025-12-13 08:57:55 - uvicorn.access - INFO - 172.22.0.1:50876 - "OPTIONS /api/v1/users/me HTTP/1.1" 200
2025-12-13 08:57:55 - uvicorn.access - INFO - 172.22.0.1:50888 - "OPTIONS /api/v1/users/me HTTP/1.1" 200
2025-12-13 08:57:55 - uvicorn.access - INFO - 172.22.0.1:50894 - "OPTIONS /api/v1/users/me HTTP/1.1" 200
2025-12-13 08:57:55 - uvicorn.access - INFO - 172.22.0.1:50904 - "OPTIONS /api/v1/users/me HTTP/1.1" 200
2025-12-13 08:57:55 - uvicorn.access - INFO - 172.22.0.1:50904 - "GET /api/v1/users/me HTTP/1.1" 401
2025-12-13 08:57:55 - uvicorn.access - INFO - 172.22.0.1:50894 - "GET /api/v1/users/me HTTP/1.1" 401
2025-12-13 08:57:55 - uvicorn.access - INFO - 172.22.0.1:50904 - "GET /api/v1/users/me HTTP/1.1" 401
2025-12-13 08:57:55 - uvicorn.access - INFO - 172.22.0.1:50894 - "GET /api/v1/users/me HTTP/1.1" 401
2025-12-13 08:57:58 - uvicorn.access - INFO - 172.22.0.1:50872 - "GET /api/v1/adverts/ HTTP/1.1" 200
2025-12-13 08:57:59 - uvicorn.access - INFO - 172.22.0.1:50894 - "GET /api/v1/adverts/ HTTP/1.1" 200
2025-12-13 08:59:37 - uvicorn.access - INFO - 172.22.0.1:60400 - "GET /api/v1/adverts/1c33d1dd-71b9-48cb-b6c5-9528632e85d2 HTTP/1.1" 200
2025-12-13 08:59:37 - uvicorn.access - INFO - 172.22.0.1:60400 - "GET /api/v1/adverts/1c33d1dd-71b9-48cb-b6c5-9528632e85d2 HTTP/1.1" 200
2025-12-13 09:00:08 - uvicorn.access - INFO - 172.22.0.1:52240 - "GET /api/v1/adverts/1c33d1dd-71b9-48cb-b6c5-9528632e85d2 HTTP/1.1" 200
2025-12-13 09:00:08 - uvicorn.access - INFO - 172.22.0.1:52240 - "GET /api/v1/adverts/1c33d1dd-71b9-48cb-b6c5-9528632e85d2 HTTP/1.1" 200
2025-12-13 09:00:25 - uvicorn.access - INFO - 172.22.0.1:48232 - "OPTIONS /api/v1/users/login HTTP/1.1" 200
2025-12-13 09:00:25 - uvicorn.access - INFO - 172.22.0.1:48234 - "POST /api/v1/users/login HTTP/1.1" 200
2025-12-13 09:00:25 - uvicorn.access - INFO - 172.22.0.1:48234 - "GET /api/v1/users/me HTTP/1.1" 200
2025-12-13 09:00:25 - uvicorn.access - INFO - 172.22.0.1:48234 - "GET /api/v1/users/me HTTP/1.1" 200
2025-12-13 09:00:26 - uvicorn.access - INFO - 172.22.0.1:48234 - "GET /api/v1/adverts/ HTTP/1.1" 200
2025-12-13 09:00:26 - uvicorn.access - INFO - 172.22.0.1:48232 - "GET /api/v1/adverts/ HTTP/1.1" 200
2025-12-13 09:00:28 - uvicorn.access - INFO - 172.22.0.1:48232 - "GET /api/v1/adverts/1c33d1dd-71b9-48cb-b6c5-9528632e85d2 HTTP/1.1" 200
2025-12-13 09:00:28 - uvicorn.access - INFO - 172.22.0.1:48232 - "GET /api/v1/adverts/1c33d1dd-71b9-48cb-b6c5-9528632e85d2 HTTP/1.1" 200
2025-12-13 09:00:39 - uvicorn.access - INFO - 172.22.0.1:36000 - "GET /api/v1/adverts/ HTTP/1.1" 200
2025-12-13 09:00:40 - uvicorn.access - INFO - 172.22.0.1:36000 - "GET /api/v1/adverts/ HTTP/1.1" 200
2025-12-13 09:00:43 - uvicorn.access - INFO - 172.22.0.1:36000 - "GET /api/v1/adverts/b0f88cc0-6ad6-4b81-af73-43fc8401d518 HTTP/1.1" 200
2025-12-13 09:00:43 - uvicorn.access - INFO - 172.22.0.1:36000 - "GET /api/v1/adverts/b0f88cc0-6ad6-4b81-af73-43fc8401d518 HTTP/1.1" 200
2025-12-13 09:00:46 - uvicorn.access - INFO - 172.22.0.1:36000 - "GET /api/v1/adverts/ HTTP/1.1" 200
2025-12-13 09:00:49 - uvicorn.access - INFO - 172.22.0.1:36000 - "GET /api/v1/adverts/382bc714-2cf8-448f-9de6-43f1fe4a4b40 HTTP/1.1" 200
2025-12-13 09:00:49 - uvicorn.access - INFO - 172.22.0.1:51196 - "GET /api/v1/adverts/382bc714-2cf8-448f-9de6-43f1fe4a4b40 HTTP/1.1" 200
2025-12-13 09:00:49 - uvicorn.access - INFO - 172.22.0.1:36014 - "GET /api/v1/adverts/ HTTP/1.1" 200
2025-12-13 09:02:28 - uvicorn.access - INFO - 172.22.0.1:50812 - "GET /api/v1/users/me HTTP/1.1" 200
2025-12-13 09:02:28 - uvicorn.access - INFO - 172.22.0.1:50806 - "GET /api/v1/adverts/382bc714-2cf8-448f-9de6-43f1fe4a4b40 HTTP/1.1" 200
2025-12-13 09:02:28 - uvicorn.access - INFO - 172.22.0.1:50812 - "GET /api/v1/adverts/382bc714-2cf8-448f-9de6-43f1fe4a4b40 HTTP/1.1" 200
2025-12-13 09:02:28 - uvicorn.access - INFO - 172.22.0.1:50806 - "GET /api/v1/users/me HTTP/1.1" 200
2025-12-13 09:02:28 - uvicorn.access - INFO - 172.22.0.1:50806 - "GET /api/v1/users/me HTTP/1.1" 200
2025-12-13 09:02:28 - uvicorn.access - INFO - 172.22.0.1:50806 - "GET /api/v1/users/me HTTP/1.1" 200
2025-12-13 09:02:32 - uvicorn.access - INFO - 172.22.0.1:50812 - "GET /api/v1/users/me HTTP/1.1" 200
2025-12-13 09:02:32 - uvicorn.access - INFO - 172.22.0.1:50812 - "GET /api/v1/users/me HTTP/1.1" 200
2025-12-13 09:02:32 - uvicorn.access - INFO - 172.22.0.1:50812 - "GET /api/v1/users/me HTTP/1.1" 200
2025-12-13 09:02:32 - uvicorn.access - INFO - 172.22.0.1:50812 - "GET /api/v1/users/me HTTP/1.1" 200
2025-12-13 09:02:33 - uvicorn.access - INFO - 172.22.0.1:50806 - "GET /api/v1/adverts/ HTTP/1.1" 200
2025-12-13 09:02:34 - uvicorn.access - INFO - 172.22.0.1:50812 - "GET /api/v1/adverts/ HTTP/1.1" 200
2025-12-13 09:02:35 - uvicorn.access - INFO - 172.22.0.1:50812 - "GET /api/v1/adverts/1c33d1dd-71b9-48cb-b6c5-9528632e85d2 HTTP/1.1" 200
2025-12-13 09:02:35 - uvicorn.access - INFO - 172.22.0.1:50812 - "GET /api/v1/adverts/1c33d1dd-71b9-48cb-b6c5-9528632e85d2 HTTP/1.1" 200
2025-12-13 09:08:35 - uvicorn.access - INFO - 172.22.0.1:46176 - "GET /api/v1/adverts/1c33d1dd-71b9-48cb-b6c5-9528632e85d2 HTTP/1.1" 200
2025-12-13 09:08:35 - uvicorn.access - INFO - 172.22.0.1:46180 - "OPTIONS /api/v1/users/me HTTP/1.1" 200
2025-12-13 09:08:35 - uvicorn.access - INFO - 172.22.0.1:46176 - "GET /api/v1/adverts/1c33d1dd-71b9-48cb-b6c5-9528632e85d2 HTTP/1.1" 200
2025-12-13 09:08:35 - uvicorn.access - INFO - 172.22.0.1:46190 - "OPTIONS /api/v1/users/me HTTP/1.1" 200
2025-12-13 09:08:35 - uvicorn.access - INFO - 172.22.0.1:46206 - "GET /api/v1/users/me HTTP/1.1" 200
2025-12-13 09:08:36 - uvicorn.access - INFO - 172.22.0.1:46206 - "GET /api/v1/users/me HTTP/1.1" 200
2025-12-13 09:08:36 - uvicorn.access - INFO - 172.22.0.1:46206 - "GET /api/v1/users/me HTTP/1.1" 200
2025-12-13 09:08:36 - uvicorn.access - INFO - 172.22.0.1:46190 - "GET /api/v1/users/me HTTP/1.1" 200
2025-12-13 09:29:56 - uvicorn.access - INFO - 172.22.0.1:44230 - "OPTIONS /api/v1/users/me HTTP/1.1" 200
2025-12-13 09:29:56 - uvicorn.access - INFO - 172.22.0.1:44244 - "OPTIONS /api/v1/users/me HTTP/1.1" 200
2025-12-13 09:29:56 - uvicorn.access - INFO - 172.22.0.1:44246 - "OPTIONS /api/v1/users/me HTTP/1.1" 200
2025-12-13 09:29:56 - uvicorn.access - INFO - 172.22.0.1:44250 - "OPTIONS /api/v1/users/me HTTP/1.1" 200
2025-12-13 09:29:57 - uvicorn.access - INFO - 172.22.0.1:44262 - "GET /api/v1/users/me HTTP/1.1" 200
2025-12-13 09:29:57 - uvicorn.access - INFO - 172.22.0.1:44262 - "GET /api/v1/users/me HTTP/1.1" 200
2025-12-13 09:29:57 - uvicorn.access - INFO - 172.22.0.1:44262 - "GET /api/v1/users/me HTTP/1.1" 200
2025-12-13 09:29:57 - uvicorn.access - INFO - 172.22.0.1:44262 - "GET /api/v1/users/me HTTP/1.1" 200
2025-12-13 09:29:57 - uvicorn.access - INFO - 172.22.0.1:44226 - "GET /api/v1/adverts/ HTTP/1.1" 200
2025-12-13 09:29:58 - uvicorn.access - INFO - 172.22.0.1:44262 - "GET /api/v1/adverts/ HTTP/1.1" 200
2025-12-13 09:29:59 - uvicorn.access - INFO - 172.22.0.1:44262 - "GET /api/v1/adverts/1c33d1dd-71b9-48cb-b6c5-9528632e85d2 HTTP/1.1" 200
2025-12-13 09:29:59 - uvicorn.access - INFO - 172.22.0.1:44262 - "GET /api/v1/adverts/1c33d1dd-71b9-48cb-b6c5-9528632e85d2 HTTP/1.1" 200
2025-12-13 09:30:04 - uvicorn.access - INFO - 172.22.0.1:44262 - "POST /api/v1/users/logout HTTP/1.1" 200
2025-12-13 09:30:05 - uvicorn.access - INFO - 172.22.0.1:44262 - "GET /api/v1/adverts/ HTTP/1.1" 200
2025-12-13 09:30:06 - uvicorn.access - INFO - 172.22.0.1:56490 - "GET /api/v1/adverts/ HTTP/1.1" 200
2025-12-13 09:30:22 - uvicorn.access - INFO - 172.22.0.1:40890 - "OPTIONS /api/v1/users/login HTTP/1.1" 200
2025-12-13 09:30:22 - uvicorn.access - INFO - 172.22.0.1:40894 - "POST /api/v1/users/login HTTP/1.1" 200
2025-12-13 09:30:23 - uvicorn.access - INFO - 172.22.0.1:40894 - "GET /api/v1/users/me HTTP/1.1" 200
2025-12-13 09:30:23 - uvicorn.access - INFO - 172.22.0.1:40894 - "GET /api/v1/users/me HTTP/1.1" 200
2025-12-13 09:30:23 - uvicorn.access - INFO - 172.22.0.1:40894 - "GET /api/v1/adverts/ HTTP/1.1" 200
2025-12-13 09:30:24 - uvicorn.access - INFO - 172.22.0.1:40890 - "GET /api/v1/adverts/ HTTP/1.1" 200
2025-12-13 09:37:12 - uvicorn.access - INFO - 172.22.0.1:45310 - "GET /docs HTTP/1.1" 200
2025-12-13 09:37:16 - uvicorn.access - INFO - 172.22.0.1:45310 - "GET /openapi.json HTTP/1.1" 200
2025-12-13 09:37:31 - uvicorn.access - INFO - 172.22.0.1:55656 - "GET /api/v1/adverts/ HTTP/1.1" 200
2025-12-13 09:45:21 - uvicorn.access - INFO - 172.22.0.1:42292 - "POST /api/v1/users/login HTTP/1.1" 200
2025-12-13 09:46:14 - uvicorn.access - INFO - 172.22.0.1:56920 - "GET /api/v1/adverts/created HTTP/1.1" 200
2025-12-13 09:46:33 - uvicorn.access - INFO - 172.22.0.1:42378 - "GET /api/v1/adverts/382bc714-2cf8-448f-9de6-43f1fe4a4b40 HTTP/1.1" 200
2025-12-13 09:46:33 - uvicorn.access - INFO - 172.22.0.1:42378 - "GET /api/v1/adverts/382bc714-2cf8-448f-9de6-43f1fe4a4b40 HTTP/1.1" 200
2025-12-13 09:46:39 - uvicorn.access - INFO - 172.22.0.1:36136 - "GET /api/v1/adverts/382bc714-2cf8-448f-9de6-43f1fe4a4b40 HTTP/1.1" 200
2025-12-13 09:46:39 - uvicorn.access - INFO - 172.22.0.1:36148 - "OPTIONS /api/v1/users/me HTTP/1.1" 200
2025-12-13 09:46:39 - uvicorn.access - INFO - 172.22.0.1:36136 - "GET /api/v1/adverts/382bc714-2cf8-448f-9de6-43f1fe4a4b40 HTTP/1.1" 200
2025-12-13 09:46:39 - uvicorn.access - INFO - 172.22.0.1:36158 - "GET /api/v1/users/me HTTP/1.1" 200
2025-12-13 09:46:39 - uvicorn.access - INFO - 172.22.0.1:36136 - "GET /api/v1/users/me HTTP/1.1" 200
2025-12-13 09:46:39 - uvicorn.access - INFO - 172.22.0.1:36136 - "GET /api/v1/users/me HTTP/1.1" 200
2025-12-13 09:46:39 - uvicorn.access - INFO - 172.22.0.1:36136 - "GET /api/v1/users/me HTTP/1.1" 200
2025-12-13 09:47:25 - uvicorn.access - INFO - 172.22.0.1:56100 - "GET /api/v1/adverts/382bc714-2cf8-448f-9de6-43f1fe4a4b40 HTTP/1.1" 200
2025-12-13 09:53:02 - uvicorn.access - INFO - 172.22.0.1:38200 - "GET /api/v1/users/me HTTP/1.1" 200
2025-12-13 09:53:02 - uvicorn.access - INFO - 172.22.0.1:38200 - "GET /api/v1/users/me HTTP/1.1" 200
2025-12-13 09:53:02 - uvicorn.access - INFO - 172.22.0.1:38200 - "GET /api/v1/users/me HTTP/1.1" 200
2025-12-13 09:53:02 - uvicorn.access - INFO - 172.22.0.1:38200 - "GET /api/v1/users/me HTTP/1.1" 200
2025-12-13 09:53:03 - uvicorn.access - INFO - 172.22.0.1:38184 - "GET /api/v1/adverts/ HTTP/1.1" 200
2025-12-13 09:53:03 - uvicorn.access - INFO - 172.22.0.1:38200 - "GET /api/v1/adverts/ HTTP/1.1" 200
2025-12-13 09:54:28 - uvicorn.access - INFO - 172.22.0.1:39794 - "GET /api/v1/adverts/ HTTP/1.1" 200
2025-12-13 09:55:03 - uvicorn.access - INFO - 172.22.0.1:45980 - "GET /api/v1/adverts/ HTTP/1.1" 200
2025-12-13 09:56:43 - uvicorn.access - INFO - 172.22.0.1:57996 - "GET /api/v1/adverts/ HTTP/1.1" 200
2025-12-13 09:58:07 - uvicorn.access - INFO - 172.22.0.1:39772 - "GET /api/v1/adverts/ HTTP/1.1" 200
2025-12-13 09:59:25 - uvicorn.access - INFO - 172.22.0.1:46324 - "GET /api/v1/adverts/ HTTP/1.1" 200
2025-12-13 09:59:38 - uvicorn.access - INFO - 172.22.0.1:42316 - "OPTIONS /api/v1/users/me HTTP/1.1" 200
2025-12-13 09:59:38 - uvicorn.access - INFO - 172.22.0.1:42332 - "OPTIONS /api/v1/users/me HTTP/1.1" 200
2025-12-13 09:59:38 - uvicorn.access - INFO - 172.22.0.1:42338 - "OPTIONS /api/v1/users/me HTTP/1.1" 200
2025-12-13 09:59:38 - uvicorn.access - INFO - 172.22.0.1:42348 - "OPTIONS /api/v1/users/me HTTP/1.1" 200
2025-12-13 09:59:38 - uvicorn.access - INFO - 172.22.0.1:42354 - "GET /api/v1/users/me HTTP/1.1" 200
2025-12-13 09:59:39 - uvicorn.access - INFO - 172.22.0.1:42354 - "GET /api/v1/users/me HTTP/1.1" 200
2025-12-13 09:59:39 - uvicorn.access - INFO - 172.22.0.1:42354 - "GET /api/v1/users/me HTTP/1.1" 200
2025-12-13 09:59:39 - uvicorn.access - INFO - 172.22.0.1:42354 - "GET /api/v1/users/me HTTP/1.1" 200
2025-12-13 09:59:39 - uvicorn.access - INFO - 172.22.0.1:42310 - "GET /api/v1/adverts/ HTTP/1.1" 200
2025-12-13 09:59:40 - uvicorn.access - INFO - 172.22.0.1:42354 - "GET /api/v1/adverts/ HTTP/1.1" 200
2025-12-13 10:00:16 - uvicorn.access - INFO - 172.22.0.1:34986 - "GET /api/v1/adverts/ HTTP/1.1" 200
2025-12-13 10:00:25 - uvicorn.access - INFO - 172.22.0.1:34988 - "GET /api/v1/adverts/1c33d1dd-71b9-48cb-b6c5-9528632e85d2 HTTP/1.1" 200
2025-12-13 10:00:25 - uvicorn.access - INFO - 172.22.0.1:34988 - "GET /api/v1/adverts/1c33d1dd-71b9-48cb-b6c5-9528632e85d2 HTTP/1.1" 200
2025-12-13 10:00:28 - uvicorn.access - INFO - 172.22.0.1:34988 - "GET /api/v1/adverts/ HTTP/1.1" 200
2025-12-13 10:00:29 - uvicorn.access - INFO - 172.22.0.1:50532 - "GET /api/v1/adverts/ HTTP/1.1" 200
2025-12-13 10:00:50 - uvicorn.access - INFO - 172.22.0.1:45236 - "GET /api/v1/users/me HTTP/1.1" 401
2025-12-13 10:00:50 - uvicorn.access - INFO - 172.22.0.1:45248 - "GET /api/v1/users/me HTTP/1.1" 401
2025-12-13 10:00:50 - uvicorn.access - INFO - 172.22.0.1:45236 - "GET /api/v1/users/me HTTP/1.1" 401
2025-12-13 10:00:50 - uvicorn.access - INFO - 172.22.0.1:45248 - "GET /api/v1/users/me HTTP/1.1" 401
2025-12-13 10:00:51 - uvicorn.access - INFO - 172.22.0.1:45226 - "GET /api/v1/adverts/ HTTP/1.1" 200
2025-12-13 10:00:51 - uvicorn.access - INFO - 172.22.0.1:45248 - "GET /api/v1/adverts/ HTTP/1.1" 200
2025-12-13 10:00:56 - uvicorn.access - INFO - 172.22.0.1:45248 - "GET /api/v1/adverts/ HTTP/1.1" 200
2025-12-13 10:00:56 - uvicorn.access - INFO - 172.22.0.1:45226 - "GET /api/v1/adverts/ HTTP/1.1" 200
2025-12-13 10:01:09 - uvicorn.access - INFO - 172.22.0.1:38210 - "GET /api/v1/adverts/1c33d1dd-71b9-48cb-b6c5-9528632e85d2 HTTP/1.1" 200
2025-12-13 10:01:09 - uvicorn.access - INFO - 172.22.0.1:38222 - "GET /api/v1/adverts/1c33d1dd-71b9-48cb-b6c5-9528632e85d2 HTTP/1.1" 200
2025-12-13 10:01:12 - uvicorn.access - INFO - 172.22.0.1:38222 - "GET /api/v1/adverts/ HTTP/1.1" 200
2025-12-13 10:01:13 - uvicorn.access - INFO - 172.22.0.1:38210 - "GET /api/v1/adverts/ HTTP/1.1" 200
2025-12-13 10:02:16 - uvicorn.access - INFO - 172.22.0.1:45112 - "GET /api/v1/adverts/ HTTP/1.1" 200
2025-12-13 10:03:17 - uvicorn.access - INFO - 172.22.0.1:60878 - "GET /api/v1/adverts/ HTTP/1.1" 200
2025-12-13 10:08:15 - root - INFO - Logging configuration loaded successfully
2025-12-13 10:08:15 - uvicorn.error - INFO - Started server process [1]
2025-12-13 10:08:15 - uvicorn.error - INFO - Waiting for application startup.
2025-12-13 10:08:15 - uvicorn.error - INFO - Application startup complete.
2025-12-13 10:08:15 - uvicorn.error - INFO - Uvicorn running on http://0.0.0.0:8000 (Press CTRL+C to quit)
2025-12-13 10:09:32 - uvicorn.access - INFO - 172.22.0.1:57116 - "GET /api/v1/adverts/ HTTP/1.1" 200
2025-12-13 10:09:33 - uvicorn.access - INFO - 172.22.0.1:57128 - "GET /api/v1/adverts/ HTTP/1.1" 200
2025-12-13 10:10:00 - uvicorn.access - INFO - 172.22.0.1:34720 - "GET /api/v1/adverts/1c33d1dd-71b9-48cb-b6c5-9528632e85d2 HTTP/1.1" 200
2025-12-13 10:10:00 - uvicorn.access - INFO - 172.22.0.1:34720 - "GET /api/v1/adverts/1c33d1dd-71b9-48cb-b6c5-9528632e85d2 HTTP/1.1" 200
2025-12-13 10:10:39 - uvicorn.access - INFO - 172.22.0.1:43484 - "OPTIONS /api/v1/users/login HTTP/1.1" 200
2025-12-13 10:10:39 - uvicorn.access - INFO - 172.22.0.1:43484 - "POST /api/v1/users/login HTTP/1.1" 200
2025-12-13 10:10:39 - uvicorn.access - INFO - 172.22.0.1:43484 - "OPTIONS /api/v1/users/me HTTP/1.1" 200
2025-12-13 10:10:39 - uvicorn.access - INFO - 172.22.0.1:43490 - "GET /api/v1/users/me HTTP/1.1" 200
2025-12-13 10:10:39 - uvicorn.access - INFO - 172.22.0.1:43490 - "GET /api/v1/users/me HTTP/1.1" 200
2025-12-13 10:10:40 - uvicorn.access - INFO - 172.22.0.1:43490 - "GET /api/v1/adverts/ HTTP/1.1" 200
2025-12-13 10:10:41 - uvicorn.access - INFO - 172.22.0.1:43484 - "GET /api/v1/adverts/ HTTP/1.1" 200
2025-12-13 10:10:49 - uvicorn.access - INFO - 172.22.0.1:43696 - "GET /api/v1/adverts/1c33d1dd-71b9-48cb-b6c5-9528632e85d2 HTTP/1.1" 200
2025-12-13 10:10:49 - uvicorn.access - INFO - 172.22.0.1:43696 - "GET /api/v1/adverts/1c33d1dd-71b9-48cb-b6c5-9528632e85d2 HTTP/1.1" 200
2025-12-13 10:11:05 - uvicorn.access - INFO - 172.22.0.1:47622 - "POST /api/v1/users/logout HTTP/1.1" 200
2025-12-13 10:11:07 - uvicorn.access - INFO - 172.22.0.1:47622 - "GET /api/v1/adverts/ HTTP/1.1" 200
2025-12-13 10:11:07 - uvicorn.access - INFO - 172.22.0.1:57970 - "GET /api/v1/adverts/ HTTP/1.1" 200
2025-12-13 10:16:26 - uvicorn.access - INFO - 172.22.0.1:56948 - "GET /api/v1/adverts/1c33d1dd-71b9-48cb-b6c5-9528632e85d2 HTTP/1.1" 200
2025-12-13 10:16:26 - uvicorn.access - INFO - 172.22.0.1:56948 - "GET /api/v1/adverts/1c33d1dd-71b9-48cb-b6c5-9528632e85d2 HTTP/1.1" 200
2025-12-16 20:53:36 - root - INFO - Logging configuration loaded successfully
2025-12-16 20:53:36 - uvicorn.error - INFO - Started server process [1]
2025-12-16 20:53:36 - uvicorn.error - INFO - Waiting for application startup.
2025-12-16 20:53:36 - uvicorn.error - INFO - Application startup complete.
2025-12-16 20:53:36 - uvicorn.error - INFO - Uvicorn running on http://0.0.0.0:8000 (Press CTRL+C to quit)
2025-12-18 10:33:09 - root - INFO - Logging configuration loaded successfully
2025-12-18 10:33:09 - uvicorn.error - INFO - Started server process [1]
2025-12-18 10:33:09 - uvicorn.error - INFO - Waiting for application startup.
2025-12-18 10:33:09 - uvicorn.error - INFO - Application startup complete.
2025-12-18 10:33:09 - uvicorn.error - INFO - Uvicorn running on http://0.0.0.0:8000 (Press CTRL+C to quit)
2025-12-18 12:33:46 - uvicorn.access - INFO - 172.22.0.1:59198 - "GET /api/v1/adverts/ HTTP/1.1" 200
2025-12-18 12:33:47 - uvicorn.access - INFO - 172.22.0.1:59212 - "GET /api/v1/adverts/ HTTP/1.1" 200
2025-12-18 12:35:47 - uvicorn.access - INFO - 172.22.0.1:46078 - "GET /api/v1/adverts/ HTTP/1.1" 200
2025-12-18 12:35:47 - uvicorn.access - INFO - 172.22.0.1:35988 - "GET /api/v1/adverts/ HTTP/1.1" 200
2025-12-18 12:39:23 - uvicorn.error - INFO - Shutting down
2025-12-18 12:39:23 - uvicorn.error - INFO - Waiting for application shutdown.
2025-12-18 12:39:23 - uvicorn.error - INFO - Application shutdown complete.
2025-12-18 12:39:23 - uvicorn.error - INFO - Finished server process [1]
2025-12-18 12:41:04 - root - INFO - Logging configuration loaded successfully
2025-12-18 12:41:04 - uvicorn.error - INFO - Started server process [1]
2025-12-18 12:41:04 - uvicorn.error - INFO - Waiting for application startup.
2025-12-18 12:41:04 - uvicorn.error - INFO - Application startup complete.
2025-12-18 12:41:04 - uvicorn.error - INFO - Uvicorn running on http://0.0.0.0:8000 (Press CTRL+C to quit)
2025-12-18 12:41:45 - uvicorn.access - INFO - 172.20.0.1:47722 - "GET /api/v1/adverts/ HTTP/1.1" 200
2025-12-18 12:41:45 - uvicorn.access - INFO - 172.20.0.1:47724 - "GET /api/v1/adverts/ HTTP/1.1" 200
2025-12-18 12:41:52 - uvicorn.access - INFO - 172.20.0.1:34660 - "GET /api/v1/adverts/ HTTP/1.1" 200
2025-12-18 12:41:53 - uvicorn.access - INFO - 172.20.0.1:34676 - "GET /api/v1/adverts/ HTTP/1.1" 200
2025-12-18 12:47:20 - uvicorn.error - INFO - Shutting down
2025-12-18 12:47:21 - uvicorn.error - INFO - Waiting for application shutdown.
2025-12-18 12:47:21 - uvicorn.error - INFO - Application shutdown complete.
2025-12-18 12:47:21 - uvicorn.error - INFO - Finished server process [1]
2025-12-18 12:50:59 - root - INFO - Logging configuration loaded successfully
2025-12-18 12:50:59 - uvicorn.error - INFO - Started server process [1]
2025-12-18 12:50:59 - uvicorn.error - INFO - Waiting for application startup.
2025-12-18 12:50:59 - uvicorn.error - INFO - Application startup complete.
2025-12-18 12:50:59 - uvicorn.error - INFO - Uvicorn running on http://0.0.0.0:8000 (Press CTRL+C to quit)
2025-12-18 12:54:16 - uvicorn.access - INFO - 172.21.0.1:55770 - "GET /api/v1/adverts/ HTTP/1.1" 200
2025-12-18 12:54:17 - uvicorn.access - INFO - 172.21.0.1:55772 - "GET /api/v1/adverts/ HTTP/1.1" 200
2025-12-18 13:18:03 - uvicorn.access - INFO - 172.21.0.1:40778 - "GET /api/v1/adverts/ HTTP/1.1" 200
2025-12-18 13:18:03 - uvicorn.access - INFO - 172.21.0.1:40788 - "GET /api/v1/adverts/ HTTP/1.1" 200
2025-12-18 13:25:58 - uvicorn.error - INFO - Shutting down
2025-12-18 13:25:58 - uvicorn.error - INFO - Waiting for application shutdown.
2025-12-18 13:25:58 - uvicorn.error - INFO - Application shutdown complete.
2025-12-18 13:25:58 - uvicorn.error - INFO - Finished server process [1]
2025-12-18 13:30:50 - root - INFO - Logging configuration loaded successfully
2025-12-18 13:30:51 - uvicorn.error - INFO - Started server process [1]
2025-12-18 13:30:51 - uvicorn.error - INFO - Waiting for application startup.
2025-12-18 13:30:51 - uvicorn.error - INFO - Application startup complete.
2025-12-18 13:30:51 - uvicorn.error - INFO - Uvicorn running on http://0.0.0.0:8000 (Press CTRL+C to quit)
2025-12-18 13:31:42 - uvicorn.access - INFO - 172.22.0.1:60784 - "GET /api/v1/adverts/ HTTP/1.1" 200
2025-12-18 13:31:43 - uvicorn.access - INFO - 172.22.0.1:60784 - "GET /api/v1/adverts/ HTTP/1.1" 200
2025-12-18 13:38:44 - uvicorn.access - INFO - 172.22.0.1:53030 - "GET /api/v1/adverts/ HTTP/1.1" 200
2025-12-18 13:38:45 - uvicorn.access - INFO - 172.22.0.1:53032 - "GET /api/v1/adverts/ HTTP/1.1" 200
2025-12-18 13:40:55 - uvicorn.access - INFO - 172.22.0.1:53586 - "GET /api/v1/adverts/ HTTP/1.1" 200
2025-12-18 13:40:56 - uvicorn.access - INFO - 172.22.0.1:53586 - "GET /api/v1/adverts/ HTTP/1.1" 200
2025-12-18 13:52:41 - uvicorn.access - INFO - 172.22.0.1:33386 - "GET /api/v1/adverts/ HTTP/1.1" 200
2025-12-18 13:52:42 - uvicorn.access - INFO - 172.22.0.1:33388 - "GET /api/v1/adverts/ HTTP/1.1" 200
2025-12-18 13:59:09 - uvicorn.access - INFO - 172.22.0.1:41184 - "GET /api/v1/adverts/e1e5ec19-d7ab-496b-8f72-e3de4139df7e HTTP/1.1" 200
2025-12-18 13:59:09 - uvicorn.access - INFO - 172.22.0.1:41184 - "GET /api/v1/adverts/e1e5ec19-d7ab-496b-8f72-e3de4139df7e HTTP/1.1" 200
2025-12-18 13:59:13 - uvicorn.access - INFO - 172.22.0.1:41184 - "GET /api/v1/adverts/ HTTP/1.1" 200
2025-12-18 13:59:14 - uvicorn.access - INFO - 172.22.0.1:41198 - "GET /api/v1/adverts/ HTTP/1.1" 200
2025-12-18 14:01:15 - uvicorn.access - INFO - 172.22.0.1:37534 - "GET /api/v1/adverts/ HTTP/1.1" 200
2025-12-18 14:01:16 - uvicorn.access - INFO - 172.22.0.1:37540 - "GET /api/v1/adverts/ HTTP/1.1" 200
2025-12-18 14:01:34 - uvicorn.access - INFO - 172.22.0.1:53822 - "GET /api/v1/adverts/ HTTP/1.1" 200
2025-12-18 14:01:35 - uvicorn.access - INFO - 172.22.0.1:53836 - "GET /api/v1/adverts/ HTTP/1.1" 200
2025-12-18 14:08:31 - uvicorn.access - INFO - 172.22.0.1:54272 - "GET /api/v1/adverts/ HTTP/1.1" 200
2025-12-18 14:08:32 - uvicorn.access - INFO - 172.22.0.1:54284 - "GET /api/v1/adverts/ HTTP/1.1" 200
2025-12-18 14:08:33 - uvicorn.access - INFO - 172.22.0.1:54292 - "GET /api/v1/adverts/ HTTP/1.1" 200
2025-12-18 14:08:34 - uvicorn.access - INFO - 172.22.0.1:54306 - "GET /api/v1/adverts/ HTTP/1.1" 200
2025-12-18 14:09:01 - uvicorn.access - INFO - 172.22.0.1:40732 - "GET /api/v1/adverts/ HTTP/1.1" 200
2025-12-18 14:09:02 - uvicorn.access - INFO - 172.22.0.1:40746 - "GET /api/v1/adverts/ HTTP/1.1" 200
2025-12-18 14:16:33 - uvicorn.access - INFO - 172.22.0.1:40460 - "GET /api/v1/adverts/ HTTP/1.1" 200
2025-12-18 14:16:35 - uvicorn.access - INFO - 172.22.0.1:40466 - "GET /api/v1/adverts/ HTTP/1.1" 200
2025-12-18 14:23:17 - uvicorn.access - INFO - 172.22.0.1:59516 - "GET /api/v1/adverts/ HTTP/1.1" 200
2025-12-18 14:23:20 - uvicorn.access - INFO - 172.22.0.1:59526 - "GET /api/v1/adverts/ HTTP/1.1" 200
2025-12-18 14:23:22 - uvicorn.access - INFO - 172.22.0.1:59538 - "GET /api/v1/adverts/ HTTP/1.1" 200
2025-12-18 14:23:22 - uvicorn.access - INFO - 172.22.0.1:59554 - "GET /api/v1/adverts/ HTTP/1.1" 200
2025-12-18 14:23:23 - uvicorn.access - INFO - 172.22.0.1:51194 - "GET /api/v1/adverts/ HTTP/1.1" 200
2025-12-18 14:23:25 - uvicorn.access - INFO - 172.22.0.1:51200 - "GET /api/v1/adverts/ HTTP/1.1" 200
2025-12-18 14:23:27 - uvicorn.access - INFO - 172.22.0.1:51214 - "GET /api/v1/adverts/ HTTP/1.1" 200
2025-12-18 14:23:28 - uvicorn.access - INFO - 172.22.0.1:51232 - "GET /api/v1/adverts/ HTTP/1.1" 200
2025-12-18 14:23:30 - uvicorn.access - INFO - 172.22.0.1:51248 - "GET /api/v1/adverts/ HTTP/1.1" 200
2025-12-18 14:23:30 - uvicorn.access - INFO - 172.22.0.1:51264 - "GET /api/v1/adverts/ HTTP/1.1" 200
2025-12-18 14:23:31 - uvicorn.access - INFO - 172.22.0.1:46540 - "GET /api/v1/adverts/ HTTP/1.1" 200
2025-12-18 14:23:32 - uvicorn.access - INFO - 172.22.0.1:46544 - "GET /api/v1/adverts/ HTTP/1.1" 200
2025-12-18 14:23:33 - uvicorn.access - INFO - 172.22.0.1:46552 - "GET /api/v1/adverts/ HTTP/1.1" 200
2025-12-18 14:24:05 - uvicorn.access - INFO - 172.22.0.1:43140 - "GET /api/v1/adverts/ HTTP/1.1" 200
2025-12-18 14:24:06 - uvicorn.access - INFO - 172.22.0.1:43148 - "GET /api/v1/adverts/ HTTP/1.1" 200
2025-12-18 14:24:08 - uvicorn.access - INFO - 172.22.0.1:43160 - "GET /api/v1/adverts/ HTTP/1.1" 200
2025-12-18 14:24:08 - uvicorn.access - INFO - 172.22.0.1:43170 - "GET /api/v1/adverts/ HTTP/1.1" 200
2025-12-18 14:33:42 - uvicorn.access - INFO - 172.22.0.1:36828 - "GET /api/v1/adverts/b0f88cc0-6ad6-4b81-af73-43fc8401d518 HTTP/1.1" 200
2025-12-18 14:33:42 - uvicorn.access - INFO - 172.22.0.1:36838 - "GET /api/v1/adverts/b0f88cc0-6ad6-4b81-af73-43fc8401d518 HTTP/1.1" 200
2025-12-18 17:55:08 - uvicorn.access - INFO - 172.22.0.1:36688 - "GET /api/v1/adverts/ HTTP/1.1" 200
2025-12-18 17:55:09 - uvicorn.access - INFO - 172.22.0.1:36690 - "GET /api/v1/adverts/ HTTP/1.1" 200
2025-12-18 17:55:42 - uvicorn.access - INFO - 172.22.0.1:54976 - "GET /api/v1/adverts/ HTTP/1.1" 200
2025-12-18 17:55:43 - uvicorn.access - INFO - 172.22.0.1:54992 - "GET /api/v1/adverts/ HTTP/1.1" 200
2025-12-18 17:55:45 - uvicorn.access - INFO - 172.22.0.1:54994 - "GET /api/v1/adverts/1c33d1dd-71b9-48cb-b6c5-9528632e85d2 HTTP/1.1" 200
2025-12-18 17:55:46 - uvicorn.access - INFO - 172.22.0.1:54998 - "GET /api/v1/adverts/1c33d1dd-71b9-48cb-b6c5-9528632e85d2 HTTP/1.1" 200
2025-12-18 17:55:51 - uvicorn.access - INFO - 172.22.0.1:60126 - "GET /api/v1/adverts/ HTTP/1.1" 200
2025-12-18 17:55:52 - uvicorn.access - INFO - 172.22.0.1:60134 - "GET /api/v1/adverts/ HTTP/1.1" 200
2025-12-18 17:56:07 - uvicorn.access - INFO - 172.22.0.1:49584 - "GET /api/v1/adverts/ HTTP/1.1" 200
2025-12-18 17:56:09 - uvicorn.access - INFO - 172.22.0.1:49590 - "GET /api/v1/adverts/ HTTP/1.1" 200
2025-12-18 17:56:34 - uvicorn.access - INFO - 172.22.0.1:51408 - "GET /api/v1/adverts/1c33d1dd-71b9-48cb-b6c5-9528632e85d2 HTTP/1.1" 200
2025-12-18 17:56:34 - uvicorn.access - INFO - 172.22.0.1:51410 - "GET /api/v1/adverts/1c33d1dd-71b9-48cb-b6c5-9528632e85d2 HTTP/1.1" 200
2025-12-18 17:56:40 - uvicorn.access - INFO - 172.22.0.1:56302 - "GET /api/v1/adverts/ HTTP/1.1" 200
2025-12-18 17:56:41 - uvicorn.access - INFO - 172.22.0.1:56310 - "GET /api/v1/adverts/ HTTP/1.1" 200
2025-12-18 18:02:10 - uvicorn.access - INFO - 172.22.0.1:41164 - "GET /api/v1/adverts/ HTTP/1.1" 200
2025-12-18 18:02:11 - uvicorn.access - INFO - 172.22.0.1:41178 - "GET /api/v1/adverts/ HTTP/1.1" 200
2025-12-18 18:02:34 - uvicorn.access - INFO - 172.22.0.1:43488 - "GET /api/v1/adverts/ HTTP/1.1" 200
2025-12-18 18:02:34 - uvicorn.access - INFO - 172.22.0.1:43492 - "GET /api/v1/adverts/ HTTP/1.1" 200
2025-12-18 18:05:52 - uvicorn.access - INFO - 172.22.0.1:40502 - "GET /api/v1/adverts/ HTTP/1.1" 200
2025-12-18 18:05:52 - uvicorn.access - INFO - 172.22.0.1:40518 - "GET /api/v1/adverts/ HTTP/1.1" 200
2025-12-18 18:06:11 - uvicorn.access - INFO - 172.22.0.1:54210 - "GET /api/v1/adverts/ HTTP/1.1" 200
2025-12-18 18:06:12 - uvicorn.access - INFO - 172.22.0.1:54226 - "GET /api/v1/adverts/ HTTP/1.1" 200
2025-12-18 18:06:31 - uvicorn.access - INFO - 172.22.0.1:54238 - "POST /api/v1/users/login HTTP/1.1" 200
2025-12-18 18:06:31 - uvicorn.access - INFO - 172.22.0.1:54250 - "GET /api/v1/users/me HTTP/1.1" 200
2025-12-18 18:06:31 - uvicorn.access - INFO - 172.22.0.1:54278 - "GET /api/v1/users/me HTTP/1.1" 200
2025-12-18 18:06:32 - uvicorn.access - INFO - 172.22.0.1:54264 - "GET /api/v1/adverts/ HTTP/1.1" 200
2025-12-18 18:06:32 - uvicorn.access - INFO - 172.22.0.1:54286 - "GET /api/v1/adverts/ HTTP/1.1" 200
2025-12-18 18:06:41 - uvicorn.access - INFO - 172.22.0.1:51762 - "POST /api/v1/users/login HTTP/1.1" 200
2025-12-18 18:06:41 - uvicorn.access - INFO - 172.22.0.1:51770 - "GET /api/v1/users/me HTTP/1.1" 200
2025-12-18 18:06:42 - uvicorn.access - INFO - 172.22.0.1:51772 - "GET /api/v1/users/me HTTP/1.1" 200
2025-12-18 18:06:42 - uvicorn.access - INFO - 172.22.0.1:51764 - "GET /api/v1/adverts/ HTTP/1.1" 200
2025-12-18 18:06:42 - uvicorn.access - INFO - 172.22.0.1:51786 - "GET /api/v1/adverts/ HTTP/1.1" 200
2025-12-18 18:15:20 - uvicorn.access - INFO - 172.22.0.1:40128 - "GET /api/v1/users/me HTTP/1.1" 200
2025-12-18 18:15:20 - uvicorn.access - INFO - 172.22.0.1:40144 - "GET /api/v1/users/me HTTP/1.1" 200
2025-12-18 18:15:20 - uvicorn.access - INFO - 172.22.0.1:40154 - "GET /api/v1/users/me HTTP/1.1" 200
2025-12-18 18:15:21 - uvicorn.access - INFO - 172.22.0.1:40168 - "GET /api/v1/users/me HTTP/1.1" 200
2025-12-18 18:15:21 - uvicorn.access - INFO - 172.22.0.1:40140 - "GET /api/v1/adverts/ HTTP/1.1" 200
2025-12-18 18:15:21 - uvicorn.access - INFO - 172.22.0.1:40174 - "GET /api/v1/adverts/ HTTP/1.1" 200
2025-12-18 18:15:30 - uvicorn.access - INFO - 172.22.0.1:47512 - "POST /api/v1/users/logout HTTP/1.1" 200
2025-12-18 18:15:40 - uvicorn.access - INFO - 172.22.0.1:38056 - "POST /api/v1/users/login HTTP/1.1" 200
2025-12-18 18:15:40 - uvicorn.access - INFO - 172.22.0.1:38068 - "GET /api/v1/users/me HTTP/1.1" 200
2025-12-18 18:15:40 - uvicorn.access - INFO - 172.22.0.1:38088 - "GET /api/v1/users/me HTTP/1.1" 200
2025-12-18 18:15:40 - uvicorn.access - INFO - 172.22.0.1:38078 - "GET /api/v1/adverts/ HTTP/1.1" 200
2025-12-18 18:15:41 - uvicorn.access - INFO - 172.22.0.1:38090 - "GET /api/v1/adverts/ HTTP/1.1" 200
2025-12-18 18:15:42 - uvicorn.access - INFO - 172.22.0.1:38092 - "GET /api/v1/adverts/382bc714-2cf8-448f-9de6-43f1fe4a4b40 HTTP/1.1" 200
2025-12-18 18:15:42 - uvicorn.access - INFO - 172.22.0.1:38096 - "GET /api/v1/adverts/382bc714-2cf8-448f-9de6-43f1fe4a4b40 HTTP/1.1" 200
2025-12-18 18:15:51 - uvicorn.access - INFO - 172.22.0.1:35944 - "GET /api/v1/users/me HTTP/1.1" 200
2025-12-18 18:15:51 - uvicorn.access - INFO - 172.22.0.1:35964 - "GET /api/v1/users/me HTTP/1.1" 200
2025-12-18 18:15:51 - uvicorn.access - INFO - 172.22.0.1:35968 - "GET /api/v1/users/me HTTP/1.1" 200
2025-12-18 18:15:51 - uvicorn.access - INFO - 172.22.0.1:35976 - "GET /api/v1/users/me HTTP/1.1" 200
2025-12-18 18:15:51 - uvicorn.access - INFO - 172.22.0.1:35958 - "GET /api/v1/adverts/ HTTP/1.1" 200
2025-12-18 18:15:52 - uvicorn.access - INFO - 172.22.0.1:35986 - "GET /api/v1/adverts/ HTTP/1.1" 200
2025-12-18 18:15:54 - uvicorn.access - INFO - 172.22.0.1:35998 - "GET /api/v1/adverts/c2186fcc-a5d0-4894-a065-d948749c38eb HTTP/1.1" 200
2025-12-18 18:15:54 - uvicorn.access - INFO - 172.22.0.1:36010 - "GET /api/v1/adverts/c2186fcc-a5d0-4894-a065-d948749c38eb HTTP/1.1" 200
2025-12-18 18:15:59 - uvicorn.access - INFO - 172.22.0.1:36028 - "GET /api/v1/users/me HTTP/1.1" 200
2025-12-18 18:15:59 - uvicorn.access - INFO - 172.22.0.1:36034 - "GET /api/v1/users/me HTTP/1.1" 200
2025-12-18 18:15:59 - uvicorn.access - INFO - 172.22.0.1:36042 - "GET /api/v1/users/me HTTP/1.1" 200
2025-12-18 18:15:59 - uvicorn.access - INFO - 172.22.0.1:36012 - "GET /api/v1/adverts/ HTTP/1.1" 200
2025-12-18 18:15:59 - uvicorn.access - INFO - 172.22.0.1:45052 - "GET /api/v1/users/me HTTP/1.1" 200
2025-12-18 18:15:59 - uvicorn.access - INFO - 172.22.0.1:45064 - "GET /api/v1/adverts/ HTTP/1.1" 200
2025-12-18 21:18:43 - root - INFO - Logging configuration loaded successfully
2025-12-18 21:18:43 - uvicorn.error - INFO - Started server process [1]
2025-12-18 21:18:43 - uvicorn.error - INFO - Waiting for application startup.
2025-12-18 21:18:43 - uvicorn.error - INFO - Application startup complete.
2025-12-18 21:18:43 - uvicorn.error - INFO - Uvicorn running on http://0.0.0.0:8000 (Press CTRL+C to quit)
2025-12-18 21:21:42 - uvicorn.error - INFO - Shutting down
2025-12-18 21:21:42 - uvicorn.error - INFO - Waiting for application shutdown.
2025-12-18 21:21:42 - uvicorn.error - INFO - Application shutdown complete.
2025-12-18 21:21:42 - uvicorn.error - INFO - Finished server process [1]
2025-12-18 21:49:48 - root - INFO - Logging configuration loaded successfully
2025-12-18 21:49:48 - uvicorn.error - INFO - Started server process [1]
2025-12-18 21:49:48 - uvicorn.error - INFO - Waiting for application startup.
2025-12-18 21:49:48 - uvicorn.error - INFO - Application startup complete.
2025-12-18 21:49:48 - uvicorn.error - INFO - Uvicorn running on http://0.0.0.0:8000 (Press CTRL+C to quit)
2025-12-18 21:58:40 - uvicorn.access - INFO - 172.22.0.1:42294 - "GET /api/v1/adverts/ HTTP/1.1" 200
2025-12-18 21:58:41 - uvicorn.access - INFO - 172.22.0.1:42298 - "GET /api/v1/adverts/ HTTP/1.1" 200
2025-12-18 21:58:57 - uvicorn.access - INFO - 172.22.0.1:41006 - "POST /api/v1/users/login HTTP/1.1" 200
2025-12-18 21:58:57 - uvicorn.access - INFO - 172.22.0.1:41008 - "GET /api/v1/users/me HTTP/1.1" 200
2025-12-18 21:58:57 - uvicorn.access - INFO - 172.22.0.1:41024 - "GET /api/v1/users/me HTTP/1.1" 200
2025-12-18 21:58:58 - uvicorn.access - INFO - 172.22.0.1:41034 - "GET /api/v1/adverts/ HTTP/1.1" 200
2025-12-18 21:58:58 - uvicorn.access - INFO - 172.22.0.1:41050 - "GET /api/v1/adverts/ HTTP/1.1" 200
2025-12-18 22:03:16 - uvicorn.access - INFO - 172.22.0.1:48766 - "GET /api/v1/adverts/d625f9f9-a30a-4ea9-a7cb-4b3ceb663357 HTTP/1.1" 200
2025-12-18 22:03:16 - uvicorn.access - INFO - 172.22.0.1:48782 - "GET /api/v1/adverts/d625f9f9-a30a-4ea9-a7cb-4b3ceb663357 HTTP/1.1" 200
2025-12-18 22:03:20 - uvicorn.access - INFO - 172.22.0.1:37706 - "GET /api/v1/users/me HTTP/1.1" 200
2025-12-18 22:03:20 - uvicorn.access - INFO - 172.22.0.1:37720 - "GET /api/v1/users/me HTTP/1.1" 200
2025-12-18 22:03:20 - uvicorn.access - INFO - 172.22.0.1:37734 - "GET /api/v1/users/me HTTP/1.1" 200
2025-12-18 22:03:21 - uvicorn.access - INFO - 172.22.0.1:37748 - "GET /api/v1/users/me HTTP/1.1" 200
2025-12-18 22:03:21 - uvicorn.access - INFO - 172.22.0.1:37696 - "GET /api/v1/adverts/ HTTP/1.1" 200
2025-12-18 22:03:22 - uvicorn.access - INFO - 172.22.0.1:37760 - "GET /api/v1/adverts/ HTTP/1.1" 200
2025-12-18 23:01:25 - uvicorn.access - INFO - 172.22.0.1:53394 - "GET /api/v1/users/me HTTP/1.1" 401
2025-12-18 23:01:25 - uvicorn.access - INFO - 172.22.0.1:53408 - "GET /api/v1/users/me HTTP/1.1" 401
2025-12-18 23:01:25 - uvicorn.access - INFO - 172.22.0.1:53420 - "GET /api/v1/users/me HTTP/1.1" 401
2025-12-18 23:01:25 - uvicorn.access - INFO - 172.22.0.1:53428 - "GET /api/v1/users/me HTTP/1.1" 401
2025-12-18 23:01:25 - uvicorn.access - INFO - 172.22.0.1:53392 - "GET /api/v1/adverts/ HTTP/1.1" 200
2025-12-18 23:01:26 - uvicorn.access - INFO - 172.22.0.1:53438 - "GET /api/v1/adverts/ HTTP/1.1" 200
2025-12-18 23:03:51 - uvicorn.access - INFO - 172.22.0.1:45128 - "GET /api/v1/adverts/ HTTP/1.1" 200
2025-12-18 23:03:52 - uvicorn.access - INFO - 172.22.0.1:45130 - "GET /api/v1/adverts/ HTTP/1.1" 200
2025-12-18 23:05:36 - uvicorn.access - INFO - 172.22.0.1:33088 - "GET /api/v1/adverts/ HTTP/1.1" 200
2025-12-18 23:05:36 - uvicorn.access - INFO - 172.22.0.1:33102 - "GET /api/v1/adverts/ HTTP/1.1" 200
2025-12-18 23:10:07 - uvicorn.error - ERROR - Exception in ASGI application
  + Exception Group Traceback (most recent call last):
  |   File "/root/.cache/pypoetry/virtualenvs/src-il7asoJj-py3.13/lib/python3.13/site-packages/starlette/_utils.py", line 77, in collapse_excgroups
  |     yield
  |   File "/root/.cache/pypoetry/virtualenvs/src-il7asoJj-py3.13/lib/python3.13/site-packages/starlette/middleware/base.py", line 183, in __call__
  |     async with anyio.create_task_group() as task_group:
  |                ~~~~~~~~~~~~~~~~~~~~~~~^^
  |   File "/root/.cache/pypoetry/virtualenvs/src-il7asoJj-py3.13/lib/python3.13/site-packages/anyio/_backends/_asyncio.py", line 772, in __aexit__
  |     raise BaseExceptionGroup(
  |         "unhandled errors in a TaskGroup", self._exceptions
  |     ) from None
  | ExceptionGroup: unhandled errors in a TaskGroup (1 sub-exception)
  +-+---------------- 1 ----------------
    | Traceback (most recent call last):
    |   File "/root/.cache/pypoetry/virtualenvs/src-il7asoJj-py3.13/lib/python3.13/site-packages/uvicorn/protocols/http/h11_impl.py", line 403, in run_asgi
    |     result = await app(  # type: ignore[func-returns-value]
    |              ^^^^^^^^^^^^^^^^^^^^^^^^^^^^^^^^^^^^^^^^^^^^^^
    |         self.scope, self.receive, self.send
    |         ^^^^^^^^^^^^^^^^^^^^^^^^^^^^^^^^^^^
    |     )
    |     ^
    |   File "/root/.cache/pypoetry/virtualenvs/src-il7asoJj-py3.13/lib/python3.13/site-packages/uvicorn/middleware/proxy_headers.py", line 60, in __call__
    |     return await self.app(scope, receive, send)
    |            ^^^^^^^^^^^^^^^^^^^^^^^^^^^^^^^^^^^^
    |   File "/root/.cache/pypoetry/virtualenvs/src-il7asoJj-py3.13/lib/python3.13/site-packages/fastapi/applications.py", line 1054, in __call__
    |     await super().__call__(scope, receive, send)
    |   File "/root/.cache/pypoetry/virtualenvs/src-il7asoJj-py3.13/lib/python3.13/site-packages/starlette/applications.py", line 113, in __call__
    |     await self.middleware_stack(scope, receive, send)
    |   File "/root/.cache/pypoetry/virtualenvs/src-il7asoJj-py3.13/lib/python3.13/site-packages/starlette/middleware/errors.py", line 176, in __call__
    |     response = await self.handler(request, exc)
    |                ^^^^^^^^^^^^^^^^^^^^^^^^^^^^^^^^
    |   File "/main.py", line 105, in general_database_exception_handler
    |     raise exc
    |   File "/root/.cache/pypoetry/virtualenvs/src-il7asoJj-py3.13/lib/python3.13/site-packages/starlette/middleware/errors.py", line 164, in __call__
    |     await self.app(scope, receive, _send)
    |   File "/root/.cache/pypoetry/virtualenvs/src-il7asoJj-py3.13/lib/python3.13/site-packages/starlette/middleware/base.py", line 182, in __call__
    |     with recv_stream, send_stream, collapse_excgroups():
    |                                    ~~~~~~~~~~~~~~~~~~^^
    |   File "/usr/local/lib/python3.13/contextlib.py", line 162, in __exit__
    |     self.gen.throw(value)
    |     ~~~~~~~~~~~~~~^^^^^^^
    |   File "/root/.cache/pypoetry/virtualenvs/src-il7asoJj-py3.13/lib/python3.13/site-packages/starlette/_utils.py", line 83, in collapse_excgroups
    |     raise exc
    |   File "/root/.cache/pypoetry/virtualenvs/src-il7asoJj-py3.13/lib/python3.13/site-packages/starlette/middleware/base.py", line 184, in __call__
    |     response = await self.dispatch_func(request, call_next)
    |                ^^^^^^^^^^^^^^^^^^^^^^^^^^^^^^^^^^^^^^^^^^^^
    |   File "/main.py", line 83, in add_user_to_request
    |     response = await call_next(request)
    |                ^^^^^^^^^^^^^^^^^^^^^^^^
    |   File "/root/.cache/pypoetry/virtualenvs/src-il7asoJj-py3.13/lib/python3.13/site-packages/starlette/middleware/base.py", line 159, in call_next
    |     raise app_exc
    |   File "/root/.cache/pypoetry/virtualenvs/src-il7asoJj-py3.13/lib/python3.13/site-packages/starlette/middleware/base.py", line 144, in coro
    |     await self.app(scope, receive_or_disconnect, send_no_error)
    |   File "/root/.cache/pypoetry/virtualenvs/src-il7asoJj-py3.13/lib/python3.13/site-packages/starlette/middleware/cors.py", line 93, in __call__
    |     await self.simple_response(scope, receive, send, request_headers=headers)
    |   File "/root/.cache/pypoetry/virtualenvs/src-il7asoJj-py3.13/lib/python3.13/site-packages/starlette/middleware/cors.py", line 144, in simple_response
    |     await self.app(scope, receive, send)
    |   File "/root/.cache/pypoetry/virtualenvs/src-il7asoJj-py3.13/lib/python3.13/site-packages/starlette/middleware/exceptions.py", line 63, in __call__
    |     await wrap_app_handling_exceptions(self.app, conn)(scope, receive, send)
    |   File "/root/.cache/pypoetry/virtualenvs/src-il7asoJj-py3.13/lib/python3.13/site-packages/starlette/_exception_handler.py", line 53, in wrapped_app
    |     raise exc
    |   File "/root/.cache/pypoetry/virtualenvs/src-il7asoJj-py3.13/lib/python3.13/site-packages/starlette/_exception_handler.py", line 42, in wrapped_app
    |     await app(scope, receive, sender)
    |   File "/root/.cache/pypoetry/virtualenvs/src-il7asoJj-py3.13/lib/python3.13/site-packages/starlette/routing.py", line 716, in __call__
    |     await self.middleware_stack(scope, receive, send)
    |   File "/root/.cache/pypoetry/virtualenvs/src-il7asoJj-py3.13/lib/python3.13/site-packages/starlette/routing.py", line 736, in app
    |     await route.handle(scope, receive, send)
    |   File "/root/.cache/pypoetry/virtualenvs/src-il7asoJj-py3.13/lib/python3.13/site-packages/starlette/routing.py", line 290, in handle
    |     await self.app(scope, receive, send)
    |   File "/root/.cache/pypoetry/virtualenvs/src-il7asoJj-py3.13/lib/python3.13/site-packages/starlette/routing.py", line 78, in app
    |     await wrap_app_handling_exceptions(app, request)(scope, receive, send)
    |   File "/root/.cache/pypoetry/virtualenvs/src-il7asoJj-py3.13/lib/python3.13/site-packages/starlette/_exception_handler.py", line 53, in wrapped_app
    |     raise exc
    |   File "/root/.cache/pypoetry/virtualenvs/src-il7asoJj-py3.13/lib/python3.13/site-packages/starlette/_exception_handler.py", line 42, in wrapped_app
    |     await app(scope, receive, sender)
    |   File "/root/.cache/pypoetry/virtualenvs/src-il7asoJj-py3.13/lib/python3.13/site-packages/starlette/routing.py", line 75, in app
    |     response = await f(request)
    |                ^^^^^^^^^^^^^^^^
    |   File "/root/.cache/pypoetry/virtualenvs/src-il7asoJj-py3.13/lib/python3.13/site-packages/fastapi/routing.py", line 328, in app
    |     content = await serialize_response(
    |               ^^^^^^^^^^^^^^^^^^^^^^^^^
    |     ...<9 lines>...
    |     )
    |     ^
    |   File "/root/.cache/pypoetry/virtualenvs/src-il7asoJj-py3.13/lib/python3.13/site-packages/fastapi/routing.py", line 177, in serialize_response
    |     raise ResponseValidationError(
    |         errors=_normalize_errors(errors), body=response_content
    |     )
    | fastapi.exceptions.ResponseValidationError: 1 validation errors:
    |   {'type': 'model_attributes_type', 'loc': ('response',), 'msg': 'Input should be a valid dictionary or object to extract fields from', 'input': None}
    | 
    +------------------------------------

During handling of the above exception, another exception occurred:

Traceback (most recent call last):
  File "/root/.cache/pypoetry/virtualenvs/src-il7asoJj-py3.13/lib/python3.13/site-packages/uvicorn/protocols/http/h11_impl.py", line 403, in run_asgi
    result = await app(  # type: ignore[func-returns-value]
             ^^^^^^^^^^^^^^^^^^^^^^^^^^^^^^^^^^^^^^^^^^^^^^
        self.scope, self.receive, self.send
        ^^^^^^^^^^^^^^^^^^^^^^^^^^^^^^^^^^^
    )
    ^
  File "/root/.cache/pypoetry/virtualenvs/src-il7asoJj-py3.13/lib/python3.13/site-packages/uvicorn/middleware/proxy_headers.py", line 60, in __call__
    return await self.app(scope, receive, send)
           ^^^^^^^^^^^^^^^^^^^^^^^^^^^^^^^^^^^^
  File "/root/.cache/pypoetry/virtualenvs/src-il7asoJj-py3.13/lib/python3.13/site-packages/fastapi/applications.py", line 1054, in __call__
    await super().__call__(scope, receive, send)
  File "/root/.cache/pypoetry/virtualenvs/src-il7asoJj-py3.13/lib/python3.13/site-packages/starlette/applications.py", line 113, in __call__
    await self.middleware_stack(scope, receive, send)
  File "/root/.cache/pypoetry/virtualenvs/src-il7asoJj-py3.13/lib/python3.13/site-packages/starlette/middleware/errors.py", line 176, in __call__
    response = await self.handler(request, exc)
               ^^^^^^^^^^^^^^^^^^^^^^^^^^^^^^^^
  File "/main.py", line 105, in general_database_exception_handler
    raise exc
  File "/root/.cache/pypoetry/virtualenvs/src-il7asoJj-py3.13/lib/python3.13/site-packages/starlette/middleware/errors.py", line 164, in __call__
    await self.app(scope, receive, _send)
  File "/root/.cache/pypoetry/virtualenvs/src-il7asoJj-py3.13/lib/python3.13/site-packages/starlette/middleware/base.py", line 182, in __call__
    with recv_stream, send_stream, collapse_excgroups():
                                   ~~~~~~~~~~~~~~~~~~^^
  File "/usr/local/lib/python3.13/contextlib.py", line 162, in __exit__
    self.gen.throw(value)
    ~~~~~~~~~~~~~~^^^^^^^
  File "/root/.cache/pypoetry/virtualenvs/src-il7asoJj-py3.13/lib/python3.13/site-packages/starlette/_utils.py", line 83, in collapse_excgroups
    raise exc
  File "/root/.cache/pypoetry/virtualenvs/src-il7asoJj-py3.13/lib/python3.13/site-packages/starlette/middleware/base.py", line 184, in __call__
    response = await self.dispatch_func(request, call_next)
               ^^^^^^^^^^^^^^^^^^^^^^^^^^^^^^^^^^^^^^^^^^^^
  File "/main.py", line 83, in add_user_to_request
    response = await call_next(request)
               ^^^^^^^^^^^^^^^^^^^^^^^^
  File "/root/.cache/pypoetry/virtualenvs/src-il7asoJj-py3.13/lib/python3.13/site-packages/starlette/middleware/base.py", line 159, in call_next
    raise app_exc
  File "/root/.cache/pypoetry/virtualenvs/src-il7asoJj-py3.13/lib/python3.13/site-packages/starlette/middleware/base.py", line 144, in coro
    await self.app(scope, receive_or_disconnect, send_no_error)
  File "/root/.cache/pypoetry/virtualenvs/src-il7asoJj-py3.13/lib/python3.13/site-packages/starlette/middleware/cors.py", line 93, in __call__
    await self.simple_response(scope, receive, send, request_headers=headers)
  File "/root/.cache/pypoetry/virtualenvs/src-il7asoJj-py3.13/lib/python3.13/site-packages/starlette/middleware/cors.py", line 144, in simple_response
    await self.app(scope, receive, send)
  File "/root/.cache/pypoetry/virtualenvs/src-il7asoJj-py3.13/lib/python3.13/site-packages/starlette/middleware/exceptions.py", line 63, in __call__
    await wrap_app_handling_exceptions(self.app, conn)(scope, receive, send)
  File "/root/.cache/pypoetry/virtualenvs/src-il7asoJj-py3.13/lib/python3.13/site-packages/starlette/_exception_handler.py", line 53, in wrapped_app
    raise exc
  File "/root/.cache/pypoetry/virtualenvs/src-il7asoJj-py3.13/lib/python3.13/site-packages/starlette/_exception_handler.py", line 42, in wrapped_app
    await app(scope, receive, sender)
  File "/root/.cache/pypoetry/virtualenvs/src-il7asoJj-py3.13/lib/python3.13/site-packages/starlette/routing.py", line 716, in __call__
    await self.middleware_stack(scope, receive, send)
  File "/root/.cache/pypoetry/virtualenvs/src-il7asoJj-py3.13/lib/python3.13/site-packages/starlette/routing.py", line 736, in app
    await route.handle(scope, receive, send)
  File "/root/.cache/pypoetry/virtualenvs/src-il7asoJj-py3.13/lib/python3.13/site-packages/starlette/routing.py", line 290, in handle
    await self.app(scope, receive, send)
  File "/root/.cache/pypoetry/virtualenvs/src-il7asoJj-py3.13/lib/python3.13/site-packages/starlette/routing.py", line 78, in app
    await wrap_app_handling_exceptions(app, request)(scope, receive, send)
  File "/root/.cache/pypoetry/virtualenvs/src-il7asoJj-py3.13/lib/python3.13/site-packages/starlette/_exception_handler.py", line 53, in wrapped_app
    raise exc
  File "/root/.cache/pypoetry/virtualenvs/src-il7asoJj-py3.13/lib/python3.13/site-packages/starlette/_exception_handler.py", line 42, in wrapped_app
    await app(scope, receive, sender)
  File "/root/.cache/pypoetry/virtualenvs/src-il7asoJj-py3.13/lib/python3.13/site-packages/starlette/routing.py", line 75, in app
    response = await f(request)
               ^^^^^^^^^^^^^^^^
  File "/root/.cache/pypoetry/virtualenvs/src-il7asoJj-py3.13/lib/python3.13/site-packages/fastapi/routing.py", line 328, in app
    content = await serialize_response(
              ^^^^^^^^^^^^^^^^^^^^^^^^^
    ...<9 lines>...
    )
    ^
  File "/root/.cache/pypoetry/virtualenvs/src-il7asoJj-py3.13/lib/python3.13/site-packages/fastapi/routing.py", line 177, in serialize_response
    raise ResponseValidationError(
        errors=_normalize_errors(errors), body=response_content
    )
fastapi.exceptions.ResponseValidationError: 1 validation errors:
  {'type': 'model_attributes_type', 'loc': ('response',), 'msg': 'Input should be a valid dictionary or object to extract fields from', 'input': None}

2025-12-18 23:10:07 - uvicorn.access - INFO - 172.22.0.1:35312 - "POST /api/v1/users/login HTTP/1.1" 500
2025-12-18 23:13:47 - uvicorn.access - INFO - 172.22.0.1:36534 - "POST /api/v1/users/login HTTP/1.1" 200
2025-12-18 23:13:47 - uvicorn.access - INFO - 172.22.0.1:36542 - "GET /api/v1/users/me HTTP/1.1" 200
2025-12-18 23:13:48 - uvicorn.access - INFO - 172.22.0.1:36544 - "GET /api/v1/users/me HTTP/1.1" 200
2025-12-18 23:13:48 - uvicorn.access - INFO - 172.22.0.1:36552 - "GET /api/v1/adverts/ HTTP/1.1" 200
2025-12-18 23:13:49 - uvicorn.access - INFO - 172.22.0.1:36564 - "GET /api/v1/adverts/ HTTP/1.1" 200
2025-12-18 23:13:53 - uvicorn.access - INFO - 172.22.0.1:36576 - "POST /api/v1/users/logout HTTP/1.1" 200
2025-12-18 23:18:52 - uvicorn.access - INFO - 172.22.0.1:56346 - "GET /api/v1/adverts/ HTTP/1.1" 200
2025-12-18 23:18:52 - uvicorn.access - INFO - 172.22.0.1:56358 - "GET /api/v1/adverts/ HTTP/1.1" 200
2025-12-18 23:19:16 - uvicorn.access - INFO - 172.22.0.1:44860 - "POST /api/v1/users/login HTTP/1.1" 200
2025-12-18 23:19:16 - uvicorn.access - INFO - 172.22.0.1:44870 - "GET /api/v1/users/me HTTP/1.1" 200
2025-12-18 23:19:16 - uvicorn.access - INFO - 172.22.0.1:44892 - "GET /api/v1/users/me HTTP/1.1" 200
2025-12-18 23:19:16 - uvicorn.access - INFO - 172.22.0.1:44878 - "GET /api/v1/adverts/ HTTP/1.1" 200
2025-12-18 23:19:17 - uvicorn.access - INFO - 172.22.0.1:51054 - "GET /api/v1/adverts/ HTTP/1.1" 200
2025-12-18 23:19:20 - uvicorn.access - INFO - 172.22.0.1:51056 - "POST /api/v1/users/logout HTTP/1.1" 200
2025-12-18 23:36:02 - uvicorn.error - INFO - Shutting down
2025-12-18 23:36:02 - uvicorn.error - INFO - Waiting for application shutdown.
2025-12-18 23:36:02 - uvicorn.error - INFO - Application shutdown complete.
2025-12-18 23:36:02 - uvicorn.error - INFO - Finished server process [1]
2025-12-19 10:52:21 - root - INFO - Logging configuration loaded successfully
2025-12-19 10:52:21 - uvicorn.error - INFO - Started server process [1]
2025-12-19 10:52:21 - uvicorn.error - INFO - Waiting for application startup.
2025-12-19 10:52:21 - uvicorn.error - INFO - Application startup complete.
2025-12-19 10:52:21 - uvicorn.error - INFO - Uvicorn running on http://0.0.0.0:8000 (Press CTRL+C to quit)
2025-12-19 14:23:02 - uvicorn.access - INFO - 172.22.0.1:48858 - "GET /api/v1/adverts/ HTTP/1.1" 200
2025-12-19 14:23:03 - uvicorn.access - INFO - 172.22.0.1:48862 - "GET /api/v1/adverts/ HTTP/1.1" 200
2025-12-19 15:19:19 - uvicorn.access - INFO - 172.22.0.1:57146 - "GET /api/v1/adverts/ HTTP/1.1" 200
2025-12-19 15:19:20 - uvicorn.access - INFO - 172.22.0.1:57160 - "GET /api/v1/adverts/ HTTP/1.1" 200
2025-12-19 15:37:22 - uvicorn.access - INFO - 172.22.0.1:43990 - "GET /api/v1/adverts/ HTTP/1.1" 200
2025-12-19 15:37:24 - uvicorn.access - INFO - 172.22.0.1:43996 - "GET /api/v1/adverts/ HTTP/1.1" 200
2025-12-19 22:39:31 - uvicorn.access - INFO - 172.22.0.1:57868 - "GET /api/v1/adverts/ HTTP/1.1" 200
2025-12-19 22:39:38 - uvicorn.access - INFO - 172.22.0.1:52038 - "GET /api/v1/adverts/1c33d1dd-71b9-48cb-b6c5-9528632e85d2 HTTP/1.1" 200
2025-12-19 22:39:38 - uvicorn.access - INFO - 172.22.0.1:52052 - "GET /api/v1/adverts/1c33d1dd-71b9-48cb-b6c5-9528632e85d2 HTTP/1.1" 200
2025-12-19 22:39:54 - uvicorn.access - INFO - 172.22.0.1:49100 - "POST /api/v1/users/login HTTP/1.1" 200
2025-12-19 22:39:55 - uvicorn.access - INFO - 172.22.0.1:49106 - "GET /api/v1/users/me HTTP/1.1" 200
2025-12-19 22:39:55 - uvicorn.access - INFO - 172.22.0.1:49124 - "GET /api/v1/users/me HTTP/1.1" 200
2025-12-19 22:39:55 - uvicorn.access - INFO - 172.22.0.1:49108 - "GET /api/v1/adverts/ HTTP/1.1" 200
2025-12-19 22:39:56 - uvicorn.access - INFO - 172.22.0.1:49136 - "GET /api/v1/adverts/ HTTP/1.1" 200
2025-12-19 22:39:57 - uvicorn.access - INFO - 172.22.0.1:49150 - "GET /api/v1/adverts/1c33d1dd-71b9-48cb-b6c5-9528632e85d2 HTTP/1.1" 200
2025-12-19 22:39:57 - uvicorn.access - INFO - 172.22.0.1:49164 - "GET /api/v1/adverts/1c33d1dd-71b9-48cb-b6c5-9528632e85d2 HTTP/1.1" 200
2025-12-19 22:42:07 - uvicorn.access - INFO - 172.22.0.1:47146 - "GET /api/v1/users/me HTTP/1.1" 200
2025-12-19 22:42:07 - uvicorn.access - INFO - 172.22.0.1:47150 - "GET /api/v1/users/me HTTP/1.1" 200
2025-12-19 22:42:07 - uvicorn.access - INFO - 172.22.0.1:47162 - "GET /api/v1/users/me HTTP/1.1" 200
2025-12-19 22:42:07 - uvicorn.access - INFO - 172.22.0.1:47172 - "GET /api/v1/users/me HTTP/1.1" 200
2025-12-19 22:42:15 - uvicorn.access - INFO - 172.22.0.1:48878 - "GET /api/v1/adverts/ HTTP/1.1" 200
2025-12-19 22:42:16 - uvicorn.access - INFO - 172.22.0.1:48894 - "GET /api/v1/adverts/ HTTP/1.1" 200
2025-12-19 22:42:18 - uvicorn.access - INFO - 172.22.0.1:48906 - "POST /api/v1/users/logout HTTP/1.1" 200
2025-12-19 23:49:04 - uvicorn.error - INFO - Shutting down
2025-12-19 23:49:04 - uvicorn.error - INFO - Waiting for application shutdown.
2025-12-19 23:49:04 - uvicorn.error - INFO - Application shutdown complete.
2025-12-19 23:49:04 - uvicorn.error - INFO - Finished server process [1]
2025-12-19 23:59:12 - root - INFO - Logging configuration loaded successfully
2025-12-19 23:59:12 - uvicorn.error - INFO - Started server process [1]
2025-12-19 23:59:12 - uvicorn.error - INFO - Waiting for application startup.
2025-12-19 23:59:12 - uvicorn.error - INFO - Application startup complete.
2025-12-19 23:59:12 - uvicorn.error - INFO - Uvicorn running on http://0.0.0.0:8000 (Press CTRL+C to quit)
2025-12-20 00:04:25 - uvicorn.error - INFO - Shutting down
2025-12-20 00:04:25 - uvicorn.error - INFO - Waiting for application shutdown.
2025-12-20 00:04:25 - uvicorn.error - INFO - Application shutdown complete.
2025-12-20 00:04:25 - uvicorn.error - INFO - Finished server process [1]
2025-12-20 00:05:34 - root - INFO - Logging configuration loaded successfully
2025-12-20 00:05:34 - uvicorn.error - INFO - Started server process [1]
2025-12-20 00:05:35 - uvicorn.error - INFO - Waiting for application startup.
2025-12-20 00:05:35 - uvicorn.error - INFO - Application startup complete.
2025-12-20 00:05:35 - uvicorn.error - INFO - Uvicorn running on http://0.0.0.0:8000 (Press CTRL+C to quit)
2025-12-20 00:08:23 - uvicorn.access - INFO - 172.22.0.1:40672 - "GET /docs HTTP/1.1" 200
2025-12-20 00:08:25 - uvicorn.access - INFO - 172.22.0.1:40672 - "GET /openapi.json HTTP/1.1" 200
2025-12-20 00:12:40 - uvicorn.access - INFO - 172.22.0.1:43716 - "GET /api/v1/adverts/ HTTP/1.1" 200
2025-12-20 00:12:41 - uvicorn.access - INFO - 172.22.0.1:43728 - "GET /api/v1/adverts/ HTTP/1.1" 200
2025-12-20 00:20:10 - uvicorn.error - INFO - Shutting down
2025-12-20 00:20:10 - uvicorn.error - INFO - Waiting for application shutdown.
2025-12-20 00:20:10 - uvicorn.error - INFO - Application shutdown complete.
2025-12-20 00:20:10 - uvicorn.error - INFO - Finished server process [1]
2025-12-20 00:22:08 - root - INFO - Logging configuration loaded successfully
2025-12-20 00:22:08 - uvicorn.error - INFO - Started server process [1]
2025-12-20 00:22:08 - uvicorn.error - INFO - Waiting for application startup.
2025-12-20 00:22:08 - uvicorn.error - INFO - Application startup complete.
2025-12-20 00:22:08 - uvicorn.error - INFO - Uvicorn running on http://0.0.0.0:8000 (Press CTRL+C to quit)
2025-12-20 00:27:22 - uvicorn.access - INFO - 172.22.0.6:41716 - "GET /api/v1/ HTTP/1.0" 404
2025-12-20 00:27:43 - uvicorn.access - INFO - 172.22.0.6:43240 - "GET /api/v1/adverts/ HTTP/1.0" 200
2025-12-20 00:28:01 - uvicorn.access - INFO - 172.22.0.6:58594 - "GET /docs HTTP/1.0" 200
2025-12-20 00:32:17 - uvicorn.access - INFO - 172.22.0.1:58436 - "GET /docs HTTP/1.1" 200
2025-12-20 00:32:19 - uvicorn.access - INFO - 172.22.0.1:58436 - "GET /openapi.json HTTP/1.1" 200
2025-12-20 00:33:46 - uvicorn.error - INFO - Shutting down
2025-12-20 00:33:46 - uvicorn.error - INFO - Waiting for application shutdown.
2025-12-20 00:33:46 - uvicorn.error - INFO - Application shutdown complete.
2025-12-20 00:33:46 - uvicorn.error - INFO - Finished server process [1]
2025-12-20 00:34:57 - root - INFO - Logging configuration loaded successfully
2025-12-20 00:34:57 - uvicorn.error - INFO - Started server process [1]
2025-12-20 00:34:57 - uvicorn.error - INFO - Waiting for application startup.
2025-12-20 00:34:57 - uvicorn.error - INFO - Application startup complete.
2025-12-20 00:34:57 - uvicorn.error - INFO - Uvicorn running on http://0.0.0.0:8000 (Press CTRL+C to quit)
2025-12-20 00:37:10 - uvicorn.access - INFO - 172.22.0.6:46950 - "GET /docs/ HTTP/1.0" 307
2025-12-20 00:38:39 - uvicorn.access - INFO - 172.22.0.6:55524 - "GET /docs/ HTTP/1.0" 307
2025-12-20 00:38:51 - uvicorn.access - INFO - 172.22.0.6:55010 - "GET /docs/ HTTP/1.0" 307
2025-12-20 00:41:26 - uvicorn.error - INFO - Shutting down
2025-12-20 00:41:27 - uvicorn.error - INFO - Waiting for application shutdown.
2025-12-20 00:41:27 - uvicorn.error - INFO - Application shutdown complete.
2025-12-20 00:41:27 - uvicorn.error - INFO - Finished server process [1]
2025-12-20 00:45:02 - root - INFO - Logging configuration loaded successfully
2025-12-20 00:45:02 - uvicorn.error - INFO - Started server process [1]
2025-12-20 00:45:02 - uvicorn.error - INFO - Waiting for application startup.
2025-12-20 00:45:02 - uvicorn.error - INFO - Application startup complete.
2025-12-20 00:45:02 - uvicorn.error - INFO - Uvicorn running on http://0.0.0.0:8000 (Press CTRL+C to quit)
2025-12-20 00:45:15 - uvicorn.access - INFO - 172.22.0.6:37302 - "GET /docs/ HTTP/1.0" 307
2025-12-20 00:48:55 - uvicorn.access - INFO - 172.22.0.1:52858 - "GET /docs HTTP/1.1" 200
2025-12-20 00:53:05 - uvicorn.error - INFO - Shutting down
2025-12-20 00:53:05 - uvicorn.error - INFO - Waiting for application shutdown.
2025-12-20 00:53:05 - uvicorn.error - INFO - Application shutdown complete.
2025-12-20 00:53:05 - uvicorn.error - INFO - Finished server process [1]
2025-12-20 00:54:01 - root - INFO - Logging configuration loaded successfully
2025-12-20 00:54:01 - uvicorn.error - INFO - Started server process [1]
2025-12-20 00:54:01 - uvicorn.error - INFO - Waiting for application startup.
2025-12-20 00:54:01 - uvicorn.error - INFO - Application startup complete.
2025-12-20 00:54:01 - uvicorn.error - INFO - Uvicorn running on http://0.0.0.0:8000 (Press CTRL+C to quit)
2025-12-20 00:54:48 - uvicorn.access - INFO - 172.22.0.6:50484 - "GET /docs/ HTTP/1.0" 307
2025-12-20 00:55:54 - uvicorn.error - INFO - Shutting down
2025-12-20 00:55:54 - uvicorn.error - INFO - Waiting for application shutdown.
2025-12-20 00:55:54 - uvicorn.error - INFO - Application shutdown complete.
2025-12-20 00:55:54 - uvicorn.error - INFO - Finished server process [1]
2025-12-20 00:56:59 - root - INFO - Logging configuration loaded successfully
2025-12-20 00:56:59 - uvicorn.error - INFO - Started server process [1]
2025-12-20 00:56:59 - uvicorn.error - INFO - Waiting for application startup.
2025-12-20 00:56:59 - uvicorn.error - INFO - Application startup complete.
2025-12-20 00:56:59 - uvicorn.error - INFO - Uvicorn running on http://0.0.0.0:8000 (Press CTRL+C to quit)
2025-12-20 00:59:43 - uvicorn.error - INFO - Shutting down
2025-12-20 00:59:44 - uvicorn.error - INFO - Waiting for application shutdown.
2025-12-20 00:59:44 - uvicorn.error - INFO - Application shutdown complete.
2025-12-20 00:59:44 - uvicorn.error - INFO - Finished server process [1]
2025-12-20 01:00:47 - root - INFO - Logging configuration loaded successfully
2025-12-20 01:00:47 - uvicorn.error - INFO - Started server process [1]
2025-12-20 01:00:47 - uvicorn.error - INFO - Waiting for application startup.
2025-12-20 01:00:47 - uvicorn.error - INFO - Application startup complete.
2025-12-20 01:00:47 - uvicorn.error - INFO - Uvicorn running on http://0.0.0.0:8000 (Press CTRL+C to quit)
2025-12-20 01:00:51 - uvicorn.error - INFO - Shutting down
2025-12-20 01:00:51 - uvicorn.error - INFO - Waiting for application shutdown.
2025-12-20 01:00:51 - uvicorn.error - INFO - Application shutdown complete.
2025-12-20 01:00:51 - uvicorn.error - INFO - Finished server process [1]
2025-12-20 01:01:57 - root - INFO - Logging configuration loaded successfully
2025-12-20 01:01:57 - uvicorn.error - INFO - Started server process [1]
2025-12-20 01:01:57 - uvicorn.error - INFO - Waiting for application startup.
2025-12-20 01:01:57 - uvicorn.error - INFO - Application startup complete.
2025-12-20 01:01:57 - uvicorn.error - INFO - Uvicorn running on http://0.0.0.0:8000 (Press CTRL+C to quit)
2025-12-20 01:09:15 - uvicorn.error - INFO - Shutting down
2025-12-20 01:09:15 - uvicorn.error - INFO - Waiting for application shutdown.
2025-12-20 01:09:15 - uvicorn.error - INFO - Application shutdown complete.
2025-12-20 01:09:15 - uvicorn.error - INFO - Finished server process [1]
2025-12-20 01:10:23 - root - INFO - Logging configuration loaded successfully
2025-12-20 01:10:24 - uvicorn.error - INFO - Started server process [1]
2025-12-20 01:10:24 - uvicorn.error - INFO - Waiting for application startup.
2025-12-20 01:10:24 - uvicorn.error - INFO - Application startup complete.
2025-12-20 01:10:24 - uvicorn.error - INFO - Uvicorn running on http://0.0.0.0:8000 (Press CTRL+C to quit)
2025-12-20 01:12:28 - uvicorn.error - INFO - Shutting down
2025-12-20 01:12:29 - uvicorn.error - INFO - Waiting for application shutdown.
2025-12-20 01:12:29 - uvicorn.error - INFO - Application shutdown complete.
2025-12-20 01:12:29 - uvicorn.error - INFO - Finished server process [1]
2025-12-20 01:13:39 - root - INFO - Logging configuration loaded successfully
2025-12-20 01:13:39 - uvicorn.error - INFO - Started server process [1]
2025-12-20 01:13:39 - uvicorn.error - INFO - Waiting for application startup.
2025-12-20 01:13:39 - uvicorn.error - INFO - Application startup complete.
2025-12-20 01:13:39 - uvicorn.error - INFO - Uvicorn running on http://0.0.0.0:8000 (Press CTRL+C to quit)
2025-12-20 01:13:46 - uvicorn.access - INFO - 172.22.0.6:41854 - "GET /api/v1/docs/ HTTP/1.0" 307
2025-12-20 01:13:46 - uvicorn.access - INFO - 172.22.0.6:41864 - "GET /api/v1/docs/ HTTP/1.0" 307
2025-12-20 01:13:46 - uvicorn.access - INFO - 172.22.0.6:41878 - "GET /api/v1/docs/ HTTP/1.0" 307
2025-12-20 01:13:46 - uvicorn.access - INFO - 172.22.0.6:41892 - "GET /api/v1/docs/ HTTP/1.0" 307
2025-12-20 01:13:46 - uvicorn.access - INFO - 172.22.0.6:41894 - "GET /api/v1/docs/ HTTP/1.0" 307
2025-12-20 01:13:46 - uvicorn.access - INFO - 172.22.0.6:41908 - "GET /api/v1/docs/ HTTP/1.0" 307
2025-12-20 01:13:46 - uvicorn.access - INFO - 172.22.0.6:41920 - "GET /api/v1/docs/ HTTP/1.0" 307
2025-12-20 01:13:46 - uvicorn.access - INFO - 172.22.0.6:41922 - "GET /api/v1/docs/ HTTP/1.0" 307
2025-12-20 01:13:46 - uvicorn.access - INFO - 172.22.0.6:41926 - "GET /api/v1/docs/ HTTP/1.0" 307
2025-12-20 01:13:46 - uvicorn.access - INFO - 172.22.0.6:41934 - "GET /api/v1/docs/ HTTP/1.0" 307
2025-12-20 01:13:47 - uvicorn.access - INFO - 172.22.0.6:41948 - "GET /api/v1/docs/ HTTP/1.0" 307
2025-12-20 01:13:47 - uvicorn.access - INFO - 172.22.0.6:41954 - "GET /api/v1/docs HTTP/1.0" 200
2025-12-20 01:13:50 - uvicorn.access - INFO - 172.22.0.6:41962 - "GET /api/v1/openapi.json HTTP/1.0" 200
2025-12-20 01:16:57 - uvicorn.error - INFO - Shutting down
2025-12-20 01:16:57 - uvicorn.error - INFO - Waiting for application shutdown.
2025-12-20 01:16:57 - uvicorn.error - INFO - Application shutdown complete.
2025-12-20 01:16:57 - uvicorn.error - INFO - Finished server process [1]
2025-12-20 01:18:08 - root - INFO - Logging configuration loaded successfully
2025-12-20 01:18:08 - uvicorn.error - INFO - Started server process [1]
2025-12-20 01:18:08 - uvicorn.error - INFO - Waiting for application startup.
2025-12-20 01:18:08 - uvicorn.error - INFO - Application startup complete.
2025-12-20 01:18:08 - uvicorn.error - INFO - Uvicorn running on http://0.0.0.0:8000 (Press CTRL+C to quit)
2025-12-20 01:18:58 - uvicorn.access - INFO - 172.22.0.6:58998 - "GET /api/v1/docs HTTP/1.0" 200
2025-12-20 01:18:59 - uvicorn.access - INFO - 172.22.0.6:59000 - "GET /api/v1/openapi.json HTTP/1.0" 200
2025-12-20 01:19:06 - uvicorn.access - INFO - 172.22.0.6:42704 - "GET /legacy/ HTTP/1.0" 404
2025-12-20 01:19:33 - uvicorn.access - INFO - 172.22.0.6:51828 - "GET /api/v1/docs HTTP/1.0" 200
2025-12-20 01:19:33 - uvicorn.access - INFO - 172.22.0.6:51836 - "GET /api/v1/openapi.json HTTP/1.0" 200
2025-12-20 01:20:25 - uvicorn.error - INFO - Shutting down
2025-12-20 01:20:25 - uvicorn.error - INFO - Waiting for application shutdown.
2025-12-20 01:20:25 - uvicorn.error - INFO - Application shutdown complete.
2025-12-20 01:20:25 - uvicorn.error - INFO - Finished server process [1]
2025-12-20 01:21:27 - root - INFO - Logging configuration loaded successfully
2025-12-20 01:21:27 - uvicorn.error - INFO - Started server process [1]
2025-12-20 01:21:27 - uvicorn.error - INFO - Waiting for application startup.
2025-12-20 01:21:27 - uvicorn.error - INFO - Application startup complete.
2025-12-20 01:21:27 - uvicorn.error - INFO - Uvicorn running on http://0.0.0.0:8000 (Press CTRL+C to quit)
2025-12-20 01:21:49 - uvicorn.access - INFO - 172.22.0.6:51644 - "GET /api/v1/docs HTTP/1.0" 200
2025-12-20 01:21:50 - uvicorn.access - INFO - 172.22.0.6:51660 - "GET /api/v1/openapi.json HTTP/1.0" 200
2025-12-20 01:22:00 - uvicorn.access - INFO - 172.22.0.6:38536 - "GET /api/v0_1/ HTTP/1.0" 404
2025-12-20 01:22:11 - uvicorn.access - INFO - 172.22.0.6:48934 - "GET /api/v1/docs HTTP/1.0" 200
2025-12-20 01:22:11 - uvicorn.access - INFO - 172.22.0.6:48944 - "GET /api/v1/openapi.json HTTP/1.0" 200
2025-12-20 01:23:02 - uvicorn.access - INFO - 172.22.0.6:47190 - "GET /api/v1/adverts/ HTTP/1.0" 404
2025-12-20 01:23:07 - uvicorn.access - INFO - 172.22.0.6:50130 - "GET /api/v1/adverts/ HTTP/1.0" 404
2025-12-20 01:28:59 - uvicorn.error - INFO - Shutting down
2025-12-20 01:28:59 - uvicorn.error - INFO - Waiting for application shutdown.
2025-12-20 01:28:59 - uvicorn.error - INFO - Application shutdown complete.
2025-12-20 01:28:59 - uvicorn.error - INFO - Finished server process [1]
2025-12-20 01:30:11 - root - INFO - Logging configuration loaded successfully
2025-12-20 01:30:11 - uvicorn.error - INFO - Started server process [1]
2025-12-20 01:30:11 - uvicorn.error - INFO - Waiting for application startup.
2025-12-20 01:30:11 - uvicorn.error - INFO - Application startup complete.
2025-12-20 01:30:11 - uvicorn.error - INFO - Uvicorn running on http://0.0.0.0:8000 (Press CTRL+C to quit)
2025-12-20 01:30:16 - uvicorn.access - INFO - 172.22.0.6:33586 - "GET /api/v1/docs HTTP/1.0" 200
2025-12-20 01:30:17 - uvicorn.access - INFO - 172.22.0.6:33596 - "GET /api/v1/openapi.json HTTP/1.0" 200
2025-12-20 01:30:39 - uvicorn.access - INFO - 172.22.0.6:49782 - "GET /api/v1/adverts/ HTTP/1.0" 404
2025-12-20 01:32:04 - uvicorn.error - INFO - Shutting down
2025-12-20 01:32:04 - uvicorn.error - INFO - Waiting for application shutdown.
2025-12-20 01:32:04 - uvicorn.error - INFO - Application shutdown complete.
2025-12-20 01:32:04 - uvicorn.error - INFO - Finished server process [1]
2025-12-20 01:32:59 - root - INFO - Logging configuration loaded successfully
2025-12-20 01:32:59 - uvicorn.error - INFO - Started server process [1]
2025-12-20 01:32:59 - uvicorn.error - INFO - Waiting for application startup.
2025-12-20 01:32:59 - uvicorn.error - INFO - Application startup complete.
2025-12-20 01:32:59 - uvicorn.error - INFO - Uvicorn running on http://0.0.0.0:8000 (Press CTRL+C to quit)
2025-12-20 01:33:06 - uvicorn.access - INFO - 172.22.0.6:35860 - "GET /api/v1/adverts/ HTTP/1.0" 404
2025-12-20 01:33:09 - uvicorn.access - INFO - 172.22.0.6:35876 - "GET /api/v1/adverts/ HTTP/1.0" 404
2025-12-20 01:33:15 - uvicorn.access - INFO - 172.22.0.1:57940 - "GET /docs HTTP/1.1" 200
2025-12-20 01:33:16 - uvicorn.access - INFO - 172.22.0.1:57940 - "GET /api/v1/openapi.json HTTP/1.1" 200
2025-12-20 01:33:37 - uvicorn.access - INFO - 172.22.0.1:35038 - "GET /api/v1/vert HTTP/1.1" 404
2025-12-20 01:33:38 - uvicorn.access - INFO - 172.22.0.1:35038 - "GET /favicon.ico HTTP/1.1" 404
2025-12-20 01:33:49 - uvicorn.access - INFO - 172.22.0.1:35042 - "GET /api/v1/adverts HTTP/1.1" 404
2025-12-20 01:33:57 - uvicorn.access - INFO - 172.22.0.1:56308 - "GET /api/v1/adverts HTTP/1.1" 404
2025-12-20 01:34:05 - uvicorn.access - INFO - 172.22.0.1:45592 - "GET /api/v1/adverts HTTP/1.1" 404
2025-12-20 01:34:21 - uvicorn.access - INFO - 172.22.0.1:57126 - "GET /pc HTTP/1.1" 404
2025-12-20 01:34:29 - uvicorn.access - INFO - 172.22.0.1:43810 - "GET /docs HTTP/1.1" 200
2025-12-20 01:34:29 - uvicorn.access - INFO - 172.22.0.1:43810 - "GET /api/v1/openapi.json HTTP/1.1" 200
2025-12-20 01:34:53 - uvicorn.access - INFO - 172.22.0.1:47700 - "GET /api/v1/api/v1/adverts/ HTTP/1.1" 200
2025-12-20 01:39:13 - uvicorn.error - INFO - Shutting down
2025-12-20 01:39:13 - uvicorn.error - INFO - Waiting for application shutdown.
2025-12-20 01:39:13 - uvicorn.error - INFO - Application shutdown complete.
2025-12-20 01:39:13 - uvicorn.error - INFO - Finished server process [1]
2025-12-20 01:40:08 - root - INFO - Logging configuration loaded successfully
2025-12-20 01:40:08 - uvicorn.error - INFO - Started server process [1]
2025-12-20 01:40:08 - uvicorn.error - INFO - Waiting for application startup.
2025-12-20 01:40:08 - uvicorn.error - INFO - Application startup complete.
2025-12-20 01:40:08 - uvicorn.error - INFO - Uvicorn running on http://0.0.0.0:8000 (Press CTRL+C to quit)
2025-12-20 01:40:13 - uvicorn.access - INFO - 172.22.0.1:60102 - "GET /docs HTTP/1.1" 200
2025-12-20 01:40:14 - uvicorn.access - INFO - 172.22.0.1:60102 - "GET /api/v1/openapi.json HTTP/1.1" 200
2025-12-20 01:40:38 - uvicorn.access - INFO - 172.22.0.6:40544 - "GET /api/v1/adverts/ HTTP/1.0" 404
2025-12-20 01:40:40 - uvicorn.access - INFO - 172.22.0.6:40558 - "GET /api/v1/adverts/ HTTP/1.0" 404
2025-12-20 01:40:49 - uvicorn.access - INFO - 172.22.0.6:44926 - "GET /api/v1/docs HTTP/1.0" 200
2025-12-20 01:40:50 - uvicorn.access - INFO - 172.22.0.6:44934 - "GET /api/v1/openapi.json HTTP/1.0" 200
2025-12-20 01:41:02 - uvicorn.access - INFO - 172.22.0.6:50374 - "GET /api/v1/adverts/ HTTP/1.0" 404
2025-12-20 01:41:08 - uvicorn.access - INFO - 172.22.0.6:58594 - "GET /api/v1/adverts HTTP/1.0" 404
2025-12-20 01:41:12 - uvicorn.access - INFO - 172.22.0.6:58606 - "GET /api/v1/adverts/ HTTP/1.0" 404
2025-12-20 01:41:28 - uvicorn.access - INFO - 172.22.0.6:55762 - "GET /api/v1/api/v1/adverts/ HTTP/1.0" 200
2025-12-20 01:42:48 - uvicorn.error - INFO - Shutting down
2025-12-20 01:42:48 - uvicorn.error - INFO - Waiting for application shutdown.
2025-12-20 01:42:48 - uvicorn.error - INFO - Application shutdown complete.
2025-12-20 01:42:48 - uvicorn.error - INFO - Finished server process [1]
2025-12-20 01:43:51 - root - INFO - Logging configuration loaded successfully
2025-12-20 01:43:51 - uvicorn.error - INFO - Started server process [1]
2025-12-20 01:43:51 - uvicorn.error - INFO - Waiting for application startup.
2025-12-20 01:43:51 - uvicorn.error - INFO - Application startup complete.
2025-12-20 01:43:51 - uvicorn.error - INFO - Uvicorn running on http://0.0.0.0:8000 (Press CTRL+C to quit)
2025-12-20 01:43:54 - uvicorn.access - INFO - 172.22.0.1:39188 - "GET /docs HTTP/1.1" 200
2025-12-20 01:43:57 - uvicorn.access - INFO - 172.22.0.1:39188 - "GET /docs HTTP/1.1" 200
2025-12-20 01:43:58 - uvicorn.access - INFO - 172.22.0.1:39188 - "GET /openapi.json HTTP/1.1" 200
2025-12-20 01:44:11 - uvicorn.access - INFO - 172.22.0.6:56502 - "GET /api/v1/adverts/ HTTP/1.0" 200
2025-12-20 01:45:12 - uvicorn.access - INFO - 172.22.0.6:49898 - "GET /api/v1/docs HTTP/1.0" 200
2025-12-20 01:49:56 - uvicorn.error - INFO - Shutting down
2025-12-20 01:49:56 - uvicorn.error - INFO - Waiting for application shutdown.
2025-12-20 01:49:56 - uvicorn.error - INFO - Application shutdown complete.
2025-12-20 01:49:56 - uvicorn.error - INFO - Finished server process [1]
2025-12-20 01:51:25 - root - INFO - Logging configuration loaded successfully
2025-12-20 01:51:25 - uvicorn.error - INFO - Started server process [1]
2025-12-20 01:51:25 - uvicorn.error - INFO - Waiting for application startup.
2025-12-20 01:51:25 - uvicorn.error - INFO - Application startup complete.
2025-12-20 01:51:25 - uvicorn.error - INFO - Uvicorn running on http://0.0.0.0:8000 (Press CTRL+C to quit)
2025-12-20 01:51:47 - uvicorn.access - INFO - 172.22.0.6:33450 - "GET /api/v1/docs HTTP/1.0" 200
2025-12-20 01:52:39 - uvicorn.error - INFO - Shutting down
2025-12-20 01:52:39 - uvicorn.error - INFO - Waiting for application shutdown.
2025-12-20 01:52:39 - uvicorn.error - INFO - Application shutdown complete.
2025-12-20 01:52:39 - uvicorn.error - INFO - Finished server process [1]
2025-12-20 01:53:39 - root - INFO - Logging configuration loaded successfully
2025-12-20 01:53:39 - uvicorn.error - INFO - Started server process [1]
2025-12-20 01:53:39 - uvicorn.error - INFO - Waiting for application startup.
2025-12-20 01:53:39 - uvicorn.error - INFO - Application startup complete.
2025-12-20 01:53:39 - uvicorn.error - INFO - Uvicorn running on http://0.0.0.0:8000 (Press CTRL+C to quit)
2025-12-20 01:53:47 - uvicorn.access - INFO - 172.22.0.6:40464 - "GET /api/v1/docs HTTP/1.0" 200
2025-12-20 01:54:01 - uvicorn.access - INFO - 172.22.0.6:47266 - "GET /docs/ HTTP/1.0" 307
2025-12-20 01:54:14 - uvicorn.access - INFO - 172.22.0.6:33732 - "GET /docs/ HTTP/1.0" 307
2025-12-20 01:54:14 - uvicorn.access - INFO - 172.22.0.6:33736 - "GET /docs/ HTTP/1.0" 307
2025-12-20 01:54:14 - uvicorn.access - INFO - 172.22.0.6:33744 - "GET /docs/ HTTP/1.0" 307
2025-12-20 01:54:14 - uvicorn.access - INFO - 172.22.0.6:33756 - "GET /docs/ HTTP/1.0" 307
2025-12-20 01:54:14 - uvicorn.access - INFO - 172.22.0.6:33762 - "GET /docs/ HTTP/1.0" 307
2025-12-20 01:54:14 - uvicorn.access - INFO - 172.22.0.6:33772 - "GET /docs/ HTTP/1.0" 307
2025-12-20 01:54:14 - uvicorn.access - INFO - 172.22.0.6:33780 - "GET /docs/ HTTP/1.0" 307
2025-12-20 01:54:14 - uvicorn.access - INFO - 172.22.0.6:33788 - "GET /docs/ HTTP/1.0" 307
2025-12-20 01:54:14 - uvicorn.access - INFO - 172.22.0.6:33790 - "GET /docs/ HTTP/1.0" 307
2025-12-20 01:54:14 - uvicorn.access - INFO - 172.22.0.6:33806 - "GET /docs/ HTTP/1.0" 307
2025-12-20 01:54:16 - uvicorn.access - INFO - 172.22.0.6:33812 - "GET /docs/ HTTP/1.0" 307
2025-12-20 01:54:16 - uvicorn.access - INFO - 172.22.0.6:33818 - "GET /docs/ HTTP/1.0" 307
2025-12-20 01:54:16 - uvicorn.access - INFO - 172.22.0.6:33822 - "GET /docs/ HTTP/1.0" 307
2025-12-20 01:54:16 - uvicorn.access - INFO - 172.22.0.6:33832 - "GET /docs/ HTTP/1.0" 307
2025-12-20 01:54:16 - uvicorn.access - INFO - 172.22.0.6:33836 - "GET /docs/ HTTP/1.0" 307
2025-12-20 01:54:16 - uvicorn.access - INFO - 172.22.0.6:33846 - "GET /docs/ HTTP/1.0" 307
2025-12-20 01:54:16 - uvicorn.access - INFO - 172.22.0.6:33848 - "GET /docs/ HTTP/1.0" 307
2025-12-20 01:54:16 - uvicorn.access - INFO - 172.22.0.6:33860 - "GET /docs/ HTTP/1.0" 307
2025-12-20 01:54:16 - uvicorn.access - INFO - 172.22.0.6:33876 - "GET /docs/ HTTP/1.0" 307
2025-12-20 01:54:16 - uvicorn.access - INFO - 172.22.0.6:33882 - "GET /docs/ HTTP/1.0" 307
2025-12-20 01:54:18 - uvicorn.access - INFO - 172.22.0.6:33884 - "GET /docs/ HTTP/1.0" 307
2025-12-20 01:54:18 - uvicorn.access - INFO - 172.22.0.6:33888 - "GET /docs/ HTTP/1.0" 307
2025-12-20 01:54:18 - uvicorn.access - INFO - 172.22.0.6:33898 - "GET /docs/ HTTP/1.0" 307
2025-12-20 01:54:18 - uvicorn.access - INFO - 172.22.0.6:33912 - "GET /docs/ HTTP/1.0" 307
2025-12-20 01:54:18 - uvicorn.access - INFO - 172.22.0.6:33920 - "GET /docs/ HTTP/1.0" 307
2025-12-20 01:54:18 - uvicorn.access - INFO - 172.22.0.6:33926 - "GET /docs/ HTTP/1.0" 307
2025-12-20 01:54:18 - uvicorn.access - INFO - 172.22.0.6:33940 - "GET /docs/ HTTP/1.0" 307
2025-12-20 01:54:18 - uvicorn.access - INFO - 172.22.0.6:33948 - "GET /docs/ HTTP/1.0" 307
2025-12-20 01:54:18 - uvicorn.access - INFO - 172.22.0.6:33954 - "GET /docs/ HTTP/1.0" 307
2025-12-20 01:54:19 - uvicorn.access - INFO - 172.22.0.6:33964 - "GET /docs/ HTTP/1.0" 307
2025-12-20 01:54:20 - uvicorn.access - INFO - 172.22.0.6:33970 - "GET /docs/ HTTP/1.0" 307
2025-12-20 01:54:20 - uvicorn.access - INFO - 172.22.0.6:33978 - "GET /docs/ HTTP/1.0" 307
2025-12-20 01:54:20 - uvicorn.access - INFO - 172.22.0.6:33994 - "GET /docs/ HTTP/1.0" 307
2025-12-20 01:54:21 - uvicorn.access - INFO - 172.22.0.6:34010 - "GET /docs/ HTTP/1.0" 307
2025-12-20 01:54:21 - uvicorn.access - INFO - 172.22.0.6:34022 - "GET /docs/ HTTP/1.0" 307
2025-12-20 01:54:21 - uvicorn.access - INFO - 172.22.0.6:34024 - "GET /docs/ HTTP/1.0" 307
2025-12-20 01:54:21 - uvicorn.access - INFO - 172.22.0.6:34038 - "GET /docs/ HTTP/1.0" 307
2025-12-20 01:54:21 - uvicorn.access - INFO - 172.22.0.6:34052 - "GET /docs/ HTTP/1.0" 307
2025-12-20 01:54:21 - uvicorn.access - INFO - 172.22.0.6:34068 - "GET /docs/ HTTP/1.0" 307
2025-12-20 01:54:21 - uvicorn.access - INFO - 172.22.0.6:34084 - "GET /docs/ HTTP/1.0" 307
2025-12-20 01:54:22 - uvicorn.access - INFO - 172.22.0.6:34098 - "GET /docs/ HTTP/1.0" 307
2025-12-20 01:54:22 - uvicorn.access - INFO - 172.22.0.6:34102 - "GET /docs/ HTTP/1.0" 307
2025-12-20 01:54:22 - uvicorn.access - INFO - 172.22.0.6:34118 - "GET /docs/ HTTP/1.0" 307
2025-12-20 01:54:22 - uvicorn.access - INFO - 172.22.0.6:34122 - "GET /docs/ HTTP/1.0" 307
2025-12-20 01:54:22 - uvicorn.access - INFO - 172.22.0.6:34128 - "GET /docs/ HTTP/1.0" 307
2025-12-20 01:54:22 - uvicorn.access - INFO - 172.22.0.6:34132 - "GET /docs/ HTTP/1.0" 307
2025-12-20 01:54:22 - uvicorn.access - INFO - 172.22.0.6:34146 - "GET /docs/ HTTP/1.0" 307
2025-12-20 01:54:22 - uvicorn.access - INFO - 172.22.0.6:34152 - "GET /docs/ HTTP/1.0" 307
2025-12-20 01:54:22 - uvicorn.access - INFO - 172.22.0.6:34166 - "GET /docs/ HTTP/1.0" 307
2025-12-20 01:54:22 - uvicorn.access - INFO - 172.22.0.6:34180 - "GET /docs/ HTTP/1.0" 307
2025-12-20 01:54:26 - uvicorn.access - INFO - 172.22.0.6:55670 - "GET /docs/ HTTP/1.0" 307
2025-12-20 01:54:26 - uvicorn.access - INFO - 172.22.0.6:55684 - "GET /docs/ HTTP/1.0" 307
2025-12-20 01:54:26 - uvicorn.access - INFO - 172.22.0.6:55696 - "GET /docs/ HTTP/1.0" 307
2025-12-20 01:54:26 - uvicorn.access - INFO - 172.22.0.6:55710 - "GET /docs/ HTTP/1.0" 307
2025-12-20 01:54:26 - uvicorn.access - INFO - 172.22.0.6:55722 - "GET /docs/ HTTP/1.0" 307
2025-12-20 01:54:26 - uvicorn.access - INFO - 172.22.0.6:55728 - "GET /docs/ HTTP/1.0" 307
2025-12-20 01:54:26 - uvicorn.access - INFO - 172.22.0.6:55736 - "GET /docs/ HTTP/1.0" 307
2025-12-20 01:54:26 - uvicorn.access - INFO - 172.22.0.6:55752 - "GET /docs/ HTTP/1.0" 307
2025-12-20 01:54:26 - uvicorn.access - INFO - 172.22.0.6:55754 - "GET /docs/ HTTP/1.0" 307
2025-12-20 01:54:26 - uvicorn.access - INFO - 172.22.0.6:55762 - "GET /docs/ HTTP/1.0" 307
2025-12-20 01:54:31 - uvicorn.access - INFO - 172.22.0.6:55772 - "GET /docs/ HTTP/1.0" 307
2025-12-20 01:54:32 - uvicorn.access - INFO - 172.22.0.6:55782 - "GET /docs/ HTTP/1.0" 307
2025-12-20 01:54:32 - uvicorn.access - INFO - 172.22.0.6:55796 - "GET /docs/ HTTP/1.0" 307
2025-12-20 01:54:32 - uvicorn.access - INFO - 172.22.0.6:55810 - "GET /docs/ HTTP/1.0" 307
2025-12-20 01:54:32 - uvicorn.access - INFO - 172.22.0.6:55822 - "GET /docs/ HTTP/1.0" 307
2025-12-20 01:54:32 - uvicorn.access - INFO - 172.22.0.6:55828 - "GET /docs/ HTTP/1.0" 307
2025-12-20 01:54:32 - uvicorn.access - INFO - 172.22.0.6:55832 - "GET /docs/ HTTP/1.0" 307
2025-12-20 01:54:32 - uvicorn.access - INFO - 172.22.0.6:55840 - "GET /docs/ HTTP/1.0" 307
2025-12-20 01:54:32 - uvicorn.access - INFO - 172.22.0.6:55844 - "GET /docs/ HTTP/1.0" 307
2025-12-20 01:54:32 - uvicorn.access - INFO - 172.22.0.6:55848 - "GET /docs/ HTTP/1.0" 307
2025-12-20 01:55:02 - uvicorn.access - INFO - 172.22.0.6:44280 - "GET /docs/ HTTP/1.0" 307
2025-12-20 01:55:02 - uvicorn.access - INFO - 172.22.0.6:44284 - "GET /docs/ HTTP/1.0" 307
2025-12-20 01:55:02 - uvicorn.access - INFO - 172.22.0.6:44298 - "GET /docs/ HTTP/1.0" 307
2025-12-20 01:55:02 - uvicorn.access - INFO - 172.22.0.6:44300 - "GET /docs/ HTTP/1.0" 307
2025-12-20 01:55:02 - uvicorn.access - INFO - 172.22.0.6:44314 - "GET /docs/ HTTP/1.0" 307
2025-12-20 01:55:02 - uvicorn.access - INFO - 172.22.0.6:44318 - "GET /docs/ HTTP/1.0" 307
2025-12-20 01:55:02 - uvicorn.access - INFO - 172.22.0.6:44332 - "GET /docs/ HTTP/1.0" 307
2025-12-20 01:55:02 - uvicorn.access - INFO - 172.22.0.6:44336 - "GET /docs/ HTTP/1.0" 307
2025-12-20 01:55:02 - uvicorn.access - INFO - 172.22.0.6:44350 - "GET /docs/ HTTP/1.0" 307
2025-12-20 01:55:02 - uvicorn.access - INFO - 172.22.0.6:44352 - "GET /docs/ HTTP/1.0" 307
2025-12-20 01:56:02 - uvicorn.access - INFO - 172.22.0.6:40604 - "GET /docs/ HTTP/1.0" 307
2025-12-20 01:56:02 - uvicorn.access - INFO - 172.22.0.6:40612 - "GET /docs/ HTTP/1.0" 307
2025-12-20 01:56:03 - uvicorn.access - INFO - 172.22.0.6:43822 - "GET /docs/ HTTP/1.0" 307
2025-12-20 01:56:03 - uvicorn.access - INFO - 172.22.0.6:43834 - "GET /docs/ HTTP/1.0" 307
2025-12-20 01:56:03 - uvicorn.access - INFO - 172.22.0.6:43842 - "GET /docs/ HTTP/1.0" 307
2025-12-20 01:56:03 - uvicorn.access - INFO - 172.22.0.6:43848 - "GET /docs/ HTTP/1.0" 307
2025-12-20 01:56:03 - uvicorn.access - INFO - 172.22.0.6:43854 - "GET /docs/ HTTP/1.0" 307
2025-12-20 01:56:03 - uvicorn.access - INFO - 172.22.0.6:43864 - "GET /docs/ HTTP/1.0" 307
2025-12-20 01:56:03 - uvicorn.access - INFO - 172.22.0.6:43868 - "GET /docs/ HTTP/1.0" 307
2025-12-20 01:56:03 - uvicorn.access - INFO - 172.22.0.6:43878 - "GET /docs/ HTTP/1.0" 307
2025-12-20 01:57:17 - uvicorn.error - INFO - Shutting down
2025-12-20 01:57:17 - uvicorn.error - INFO - Waiting for application shutdown.
2025-12-20 01:57:17 - uvicorn.error - INFO - Application shutdown complete.
2025-12-20 01:57:17 - uvicorn.error - INFO - Finished server process [1]
2025-12-20 01:58:25 - root - INFO - Logging configuration loaded successfully
2025-12-20 01:58:25 - uvicorn.error - INFO - Started server process [1]
2025-12-20 01:58:25 - uvicorn.error - INFO - Waiting for application startup.
2025-12-20 01:58:25 - uvicorn.error - INFO - Application startup complete.
2025-12-20 01:58:25 - uvicorn.error - INFO - Uvicorn running on http://0.0.0.0:8000 (Press CTRL+C to quit)
2025-12-20 01:58:26 - uvicorn.access - INFO - 172.22.0.6:52562 - "GET /api/v1/docs HTTP/1.0" 200
2025-12-20 01:58:27 - uvicorn.access - INFO - 172.22.0.6:52566 - "GET /api/v1/openapi.json HTTP/1.0" 200
2025-12-20 02:00:12 - uvicorn.access - INFO - 172.22.0.6:47210 - "GET /api/v1/adverts/ HTTP/1.0" 404
2025-12-20 02:00:14 - uvicorn.access - INFO - 172.22.0.6:52914 - "GET /api/v1/adverts/ HTTP/1.0" 404
2025-12-20 02:00:24 - uvicorn.access - INFO - 172.22.0.6:57454 - "GET /api/v1/api/v1/adverts/ HTTP/1.0" 200
2025-12-20 02:03:19 - uvicorn.error - INFO - Shutting down
2025-12-20 02:03:19 - uvicorn.error - INFO - Waiting for application shutdown.
2025-12-20 02:03:19 - uvicorn.error - INFO - Application shutdown complete.
2025-12-20 02:03:19 - uvicorn.error - INFO - Finished server process [1]
2025-12-20 02:04:18 - root - INFO - Logging configuration loaded successfully
2025-12-20 02:04:18 - uvicorn.error - INFO - Started server process [1]
2025-12-20 02:04:18 - uvicorn.error - INFO - Waiting for application startup.
2025-12-20 02:04:18 - uvicorn.error - INFO - Application startup complete.
2025-12-20 02:04:18 - uvicorn.error - INFO - Uvicorn running on http://0.0.0.0:8000 (Press CTRL+C to quit)
2025-12-20 02:04:19 - uvicorn.access - INFO - 172.22.0.6:49706 - "GET /docs HTTP/1.0" 200
2025-12-20 02:04:20 - uvicorn.access - INFO - 172.22.0.6:49710 - "GET /openapi.json HTTP/1.0" 200
2025-12-20 02:04:27 - uvicorn.access - INFO - 172.22.0.6:39574 - "GET /adverts/ HTTP/1.0" 404
2025-12-20 02:04:29 - uvicorn.access - INFO - 172.22.0.6:39580 - "GET /adverts/ HTTP/1.0" 404
2025-12-20 02:04:39 - uvicorn.access - INFO - 172.22.0.6:59910 - "GET /api/v1/adverts/ HTTP/1.0" 404
2025-12-20 02:04:44 - uvicorn.access - INFO - 172.22.0.6:55750 - "GET /api/v1/adverts/ HTTP/1.0" 404
2025-12-20 02:04:44 - uvicorn.access - INFO - 172.22.0.6:55758 - "GET /api/v1/adverts/ HTTP/1.0" 404
2025-12-20 02:04:49 - uvicorn.access - INFO - 172.22.0.6:55774 - "GET /adverts/ HTTP/1.0" 404
2025-12-20 02:04:52 - uvicorn.access - INFO - 172.22.0.6:55790 - "GET /docs HTTP/1.0" 200
2025-12-20 02:04:52 - uvicorn.access - INFO - 172.22.0.6:55796 - "GET /openapi.json HTTP/1.0" 200
2025-12-20 02:09:38 - uvicorn.access - INFO - 172.22.0.6:42422 - "GET /adverts/ HTTP/1.0" 404
2025-12-20 02:09:41 - uvicorn.access - INFO - 172.22.0.6:42432 - "GET /adverts/ HTTP/1.0" 404
2025-12-20 02:10:45 - uvicorn.error - INFO - Shutting down
2025-12-20 02:10:45 - uvicorn.error - INFO - Waiting for application shutdown.
2025-12-20 02:10:45 - uvicorn.error - INFO - Application shutdown complete.
2025-12-20 02:10:45 - uvicorn.error - INFO - Finished server process [1]
2025-12-20 02:11:40 - root - INFO - Logging configuration loaded successfully
2025-12-20 02:11:40 - uvicorn.error - INFO - Started server process [1]
2025-12-20 02:11:40 - uvicorn.error - INFO - Waiting for application startup.
2025-12-20 02:11:40 - uvicorn.error - INFO - Application startup complete.
2025-12-20 02:11:40 - uvicorn.error - INFO - Uvicorn running on http://0.0.0.0:8000 (Press CTRL+C to quit)
2025-12-20 02:11:46 - uvicorn.access - INFO - 172.22.0.6:36632 - "GET /api/v1/adverts/ HTTP/1.0" 404
2025-12-20 02:11:48 - uvicorn.access - INFO - 172.22.0.6:36640 - "GET /api/v1/adverts/ HTTP/1.0" 404
2025-12-20 02:12:01 - uvicorn.access - INFO - 172.22.0.6:51968 - "GET /api/v1/docs/ HTTP/1.0" 307
2025-12-20 02:12:01 - uvicorn.access - INFO - 172.22.0.6:51982 - "GET /api/v1/docs HTTP/1.0" 200
2025-12-20 02:12:02 - uvicorn.access - INFO - 172.22.0.6:51988 - "GET /api/v1/openapi.json HTTP/1.0" 200
2025-12-20 02:12:17 - uvicorn.access - INFO - 172.22.0.6:49316 - "GET /api/v1/adverts/ HTTP/1.0" 404
2025-12-20 02:12:21 - uvicorn.access - INFO - 172.22.0.6:49320 - "GET /api/v1/api/v1/adverts/ HTTP/1.0" 200
2025-12-20 02:14:43 - uvicorn.error - INFO - Shutting down
2025-12-20 02:14:43 - uvicorn.error - INFO - Waiting for application shutdown.
2025-12-20 02:14:43 - uvicorn.error - INFO - Application shutdown complete.
2025-12-20 02:14:43 - uvicorn.error - INFO - Finished server process [1]
2025-12-20 02:15:53 - root - INFO - Logging configuration loaded successfully
2025-12-20 02:15:53 - uvicorn.error - INFO - Started server process [1]
2025-12-20 02:15:53 - uvicorn.error - INFO - Waiting for application startup.
2025-12-20 02:15:53 - uvicorn.error - INFO - Application startup complete.
2025-12-20 02:15:53 - uvicorn.error - INFO - Uvicorn running on http://0.0.0.0:8000 (Press CTRL+C to quit)
2025-12-20 02:16:02 - uvicorn.access - INFO - 172.22.0.6:52122 - "GET /api/v1/api/v1/adverts/ HTTP/1.0" 200
2025-12-20 02:16:19 - uvicorn.access - INFO - 172.22.0.6:40472 - "GET /api/v1//api/v1/docs/ HTTP/1.0" 404
2025-12-20 02:16:23 - uvicorn.access - INFO - 172.22.0.6:54612 - "GET /api/v1//api/v1/docs/ HTTP/1.0" 404
2025-12-20 02:20:30 - uvicorn.access - INFO - 172.22.0.6:45850 - "GET /api/v1//api/v1/docs/ HTTP/1.0" 404
2025-12-20 02:21:07 - uvicorn.access - INFO - 172.22.0.6:40646 - "GET /api/v1//api/v1/docs/ HTTP/1.0" 404
2025-12-20 02:21:36 - uvicorn.error - INFO - Shutting down
2025-12-20 02:21:36 - uvicorn.error - INFO - Waiting for application shutdown.
2025-12-20 02:21:36 - uvicorn.error - INFO - Application shutdown complete.
2025-12-20 02:21:36 - uvicorn.error - INFO - Finished server process [1]
2025-12-20 02:22:32 - root - INFO - Logging configuration loaded successfully
2025-12-20 02:22:32 - uvicorn.error - INFO - Started server process [1]
2025-12-20 02:22:32 - uvicorn.error - INFO - Waiting for application startup.
2025-12-20 02:22:32 - uvicorn.error - INFO - Application startup complete.
2025-12-20 02:22:32 - uvicorn.error - INFO - Uvicorn running on http://0.0.0.0:8000 (Press CTRL+C to quit)
2025-12-20 02:22:45 - uvicorn.access - INFO - 172.22.0.6:55102 - "GET /api/v1//api/v1/docs/ HTTP/1.0" 404
2025-12-20 02:22:47 - uvicorn.access - INFO - 172.22.0.6:55110 - "GET /api/v1//api/v1/docs/ HTTP/1.0" 404
2025-12-20 02:22:56 - uvicorn.access - INFO - 172.22.0.6:58298 - "GET /api/v1/pi/v1/docs/ HTTP/1.0" 404
2025-12-20 02:23:02 - uvicorn.access - INFO - 172.22.0.6:58304 - "GET /api/v1/pi/v1/docs/ HTTP/1.0" 404
2025-12-20 02:23:11 - uvicorn.access - INFO - 172.22.0.6:44516 - "GET /api/v1/api/v1/docs/ HTTP/1.0" 404
2025-12-20 02:25:53 - uvicorn.access - INFO - 172.22.0.6:56272 - "GET /api/v1/api/v1/adverts/ HTTP/1.0" 404
2025-12-20 02:25:54 - uvicorn.access - INFO - 172.22.0.6:56278 - "GET /api/v1/api/v1/adverts/ HTTP/1.0" 404
2025-12-20 02:26:05 - uvicorn.access - INFO - 172.22.0.6:50552 - "GET /api/v1/adverts/ HTTP/1.0" 200
2025-12-20 02:26:25 - uvicorn.access - INFO - 172.22.0.6:46718 - "GET /api/v1//api/v1/docs HTTP/1.0" 404
2025-12-20 02:26:26 - uvicorn.access - INFO - 172.22.0.6:46728 - "GET /api/v1//api/v1/docs/ HTTP/1.0" 404
2025-12-20 02:26:26 - uvicorn.access - INFO - 172.22.0.6:46732 - "GET /api/v1//api/v1/docs/ HTTP/1.0" 404
2025-12-20 02:27:29 - uvicorn.access - INFO - 172.22.0.6:42070 - "GET /api/v1/api/v1/docs/ HTTP/1.0" 404
2025-12-20 02:27:38 - uvicorn.access - INFO - 172.22.0.6:33466 - "GET /api/v1//api/v1/docs/ HTTP/1.0" 404
2025-12-20 02:30:52 - uvicorn.error - INFO - Shutting down
2025-12-20 02:30:52 - uvicorn.error - INFO - Waiting for application shutdown.
2025-12-20 02:30:52 - uvicorn.error - INFO - Application shutdown complete.
2025-12-20 02:30:52 - uvicorn.error - INFO - Finished server process [1]
2025-12-20 02:32:26 - root - INFO - Logging configuration loaded successfully
2025-12-20 02:32:26 - uvicorn.error - INFO - Started server process [1]
2025-12-20 02:32:26 - uvicorn.error - INFO - Waiting for application startup.
2025-12-20 02:32:26 - uvicorn.error - INFO - Application startup complete.
2025-12-20 02:32:26 - uvicorn.error - INFO - Uvicorn running on http://0.0.0.0:8000 (Press CTRL+C to quit)
2025-12-20 02:32:27 - uvicorn.access - INFO - 172.22.0.6:37034 - "GET /api/v1/docs/ HTTP/1.0" 307
2025-12-20 02:32:27 - uvicorn.access - INFO - 172.22.0.6:37036 - "GET /api/v1/docs HTTP/1.0" 200
2025-12-20 02:32:28 - uvicorn.access - INFO - 172.22.0.6:37050 - "GET /api/v1/docs HTTP/1.0" 200
2025-12-20 02:32:29 - uvicorn.access - INFO - 172.22.0.6:37060 - "GET /openapi.json HTTP/1.0" 200
2025-12-20 02:32:29 - uvicorn.access - INFO - 172.22.0.6:37066 - "GET /api/v1/docs HTTP/1.0" 200
2025-12-20 02:32:30 - uvicorn.access - INFO - 172.22.0.6:37076 - "GET /openapi.json HTTP/1.0" 200
2025-12-20 02:32:42 - uvicorn.access - INFO - 172.22.0.6:57980 - "GET /adverts/ HTTP/1.0" 404
2025-12-20 02:32:51 - uvicorn.access - INFO - 172.22.0.6:35562 - "GET /adverts HTTP/1.0" 404
2025-12-20 02:33:00 - uvicorn.access - INFO - 172.22.0.6:52130 - "GET /adverts HTTP/1.0" 404
2025-12-20 02:33:12 - uvicorn.access - INFO - 172.22.0.6:48970 - "GET /api/v1/adverts HTTP/1.0" 404
2025-12-20 02:33:20 - uvicorn.access - INFO - 172.22.0.6:35872 - "GET /api/v1/adverts HTTP/1.0" 404
2025-12-20 02:35:10 - uvicorn.error - INFO - Shutting down
2025-12-20 02:35:10 - uvicorn.error - INFO - Waiting for application shutdown.
2025-12-20 02:35:10 - uvicorn.error - INFO - Application shutdown complete.
2025-12-20 02:35:10 - uvicorn.error - INFO - Finished server process [1]
2025-12-20 02:36:18 - root - INFO - Logging configuration loaded successfully
2025-12-20 02:36:18 - uvicorn.error - INFO - Started server process [1]
2025-12-20 02:36:18 - uvicorn.error - INFO - Waiting for application startup.
2025-12-20 02:36:18 - uvicorn.error - INFO - Application startup complete.
2025-12-20 02:36:18 - uvicorn.error - INFO - Uvicorn running on http://0.0.0.0:8000 (Press CTRL+C to quit)
2025-12-20 02:36:19 - uvicorn.access - INFO - 172.22.0.6:58326 - "GET /api/v1/adverts HTTP/1.0" 307
2025-12-20 02:36:20 - uvicorn.access - INFO - 172.22.0.6:58342 - "GET /api/v1/adverts HTTP/1.0" 307
2025-12-20 02:36:22 - uvicorn.access - INFO - 172.22.0.6:58368 - "GET /api/v1/adverts HTTP/1.0" 307
2025-12-20 02:36:24 - uvicorn.access - INFO - 172.22.0.6:35248 - "GET /api/v1/adverts HTTP/1.0" 307
2025-12-20 02:36:25 - uvicorn.access - INFO - 172.22.0.6:35266 - "GET /api/v1/adverts HTTP/1.0" 307
2025-12-20 02:36:26 - uvicorn.access - INFO - 172.22.0.6:35290 - "GET /api/v1/adverts HTTP/1.0" 307
2025-12-20 02:36:27 - uvicorn.access - INFO - 172.22.0.6:35304 - "GET /api/v1/adverts HTTP/1.0" 307
2025-12-20 02:36:55 - uvicorn.access - INFO - 172.22.0.6:42308 - "GET /api/v1/adverts HTTP/1.0" 307
2025-12-20 02:36:57 - uvicorn.access - INFO - 172.22.0.6:42322 - "GET /adverts/ HTTP/1.0" 200
2025-12-20 02:37:14 - uvicorn.access - INFO - 172.22.0.6:57702 - "GET /api/v1/docs/ HTTP/1.0" 307
2025-12-20 02:37:14 - uvicorn.access - INFO - 172.22.0.6:57714 - "GET /api/v1/docs HTTP/1.0" 200
2025-12-20 02:37:14 - uvicorn.access - INFO - 172.22.0.6:57720 - "GET /openapi.json HTTP/1.0" 200
2025-12-20 02:51:20 - uvicorn.access - INFO - 172.22.0.1:44730 - "GET /api/v1/adverts/ HTTP/1.1" 200
2025-12-20 02:51:21 - uvicorn.access - INFO - 172.22.0.1:44744 - "GET /api/v1/adverts/ HTTP/1.1" 200
2025-12-20 02:56:44 - uvicorn.access - INFO - 172.22.0.1:40654 - "GET /api/v1/adverts/ HTTP/1.1" 200
2025-12-20 02:56:54 - uvicorn.access - INFO - 172.22.0.1:45462 - "GET /api/v1/adverts/f86d8523-298e-4462-b9d9-2691893745ce HTTP/1.1" 200
2025-12-20 02:56:54 - uvicorn.access - INFO - 172.22.0.1:45468 - "GET /api/v1/adverts/f86d8523-298e-4462-b9d9-2691893745ce HTTP/1.1" 200
2025-12-20 02:56:58 - uvicorn.access - INFO - 172.22.0.1:45476 - "GET /api/v1/adverts/ HTTP/1.1" 200
2025-12-20 02:56:59 - uvicorn.access - INFO - 172.22.0.1:45492 - "GET /api/v1/adverts/ HTTP/1.1" 200
2025-12-20 02:57:22 - uvicorn.access - INFO - 172.22.0.1:49210 - "GET /api/v1/adverts/ HTTP/1.1" 200
2025-12-20 02:57:31 - uvicorn.access - INFO - 172.22.0.1:53648 - "GET /api/v1/adverts/ HTTP/1.1" 200
2025-12-20 02:57:36 - uvicorn.access - INFO - 172.22.0.1:51886 - "GET /api/v1/adverts/ HTTP/1.1" 200
2025-12-20 03:12:24 - uvicorn.access - INFO - 172.22.0.1:33050 - "GET /api/v1/adverts/ HTTP/1.1" 200
2025-12-20 03:12:24 - uvicorn.access - INFO - 172.22.0.1:49810 - "GET /api/v1/adverts/ HTTP/1.1" 200
2025-12-20 03:17:27 - uvicorn.access - INFO - 172.22.0.1:50150 - "GET /api/v1/adverts/ HTTP/1.1" 200
2025-12-20 03:17:28 - uvicorn.access - INFO - 172.22.0.1:50164 - "GET /api/v1/adverts/ HTTP/1.1" 200
2025-12-20 03:17:50 - uvicorn.access - INFO - 172.22.0.1:36260 - "GET /api/v1/adverts/ HTTP/1.1" 200
2025-12-20 03:17:50 - uvicorn.access - INFO - 172.22.0.1:36266 - "GET /api/v1/adverts/ HTTP/1.1" 200
2025-12-20 03:19:22 - uvicorn.access - INFO - 172.22.0.1:37460 - "GET /api/v1/adverts/ HTTP/1.1" 200
2025-12-20 03:19:22 - uvicorn.access - INFO - 172.22.0.1:37466 - "GET /api/v1/adverts/ HTTP/1.1" 200
2025-12-20 03:19:54 - uvicorn.access - INFO - 172.22.0.6:37170 - "GET /api/v1/docs HTTP/1.0" 200
2025-12-20 03:19:54 - uvicorn.access - INFO - 172.22.0.6:37176 - "GET /openapi.json HTTP/1.0" 200
2025-12-20 03:20:00 - uvicorn.access - INFO - 172.22.0.6:37180 - "GET /api/v0_1/ HTTP/1.0" 404
2025-12-20 03:27:18 - uvicorn.error - INFO - Shutting down
2025-12-20 03:27:18 - uvicorn.error - INFO - Waiting for application shutdown.
2025-12-20 03:27:18 - uvicorn.error - INFO - Application shutdown complete.
2025-12-20 03:27:18 - uvicorn.error - INFO - Finished server process [1]
2025-12-20 08:31:23 - root - INFO - Logging configuration loaded successfully
2025-12-20 08:31:23 - uvicorn.error - INFO - Started server process [1]
2025-12-20 08:31:23 - uvicorn.error - INFO - Waiting for application startup.
2025-12-20 08:31:23 - uvicorn.error - INFO - Application startup complete.
2025-12-20 08:31:23 - uvicorn.error - INFO - Uvicorn running on http://0.0.0.0:8000 (Press CTRL+C to quit)
2025-12-20 08:31:25 - uvicorn.access - INFO - 172.22.0.6:36144 - "GET /api/v0_1/ HTTP/1.0" 404
2025-12-20 08:33:44 - uvicorn.error - INFO - Shutting down
2025-12-20 08:33:44 - uvicorn.error - INFO - Waiting for application shutdown.
2025-12-20 08:33:44 - uvicorn.error - INFO - Application shutdown complete.
2025-12-20 08:33:44 - uvicorn.error - INFO - Finished server process [1]
2025-12-20 08:37:30 - root - INFO - Logging configuration loaded successfully
2025-12-20 08:37:30 - uvicorn.error - INFO - Started server process [1]
2025-12-20 08:37:30 - uvicorn.error - INFO - Waiting for application startup.
2025-12-20 08:37:30 - uvicorn.error - INFO - Application startup complete.
2025-12-20 08:37:30 - uvicorn.error - INFO - Uvicorn running on http://0.0.0.0:8000 (Press CTRL+C to quit)
2025-12-20 08:37:31 - uvicorn.access - INFO - 172.22.0.6:49926 - "GET /api/v1/docs HTTP/1.0" 200
2025-12-20 08:37:32 - uvicorn.access - INFO - 172.22.0.6:54370 - "GET /openapi.json HTTP/1.0" 200
2025-12-20 08:38:13 - uvicorn.error - INFO - Shutting down
2025-12-20 08:38:13 - uvicorn.error - INFO - Waiting for application shutdown.
2025-12-20 08:38:13 - uvicorn.error - INFO - Application shutdown complete.
2025-12-20 08:38:13 - uvicorn.error - INFO - Finished server process [1]
2025-12-20 08:39:42 - root - INFO - Logging configuration loaded successfully
2025-12-20 08:39:42 - uvicorn.error - INFO - Started server process [1]
2025-12-20 08:39:42 - uvicorn.error - INFO - Waiting for application startup.
2025-12-20 08:39:42 - uvicorn.error - INFO - Application startup complete.
2025-12-20 08:39:42 - uvicorn.error - INFO - Uvicorn running on http://0.0.0.0:8000 (Press CTRL+C to quit)
2025-12-20 08:41:53 - uvicorn.error - INFO - Shutting down
2025-12-20 08:41:53 - uvicorn.error - INFO - Waiting for application shutdown.
2025-12-20 08:41:53 - uvicorn.error - INFO - Application shutdown complete.
2025-12-20 08:41:53 - uvicorn.error - INFO - Finished server process [1]
2025-12-20 08:46:29 - root - INFO - Logging configuration loaded successfully
2025-12-20 08:46:29 - uvicorn.error - INFO - Started server process [1]
2025-12-20 08:46:29 - uvicorn.error - INFO - Waiting for application startup.
2025-12-20 08:46:29 - uvicorn.error - INFO - Application startup complete.
2025-12-20 08:46:29 - uvicorn.error - INFO - Uvicorn running on http://0.0.0.0:8000 (Press CTRL+C to quit)
2025-12-20 08:46:41 - uvicorn.access - INFO - 172.22.0.6:52098 - "GET /api/v1/docs HTTP/1.0" 200
2025-12-20 08:46:41 - uvicorn.access - INFO - 172.22.0.6:52104 - "GET /openapi.json HTTP/1.0" 200
2025-12-20 09:10:19 - uvicorn.access - INFO - 172.22.0.1:46318 - "GET /api/v1/adverts/ HTTP/1.1" 200
2025-12-20 09:10:20 - uvicorn.access - INFO - 172.22.0.1:46320 - "GET /api/v1/adverts/ HTTP/1.1" 200
2025-12-20 09:13:42 - uvicorn.access - INFO - 172.22.0.1:53252 - "GET /api/v1/adverts/ HTTP/1.1" 200
2025-12-20 09:13:43 - uvicorn.access - INFO - 172.22.0.1:53268 - "GET /api/v1/adverts/ HTTP/1.1" 200
2025-12-20 09:39:00 - uvicorn.access - INFO - 172.22.0.6:33300 - "GET /adverts HTTP/1.0" 307
2025-12-20 10:08:05 - uvicorn.access - INFO - 172.22.0.1:35416 - "POST /api/v1/users/login HTTP/1.1" 404
2025-12-20 10:08:12 - uvicorn.access - INFO - 172.22.0.1:35422 - "POST /api/v1/users/login HTTP/1.1" 404
2025-12-20 10:09:23 - uvicorn.access - INFO - 172.22.0.1:33250 - "GET /api/v1/adverts/ HTTP/1.1" 200
2025-12-20 10:09:25 - uvicorn.access - INFO - 172.22.0.1:33264 - "GET /api/v1/adverts/ HTTP/1.1" 200
2025-12-20 10:12:43 - uvicorn.access - INFO - 172.22.0.6:35038 - "GET /api/v1/docs HTTP/1.0" 200
2025-12-20 10:12:44 - uvicorn.access - INFO - 172.22.0.6:35046 - "GET /openapi.json HTTP/1.0" 200
2025-12-20 10:12:54 - uvicorn.access - INFO - 172.22.0.6:49444 - "GET /api/v0_1/main/ HTTP/1.0" 200
2025-12-20 10:13:23 - uvicorn.access - INFO - 172.22.0.6:53652 - "GET /adverts/ HTTP/1.0" 200
2025-12-21 17:40:09 - uvicorn.error - INFO - Shutting down
2025-12-21 17:40:09 - uvicorn.error - INFO - Waiting for application shutdown.
2025-12-21 17:40:09 - uvicorn.error - INFO - Application shutdown complete.
2025-12-21 17:40:09 - uvicorn.error - INFO - Finished server process [1]
